name,pack,chunk
!mU$ and  Aderrasi - Aimless (Spirogravity Mix)---,presets-extra,0
!mU$-- Zylot - DISCO INFERNO (un-solid floor),presets-extra,0
!mu$  + Rovastar - Twilight Tunnel (Warped Desire Mix)-,presets-extra,0
!mu$  and  Rovastar - The Shroomery (syllaciban cerbremium),presets-extra,0
!mu$  and T-miles - halflife3 (Pbag UPdatE),presets-extra,0
!mu$ + PieturP - PacMad (introducing non-educated small monster),presets-extra,0
"!mu$ , PieturP and Zylot - PacMad (blue Ghosties reMix)",presets-extra,0
!mu$ - Rovastar - Harlequin's Fluid Wallpaper 3,presets-extra,0
!mu$ - Zylot - DISCO INFERNO (powerball),presets-extra,0
!mu$ - and  Rovastar - The Shroomery (psilobellum),presets-extra,0
!mu$ -and Fvese - Tripping [legally insane mix],presets-extra,0
!mu$- mstress - Acoustic nerve impulses (under drug effetcs),presets-extra,0
!mu$- mstress - Acoustic nerve impulses (under drug effetcs)2,presets-extra,0
"!muS, PieturP and Zylot - PacMad (blue Ghosties reMix)",presets-extra,0
$$$ Royal - Mashup (177),butterchurnPresetsExtra,
$$$ Royal - Mashup (197),butterchurnPresets,
$$$ Royal - Mashup (220),butterchurnPresets,
$$$ Royal - Mashup (253),butterchurnPresetsExtra2,
$$$ Royal - Mashup (273),butterchurnPresetsExtra,
$$$ Royal - Mashup (307),butterchurnPresetsExtra,
$$$ Royal - Mashup (326),butterchurnPresetsExtra,
$$$ Royal - Mashup (337),butterchurnPresetsExtra2,
$$$ Royal - Mashup (431),butterchurnPresets,
$$$ Royal - Mashup (441),butterchurnPresetsExtra,
(Ishan)-anuera,presets-extra,0
(Ishan)-churningyourfate,presets-extra,0
(Ishan)-devilsdisconight,presets-extra,0
(Ishan)-devilsdisconight(invertedelec,presets-extra,0
(Ishan)-lifeinthedrains,presets-extra,0
(Ishan)-lifeinthedrains(pepparicarmx),presets-extra,0
(Ishan)-radicalizingmybraincells,presets-extra,0
(Ishan)-soulamplifier,presets-extra,0
(Ishan)-soulamplifier(unrealremix),presets-extra,0
---Ar()mo---spiritofeast,presets-extra,0
---Ar()mo---spiritofeastv2,presets-extra,0
---Ar()mo---triptothestreet,presets-extra,0
---ar()mo-- - Spirit Of East,presets-extra,0
---ar()mo-- - Spirit of East v2,presets-extra,0
---ar()mo-- - Trip To The Street,presets-extra,0
---ar()mo---Spirit_of_East,presets-extra,0
---ar()mo---trip to the street,presets-extra,0
--_iMuS - Rovastar - Harlequin's Fluid Wallpaper 3,presets-extra,0
000 Stahlregen &  fiShbRaiN + Optics - Raw Mash Up,presets-extra,0
000 Stahlregen & Aderrasi + XXL + Zylot - Raw Mash Up,presets-extra,0
000 Stahlregen & Bmelgrem + Chemlock + PieturP - Raw Mash Up,presets-extra,0
000 Stahlregen & Boz + Eo.S + Phat + Rovastar + Zylot - Raw Mash Up,presets-extra,0
000 Stahlregen & Eo.S + Krash + PieturP + Zylot - Raw Mash Up,presets-extra,0
000 Stahlregen & Eo.S + Phat + Pithlit + Unchained - Raw Mash Up,presets-extra,0
000 Stahlregen & Eo.S + Phat + Rovastar + Unchained - Raw Mash Up,presets-extra,0
000 Stahlregen & Hampton GER + Unchained + Zylot - Raw Mash Up,presets-extra,0
000 Stahlregen & Idiot24-7 + Illusion + Unchained - Raw Mash Up,presets-extra,0
000 Stahlregen & Phat + StudioMusic + Rovastar - Raw Mash Up,presets-extra,0
00000000000000malalol + al Telek - Matrix cubetraced demon  BDRV et  AL  rmx31 wow33final,presets-extra,0
000000000bdrv + al Eo.S._Phat + shifter + malalol - aguada snowy days of summer2 ,presets-extra,0
00000bdrv + al Eo.S._Phat + shifter + malalol - aguada snowy days of summer,presets-extra,0
00000bdrv + al Eo.S._Phat + shifter- aguada snowy days,presets-extra,0
00000teste,presets-extra,0
0000shifter+fishbrain+malalol - spills betelguesiest blender on fire + krash beatdetect,presets-extra,0
0000shifter+fishbrain+malalol - spills betelguesiest blender on fire + krash beatdetect OMG,presets-extra,0
0000shifter+fishbrain+malalol - spills betelguesiest blender on fire + krash beatdetect OMG2,presets-extra,0
00malalol_eos_phat_aderrasi_redijedi-technicolor curse of the damned one,presets-extra,0
00malalol_eos_phat_aderrasi_redijedi-technicolor curse of the damned one weepeeeeeeeee,presets-extra,0
01111111malalol+bdrv+al Aderrasi+Krash - Framed Brilliance of Consuming,presets-extra,0
02,presets-extra,0
04,presets-extra,0
05,presets-extra,0
07,presets-extra,0
0malalol+fishbrain+bdrv+al Aderrasi - Oraclebdrv et.AL  witchcraftRmx8000,presets-extra,0
1,presets-extra,0
106,presets-extra,0
107,presets-extra,0
108,presets-extra,0
11,butterchurnPresetsExtra2,
111malalol+bdrv + al Krash & Yin + Phat - Electric Universe of the continuum belt v2,presets-extra,0
111malalol+bdrv + al Krash & Yin + Phat - Electric Universe of the continuum belt v3,presets-extra,0
111malalol+bdrv + al krash & yin + phat - electric universe of the continuum belt v3_crazynessmix_4b,presets-extra,0
130,presets-extra,0
131,presets-extra,0
132,presets-extra,0
133,presets-extra,0
134,presets-extra,0
135,presets-extra,0
136,presets-extra,0
137,presets-extra,0
145,presets-extra,0
158,butterchurnPresetsExtra2,
180,presets-extra,0
2,presets-extra,0
27_super_goats-orbus_maximus trial,presets-extra,0
3,presets-extra,0
3.5amphetamines,presets-extra,0
303,presets-extra,0
305,presets-extra,0
306,presets-extra,0
332,presets-extra,0
333,presets-extra,0
388,presets-extra,0
389,presets-extra,0
3D - breathing,presets-extra,0
3D - convex,presets-extra,0
3D - cosmic dust,presets-extra,0
3D - cupcake,presets-extra,0
3D - luz,presets-extra,0
3D - monotone ripples,presets-extra,0
3D - quasilinear submanifolds,presets-extra,0
3D - serpentine,presets-extra,0
3D - shockwaves,presets-extra,0
3D - spirals 2,presets-extra,0
3D - starfish 2,presets-extra,0
3D - vortex,presets-extra,0
3D - warp of dali bright,presets-extra,0
3D - washboard,presets-extra,0
3Dragons&aderrasi-interdictionteachin,presets-extra,0
3Dragons&aderrasi-pretwitch,presets-extra,0
3Dragons&aderrasi-wandererwithoutacur,presets-extra,0
3Dragons&che-resubspace,presets-extra,0
3Dragons&fvese-reborn,presets-extra,0
3Dragons&fvese-trianglework(remix),presets-extra,0
3Dragons&idiot-beatfallspremix,presets-extra,0
3Dragons&idiot24-7-ibro(shapefun3mix),presets-extra,0
3Dragons&mstress-uncontrolledsupernov,presets-extra,0
3Dragons&rovastar-cavelife,presets-extra,0
3Dragons&rovastar-mineexploded,presets-extra,0
3Dragons&rovastar-nerveaxon,presets-extra,0
3Dragons&rovastar-spelunking,presets-extra,0
3Dragons&rovastar-stargateremix,presets-extra,0
3Dragons&stuttler-trackeddown,presets-extra,0
3Dragons&techno-coatofflames(remix),presets-extra,0
3Dragons&unchained-dragonscience,presets-extra,0
3Dragons&unchained-whatmakesdragonsso,presets-extra,0
3Dragons&zylot-rebonix2,presets-extra,0
3Dragons&zylot-repressedmemories,presets-extra,0
3Dragons&zylot-soundblasted,presets-extra,0
3Dragons&zylot-transdimen(mybrainmix),presets-extra,0
3Dragons-dragonflydreams,presets-extra,0
3Dragons-dragonflyepic,presets-extra,0
3Dragons-shape1,presets-extra,0
3Dragons-shape2,presets-extra,0
3Dragons-shape5,presets-extra,0
3dRaGoNs & Aderrasi - Interdiction Teachings,presets-extra,0
3dRaGoNs & Aderrasi - Pretwitch,presets-extra,1
3dRaGoNs & Aderrasi - Wanderer Without A  Cure,presets-extra,1
3dRaGoNs & Aderrasi - Wanderer Without A Cure,presets-extra,1
3dRaGoNs & Che - ReSubSpace,presets-extra,1
3dRaGoNs & Fvese - Reborn,presets-extra,1
3dRaGoNs & Fvese - Triangle Work (rEmIx),presets-extra,1
3dRaGoNs & Idiot - Beatfalls Premix,presets-extra,1
3dRaGoNs & Idiot24-7 - I Broke It In P.E. (Shape Fun 3 Mix),presets-extra,1
3dRaGoNs & Idiot24-7 - I Broke It In P.E. -  Shape Fun3,presets-extra,1
3dRaGoNs & Mstress - Uncontrolled Supernova,presets-extra,1
3dRaGoNs & Rovastar - CaVe LiFe,presets-extra,1
3dRaGoNs & Rovastar - Mine Exploded,presets-extra,1
3dRaGoNs & Rovastar - Nerve Axon,presets-extra,1
3dRaGoNs & Rovastar - Spelunking,presets-extra,1
3dRaGoNs & Rovastar - StarGate rEmIx,presets-extra,1
3dRaGoNs & Stuttler - Tracked Down,presets-extra,1
3dRaGoNs & TEcHNO - Coat Of Flames (rEmIx),presets-extra,1
3dRaGoNs & Unchained - Dragon Science,presets-extra,1
3dRaGoNs & Unchained - What Makes Dragons So...,presets-extra,1
3dRaGoNs & Zylot - Rebonix 2,presets-extra,1
3dRaGoNs & Zylot - Repressed Memories,presets-extra,1
3dRaGoNs & Zylot - Sound Blasted,presets-extra,1
3dRaGoNs & Zylot - Transdimensional Portal (My Brain mIX),presets-extra,1
3dRaGoNs & Zylot - Transdimensional Portal (My Brain),presets-extra,1
3dRaGoNs - Dragonfly Dreams,presets-extra,1
3dRaGoNs - Dragonfly Epic,presets-extra,1
3dRaGoNs - Shape 1,presets-extra,1
3dRaGoNs - Shape 2,presets-extra,1
3dRaGoNs - Shape 2 zzz,presets-extra,1
3dRaGoNs - Shape 5,presets-extra,1
3dRaGoNs - shape1,presets-extra,1
3dRaGoNs - shape2,presets-extra,1
3dRaGoNs - shape5,presets-extra,1
3dRaGoNs&Idiot24-7-IBrokeItInP.E.(Sha,presets-extra,1
3dRaGoNs&Zylot-TransdimensionalPortal,presets-extra,1
"3dRaGoNs, Boz & Rovastar - Nerve Axon",presets-extra,1
"3dRaGoNs, Pinbi7 & Fvese - Reborn",presets-extra,1
"3dRaGoNs, Pinbi7 & Stuttler - Tracked Down",presets-extra,1
3dtemplate,presets-extra,1
444,butterchurnPresetsExtra2,
5,presets-extra,1
52,presets-extra,1
53,presets-extra,1
54,presets-extra,1
55,presets-extra,1
56,presets-extra,1
57,presets-extra,1
58,presets-extra,1
6,presets-extra,1
60,presets-extra,1
62,presets-extra,1
63,presets-extra,1
64,presets-extra,1
65,presets-extra,1
66,presets-extra,1
666malalol+Aderrasi+Redi Jedi+bdrv+telek- Curse of the Ochre encoded matrix omg,presets-extra,1
666malalol+Aderrasi+Redi Jedi+bdrv+telek- Curse of the Ochre encoded matrix omgv2,presets-extra,1
666malalol+Aderrasi+Redi Jedi+bdrv+telek- Curse of the Ochre encoded matrix omgv3,presets-extra,1
67,presets-extra,1
69,presets-extra,1
7,presets-extra,1
70,presets-extra,1
71,presets-extra,1
72,presets-extra,1
73,presets-extra,1
74,presets-extra,1
77,presets-extra,1
78,presets-extra,1
79,presets-extra,1
8,presets-extra,1
80,presets-extra,1
87,presets-extra,1
89,presets-extra,1
9,presets-extra,1
90,presets-extra,1
91,presets-extra,1
93,presets-extra,1
A,presets-extra,1
A Featured Presentation -  Baked - River of Illusion Dillusion ft Eos - Flexi -  Phat n AdamFX - also Ft Yin - PhuckmeonethedancefloorFX,presets-extra,1
A Featured Presentation -  Baked - River of Illusion Dillusion ft Eos - Flexi n Geiss  -  Phat n AdamFX - also Ft Yin n Rovastar - Fracticle Speakers BlowFX A ,presets-extra,1
A Hard Man To Kill,presets-extra,1
A Matter of Taste,presets-extra,1
A Mind Less Empty,presets-extra,1
A Near Miss,presets-extra,1
A Tribute to Martin - bombyx mori - Ft Flexi - AdamFX - StahlRegen - Krash - Rovastar -  Hd in Milk T,butterchurnPresetsExtra2,
A42,presets-extra,1
AD1735~2,presets-extra,1
AD301A~1,presets-extra,1
AD301A~1 (1),presets-extra,1
AD301A~1 (2),presets-extra,1
AD301A~1 (3),presets-extra,1
ADD7C9~1,presets-extra,1
ADD7C9~2,presets-extra,1
ADDA31~1,presets-extra,1
ARemake an Recreate in HDFX - Amandio C - Small life ft AdamFX n Rozzor with NauroFx - Thru the InfectionFX,presets-extra,1
Ace of Spades,presets-extra,2
Acid Iris,presets-extra,2
Adam Eatit Mashup FX 2 martin - disco mix + Lodus + Geiss + Ludicrous speed + Aderrasi 2_1,butterchurnPresetsExtra2,
Adam Eatit Mashup FX 2 martin - disco mix + Lodus + Geiss + Ludicrous speed + Baked Ft another AdamFX Mashup 7_1,butterchurnPresetsExtra2,
Adam Shark - my magic square tunnel,presets-extra,2
AdamFX 2 Shifter & Eo.S+Phat - Fractical dancer (shattered mind)3dFX,presets-extra,2
AdamFX 2 Shifter & Eo.S+Phat - Fractical dancer (shattered mind)3dFX2,presets-extra,2
AdamFX 2 Shifter & Eo.S+Phat - Fractical dancer (shattered mind)3dFX3,presets-extra,2
AdamFX 2 Shifter & Eo.S+Phat - Fractical dancer (shattered mind)3dFX4,presets-extra,2
AdamFX 2 Tokyo corridor (shifter tumbling cubes remix),presets-extra,2
AdamFX 2 Tokyo corridor (shifter tumbling cubes remix)2,presets-extra,2
AdamFX Mashup 2 Martin - reflections on black tile + Raron N Flexi ,butterchurnPresetsExtra,
AdamFx 2 Aderrasi - Airhandler (Last Breath - Calm)Ilusional Discontent2,butterchurnPresetsExtra2,
AdamFx 2 Geiss -Somewhat Distort Me 3_1,butterchurnPresetsExtra2,
"AdamFx 2 Geiss, Zylot and Flexi - Reaction Diffusion 3 (Overload Mix 2) EATIT4 (BCCNJ4)",butterchurnPresetsExtra2,
Aderraak,presets-extra,2
Aderrasi ,presets-extra,2
Aderrasi + Geiss - Airhandler (Kali Mix) - Canvas Mix,butterchurnPresets,
Aderrasi + Geiss - Airhandler (Kali Mix) - Painterly Tendrils Colorfast,butterchurnPresetsExtra,
Aderrasi + Geiss - Airhandler (Square Mix),butterchurnPresetsExtra2,
Aderrasi + Redi Jedi - Curse of the Ochre Owl(club hopping mix),presets-extra,2
Aderrasi + Redi Jedi - Curse of the Ochre Owl(hangover mix),presets-extra,2
"Aderrasi + Redi Jedi - Curse of the Ochre Owl(now you see a ring on her finger... anyone missing a knife, cause here it is, stuck in your heart)",presets-extra,2
Aderrasi - (Hybrid Plant),presets-extra,2
Aderrasi - 234,presets-extra,2
Aderrasi - 25,presets-extra,2
Aderrasi - Accelerator (Fissile Fuel)zzz af,presets-extra,2
Aderrasi - Accelerator (Hot Lead Transfusion),presets-extra,2
Aderrasi - Afterimage Cyclotron,presets-extra,2
Aderrasi - Agitator,butterchurnPresetsExtra2,
Aderrasi - Aimless,presets-extra,2
Aderrasi - Aimless (Gravity Directive Mix),presets-extra,2
Aderrasi - Aimless (Spirogravity Mix),presets-extra,2
Aderrasi - Aimless (Unique And Beautiful Glazier Mix) ,presets-extra,2
Aderrasi - Aimless (Unique And Beautiful Mix),presets-extra,2
Aderrasi - Airborne Artifact Of Alternation,presets-extra,2
Aderrasi - Airhandler,presets-extra,2
Aderrasi - Airhandler (Air of Purgatory)zzz af,presets-extra,2
Aderrasi - Airhandler (Kali Mix),presets-extra,2
Aderrasi - Airhandler (Last Breath - Calm),butterchurnPresetsExtra,
Aderrasi - Airhandler (Last Breath - Crab),presets-extra,2
Aderrasi - Airhandler (Last Breath - Eden),presets-extra,2
Aderrasi - Airhandler (Menagerie Mix),presets-extra,2
Aderrasi - Airhandler (NEOhm's DarkNeon Vortex -Away- Mix),presets-extra,2
Aderrasi - Airhandler (NEOhm's DarkNeon Vortex -Figure8- Mix),presets-extra,2
Aderrasi - Airhandler (Principle of Airworks - Philosphical)zzz af,presets-extra,2
Aderrasi - Airhandler (Principle of Sharing),butterchurnPresetsExtra2,
Aderrasi - Airhandler (Pulse Voice Mix),presets-extra,2
Aderrasi - Airhandler (Radiostar Mix),presets-extra,2
Aderrasi - Airhandler (Rogue State Mix),presets-extra,2
Aderrasi - Airhandler (The Goods Mix),presets-extra,2
Aderrasi - Airs,presets-extra,2
Aderrasi - Airs (Windy Mix),presets-extra,2
Aderrasi - All Creation,presets-extra,2
Aderrasi - All Creation (Loom Mix),presets-extra,2
Aderrasi - Anchorpulse,presets-extra,2
Aderrasi - Anchorpulse (Pulse Of A Ghast II Mix),presets-extra,2
Aderrasi - Anchorpulse (Pulse Of A Ghast Mix),presets-extra,2
Aderrasi - Anchorpulse (Verified Mix),presets-extra,2
Aderrasi - Anomalous Material Science,presets-extra,2
Aderrasi - Anomalous Material Science (Pure Splinter Mix),presets-extra,2
Aderrasi - Antidote,presets-extra,2
Aderrasi - Antidote (Aqualung Mix),presets-extra,2
Aderrasi - Antidote (Poison Mix),presets-extra,2
Aderrasi - Antidote (Side Effects Mix),presets-extra,2
Aderrasi - Antidote (Vertigo Mix),presets-extra,2
Aderrasi - Antique Abyss,presets-extra,2
Aderrasi - Antique Strings,presets-extra,2
Aderrasi - Antique Strings (Circular Mix),presets-extra,2
Aderrasi - Antique Waving And Shaking,presets-extra,2
Aderrasi - Antique Waving And Shaking And Breaking,presets-extra,2
Aderrasi - Arcade Planet,presets-extra,2
Aderrasi - Arcade Planet (Invisible Twin Mix),presets-extra,2
Aderrasi - Arcworld (Arcwheel - Train Wheel),presets-extra,2
Aderrasi - Arise!,presets-extra,2
Aderrasi - Arise! (Padded Mix),presets-extra,2
Aderrasi - Ashes Of Air,presets-extra,2
Aderrasi - Ashes Of Air (Remix),presets-extra,2
Aderrasi - Ashes Of Air (Strings Mix),presets-extra,2
Aderrasi - Ashes Of Clouds,presets-extra,2
Aderrasi - Background Noise,presets-extra,2
Aderrasi - Barcode of Honor,presets-extra,2
Aderrasi - Barcode of Honor library thief mix rmx,presets-extra,2
Aderrasi - Beta,presets-extra,2
Aderrasi - Beyond Reason,presets-extra,2
Aderrasi - Bitter Crew,presets-extra,2
Aderrasi - Bitterfeld,presets-extra,2
Aderrasi - Bitterfeld (Condensation Mix),presets-extra,2
Aderrasi - Bitterfeld (Crystal Border Mix),presets-extra,3
Aderrasi - Bitterfeld (Hyperswirl Remix),presets-extra,3
Aderrasi - Blender,presets-extra,3
Aderrasi - Blind Rage,presets-extra,3
Aderrasi - Blooming,presets-extra,3
Aderrasi - Bound Sound,presets-extra,3
Aderrasi - Bound Sound (Round 2 Mix),presets-extra,3
Aderrasi - Bow To Gravity,presets-extra,3
Aderrasi - Brakefreak,presets-extra,3
Aderrasi - Brakefreak (2),presets-extra,3
Aderrasi - Brakefreak (3.14159265),presets-extra,3
Aderrasi - Brakefreak-bitcore tweak,presets-extra,3
Aderrasi - Brilliance (Mind Twisting Substance) rmx,presets-extra,3
Aderrasi - Brush,presets-extra,3
Aderrasi - Brush (It Isn't Moving A Lot More Mix),presets-extra,3
Aderrasi - Burning Form,presets-extra,3
Aderrasi - Burning Form (Seething Mass Mix),presets-extra,3
Aderrasi - Burning Form (Seething Mass),presets-extra,3
Aderrasi - Burning Form (Son Of Sun Mix),presets-extra,3
Aderrasi - Calabi-Jau Space Bar,presets-extra,3
Aderrasi - Candy Avian,presets-extra,3
Aderrasi - Careless Weaver,presets-extra,3
Aderrasi - Cause and Effort,presets-extra,3
Aderrasi - Causeway Of Dreams (Deep Sleep Mix),presets-extra,3
Aderrasi - Causeway Of Dreams (Nightmare Mix),presets-extra,3
Aderrasi - Causeway of Dreams,presets-extra,3
Aderrasi - Causeway of Dreams (Point Mix),presets-extra,3
Aderrasi - Causeway of Dreams (REMix),presets-extra,3
Aderrasi - Cellular Dungeon,presets-extra,3
Aderrasi - Chromatic Abyss,presets-extra,3
Aderrasi - Chromatic Abyss (Blind Spot Mix),presets-extra,3
Aderrasi - Chromatic Abyss (NEOhm's Dream Sygnal remix),presets-extra,3
Aderrasi - Chromatic Abyss (NEOhm's Sonic The Hedgehog Rolling Mix),presets-extra,3
Aderrasi - Chromatic Abyss (One Rotation Mix),presets-extra,3
Aderrasi - Chromatic Abyss (Refined Abyss Mix),presets-extra,3
Aderrasi - Chromatic Abyss (blind spot),presets-extra,3
Aderrasi - Chromatic Abyss (one rotation),presets-extra,3
Aderrasi - Chromatic Abyss (refined abyss),presets-extra,3
Aderrasi - Chromatic Abyss (the other side),presets-extra,3
Aderrasi - Chromatic Ire,presets-extra,3
Aderrasi - Chromatic Ire (Signature Mix),presets-extra,3
Aderrasi - Chromatic Ire (signature),presets-extra,3
Aderrasi - Chromatic Tunnel,presets-extra,3
Aderrasi - Cinnamon Wrench (Candy Crane),presets-extra,3
Aderrasi - Circle Facade,presets-extra,3
Aderrasi - Circlefacade,presets-extra,3
Aderrasi - Clouded Procession,presets-extra,3
Aderrasi - Come On Then,presets-extra,3
Aderrasi - Come On Then (Fibre Optics Mix),presets-extra,3
Aderrasi - Come On Then (Quarter Mix),presets-extra,3
Aderrasi - Come On Then (R-Converter Mix),presets-extra,3
Aderrasi - Come On Then (S-Converter Mix),presets-extra,3
Aderrasi - Contained Nebula,presets-extra,3
Aderrasi - Contort Mix),presets-extra,3
Aderrasi - Contortion,presets-extra,3
Aderrasi - Contortion (Egg Of Time Mix),presets-extra,3
Aderrasi - Contortion (Escher's Tunnel Mix),presets-extra,3
Aderrasi - Contortion (Escher′s Tunnel Mix),butterchurnPresetsExtra2,
Aderrasi - Contortion (Flair Mix),presets-extra,3
Aderrasi - Contortion (Heaven And Hell Mix),presets-extra,3
Aderrasi - Contortion (Wide Twist Mix),butterchurnPresetsMD1,
Aderrasi - Contortion (Xenomorph Mix),presets-extra,3
Aderrasi - Contortion Sphere,presets-extra,3
Aderrasi - Contortion Sphere (Side-Source Mix),presets-extra,3
Aderrasi - Core of pure Corruption,presets-extra,3
Aderrasi - Core without Corruption,presets-extra,3
Aderrasi - Crossroads,presets-extra,3
Aderrasi - Crossroads (Twitch Mix),presets-extra,3
Aderrasi - Crusader,presets-extra,3
Aderrasi - Curse of the Mirror Emu,butterchurnPresetsExtra2,
Aderrasi - Curvature of Sound (Zero Dimensions) rmx,presets-extra,3
Aderrasi - Dark Matter,presets-extra,3
Aderrasi - Dark Matter (Converse Mix),presets-extra,3
Aderrasi - Deathstar (Stardeath Mix),presets-extra,3
Aderrasi - Degauss,presets-extra,3
Aderrasi - Different Waves,presets-extra,3
Aderrasi - Discordia,presets-extra,3
Aderrasi - Discordia (Orbkin Mix),presets-extra,3
Aderrasi - Discordia d-s,presets-extra,3
Aderrasi - Diseased BadBass Pulsar,presets-extra,3
Aderrasi - Diseased Bass Pulsar,presets-extra,3
Aderrasi - Drains,presets-extra,3
Aderrasi - Drains (attenuated mix),presets-extra,3
Aderrasi - Drains (mobile mix),presets-extra,3
Aderrasi - Drains (wrap mix),presets-extra,3
Aderrasi - Earth,presets-extra,3
Aderrasi - Earth (Lively Mix),presets-extra,3
Aderrasi - Economy Of Color,presets-extra,3
Aderrasi - Economy Of Color (Remix),presets-extra,3
Aderrasi - Economy Of Turning,presets-extra,3
Aderrasi - Elastoid,presets-extra,3
Aderrasi - Elastoid (Remix),presets-extra,3
Aderrasi - Embrace Yourself,presets-extra,3
Aderrasi - Endless Glue,presets-extra,3
Aderrasi - Engel's Twisted Alloy,presets-extra,3
Aderrasi - Engine Of Sound (Bassbase Mix),presets-extra,3
Aderrasi - Engine Of Sound (Receding Mix),presets-extra,3
Aderrasi - Engine of Sound,presets-extra,3
Aderrasi - Engine of Sound (bassbase),presets-extra,3
Aderrasi - Ert,presets-extra,3
Aderrasi - Ert (Energy Mix),presets-extra,3
Aderrasi - Ert (Wary Mix),presets-extra,3
Aderrasi - Exeter,presets-extra,3
Aderrasi - Expressionist Circles,presets-extra,3
"Aderrasi - Eyes, Goggles, Nothing (Ninja)",presets-extra,3
"Aderrasi - Eyes, Goggles, Nothing (That Bad)",presets-extra,3
Aderrasi - Fabricated Crystal,presets-extra,3
Aderrasi - Fabricated Crystal Heart,presets-extra,3
Aderrasi - Fabrication Mirror Weave,presets-extra,3
Aderrasi - Fame Frame,presets-extra,3
Aderrasi - First Aid,presets-extra,3
Aderrasi - Floater Society,presets-extra,3
Aderrasi - Flowing Form,presets-extra,3
Aderrasi - Flux Room,presets-extra,3
Aderrasi - Fog Collector,presets-extra,3
Aderrasi - Four-Sided Vortex,presets-extra,3
Aderrasi - Gemstone Factory,presets-extra,3
Aderrasi - Gemstone Factory (Ethereal Mix),presets-extra,3
Aderrasi - Gemstone Factory (ethereal),presets-extra,3
Aderrasi - Ghast,presets-extra,3
Aderrasi - Ghast (Fabrication Mix),presets-extra,3
Aderrasi - Ghast (Full Circle Mix),presets-extra,3
Aderrasi - Ghast (Quarter Past Ghast Mix),presets-extra,3
Aderrasi - Ghast (Rigged Mix),presets-extra,3
Aderrasi - Ghast Entity,presets-extra,3
Aderrasi - Ghast Voyage,presets-extra,3
Aderrasi - Ghost Empire,presets-extra,3
Aderrasi - Ghost Empire (Remix),presets-extra,3
Aderrasi - Glueball,presets-extra,3
Aderrasi - Going And Going,presets-extra,4
Aderrasi - Graft (First Rate Heart),presets-extra,4
Aderrasi - Gravity Conform,presets-extra,4
Aderrasi - Gravity Lensing (Psycho Remorse),presets-extra,4
Aderrasi - Gridster,presets-extra,4
Aderrasi - Haggard Hemisphere of Control,presets-extra,4
Aderrasi - Halls Of Centrifuge,butterchurnPresetsMD1,
Aderrasi - Hard Drink (Half-Infinitea),presets-extra,4
Aderrasi - Hard Drink (Swirl Mix),presets-extra,4
Aderrasi - Hard Drink rmx ugly mix,presets-extra,4
Aderrasi - Heavy Ghost,presets-extra,4
Aderrasi - Helix of Contrast,presets-extra,4
Aderrasi - Horvath's Holistic Abyss,presets-extra,4
Aderrasi - Hypothetical Voyage,presets-extra,4
Aderrasi - Hypothetical Voyage (Triptichon Mix),presets-extra,4
Aderrasi - Hypothetical Voyage (Triptichon Mix) -Bitcore Tweak,presets-extra,4
Aderrasi - Interdiction Teamwork,presets-extra,4
Aderrasi - Into The Glue,presets-extra,4
Aderrasi - Into The Glue (Glue Glue),presets-extra,4
Aderrasi - Into the Glue (Glue),presets-extra,4
Aderrasi - Invisible Artifact Of Illusion,presets-extra,4
Aderrasi - Kevlar,presets-extra,4
Aderrasi - Kevlar Abyss,presets-extra,4
Aderrasi - Kevlar Abyss (Waveform Mix),presets-extra,4
Aderrasi - Kevlar Blast Chamber,presets-extra,4
Aderrasi - Kevlar Engine,presets-extra,4
Aderrasi - Kevlar Fluid,presets-extra,4
Aderrasi - Kevlar Fluid (swirl),presets-extra,4
Aderrasi - Kevlar Ore Deposit,presets-extra,4
Aderrasi - Kevlar Tunnel,presets-extra,4
Aderrasi - King of Vegas,presets-extra,4
Aderrasi - Leaving,presets-extra,4
Aderrasi - Light Avian,presets-extra,4
Aderrasi - Limit Edition (Some Days),presets-extra,4
Aderrasi - Living,presets-extra,4
Aderrasi - Living (Early Evolution Mix),presets-extra,4
Aderrasi - Living (Later Evolution Mix),presets-extra,4
Aderrasi - Living (early evolution),presets-extra,4
Aderrasi - Living (later evolution),presets-extra,4
Aderrasi - Lost in 2 Dimensions,presets-extra,4
Aderrasi - Madness Teaches us to Fight rmx acid bonnet mix,presets-extra,4
Aderrasi - Madness Teaches us to Fly,presets-extra,4
Aderrasi - Magnetic Sanity,presets-extra,4
Aderrasi - Making Time,presets-extra,4
Aderrasi - Making Time (Cry Mix),presets-extra,4
Aderrasi - Making Time (Swamp Mix),presets-extra,4
Aderrasi - Mask,presets-extra,4
Aderrasi - Matter Heart,presets-extra,4
Aderrasi - Matter Heart (Shaken Mix),presets-extra,4
Aderrasi - Matter Heart (Slowed Mix),presets-extra,4
Aderrasi - Mechanical,presets-extra,4
Aderrasi - Memory,presets-extra,4
Aderrasi - Metric Tons,presets-extra,4
Aderrasi - Mighty Guard,presets-extra,4
Aderrasi - Mildly Mad Mixture,presets-extra,4
Aderrasi - Mobile 5,presets-extra,4
Aderrasi - Monoid,presets-extra,4
Aderrasi - Mother Of Pearl - mash0000 - how to piss off your eyes,butterchurnPresetsExtra,
Aderrasi - Mother of Pearl,presets-extra,4
Aderrasi - Multiviola,presets-extra,4
Aderrasi - Negative Sun,presets-extra,4
Aderrasi - Negative Sun (Completely Different Mix),presets-extra,4
Aderrasi - Negative Sun (Haze Star)BDRV et  AL  rmxmix2,presets-extra,4
Aderrasi - Negative Sun (completely different),presets-extra,4
Aderrasi - Negative Sun I,presets-extra,4
Aderrasi - Negative Sun II,presets-extra,4
Aderrasi - Negative Sun III,presets-extra,4
Aderrasi - Negative Sun IV,presets-extra,4
Aderrasi - Neon Shiver,presets-extra,4
Aderrasi - Never Made,presets-extra,4
Aderrasi - Never Made Whole,presets-extra,4
Aderrasi - Nightscape,presets-extra,4
Aderrasi - Nightscape (Remix),presets-extra,4
Aderrasi - Nightscape (The Talker Mix),presets-extra,4
Aderrasi - Nightscape (the talker),presets-extra,4
Aderrasi - OX zzzi af,presets-extra,4
Aderrasi - Obstacular,presets-extra,4
Aderrasi - Ode to Joy,presets-extra,4
Aderrasi - One Wind Rose,presets-extra,4
Aderrasi - One Wind Rose Twice,presets-extra,4
Aderrasi - Paintsphere,presets-extra,4
Aderrasi - Party Mutant,presets-extra,4
Aderrasi - Peaceful Shattering,presets-extra,4
Aderrasi - Plane Of Return,presets-extra,4
Aderrasi - Plasma,presets-extra,4
Aderrasi - Potion of Spirits,butterchurnPresets,
Aderrasi - Potion of Spirits(NEOhm's Genie Walpaper Remix),presets-extra,4
Aderrasi - Potion of Spirits(NEOhm's Genies Wiggle Remix),presets-extra,4
Aderrasi - Primarily an Action Story,presets-extra,4
Aderrasi - Pyrokinesis,presets-extra,4
Aderrasi - Pyrokinesis(NEOhm's Black N' Blue Battle Remix),presets-extra,4
Aderrasi - Quantum Variants,presets-extra,4
Aderrasi - Radiation,presets-extra,4
Aderrasi - Relative to Itself,presets-extra,4
Aderrasi - Relaxed Fit,presets-extra,4
Aderrasi - Ribbons,presets-extra,4
Aderrasi - Router,presets-extra,4
Aderrasi - See,presets-extra,4
Aderrasi - Sharhost's Coherer,presets-extra,4
Aderrasi - Sharhost's Shared Gain,presets-extra,4
Aderrasi - Shineslug Formula,presets-extra,4
Aderrasi - Smokestacker,presets-extra,4
Aderrasi - Snowstorm Dimension,presets-extra,4
Aderrasi - Snowstorm Dimension (Around The Fire Mix),presets-extra,4
Aderrasi - Snowstorm Dimension (Colored Mix),presets-extra,4
Aderrasi - Snowstorm Dimension (Shatter Mix),presets-extra,4
Aderrasi - Songflower (Hybrid Plant),presets-extra,4
Aderrasi - Songflower (Hybrid Plant+ NEOhm's Bad Map Program Remix),presets-extra,4
Aderrasi - Songflower (Hybrid Plant+ NEOhm's Internet Ghosts Remix),presets-extra,4
Aderrasi - Songflower (Hybrid Plant+ NEOhm's This Is Your Brain On Drugs Remix),presets-extra,4
Aderrasi - Songflower (Hybrid Plant+ NEOhm's Under-The-Influence Object Recognition Remix),presets-extra,4
Aderrasi - Songflower (Moss Posy),butterchurnPresets,
Aderrasi - Songflower (Moss Posy+NEOhm's Cartoon Zebra Remix),presets-extra,4
Aderrasi - Soul Conductor,presets-extra,4
Aderrasi - Sounds Blue,presets-extra,4
Aderrasi - Sounds Green,presets-extra,4
Aderrasi - Sounds Red,presets-extra,4
Aderrasi - Sounds White,presets-extra,4
Aderrasi - Spiderwebs in the Wind,presets-extra,4
Aderrasi - Spillgraph,presets-extra,4
Aderrasi - Spillswirl,presets-extra,4
Aderrasi - Spillswirl (Voyage Mix),presets-extra,4
Aderrasi - Spine,presets-extra,4
Aderrasi - Spirits,presets-extra,4
Aderrasi - Splatter,presets-extra,4
Aderrasi - Spreadsphere,presets-extra,4
Aderrasi - Storm Of The Eye,presets-extra,4
Aderrasi - Storm Of The Eye (Fog Mix),presets-extra,4
Aderrasi - Storm Of The Eye (Thunder Mix),presets-extra,4
Aderrasi - Storm of the Eye (Thunder) - mash0000 - quasi pseudo meta concentrics,butterchurnPresets,
Aderrasi - Straight Tropical Coal (Elysium Channel),presets-extra,5
Aderrasi - Straight Tropical Coal (Elysium Channel+NEOhm's Terminal Velocity Remix),presets-extra,5
Aderrasi - Stranded,presets-extra,5
Aderrasi - Stranded (Melee Mix),presets-extra,5
Aderrasi - Strong And Weak Force,presets-extra,5
Aderrasi - Terror from the Deep,presets-extra,5
Aderrasi - The Dishes,presets-extra,5
Aderrasi - The Dishes (Shaken Mix),presets-extra,5
Aderrasi - The Great Suspender,presets-extra,5
Aderrasi - The Lurker,presets-extra,5
Aderrasi - The Lurker (Twin Mix),presets-extra,5
Aderrasi - The Lurker (Twin Mix) - Bitcore Tweak,presets-extra,5
Aderrasi - The Red & The Blue,presets-extra,5
Aderrasi - The Red and The Blue,presets-extra,5
Aderrasi - The Underseer,presets-extra,5
Aderrasi - Theak,presets-extra,5
Aderrasi - Thicket Space,presets-extra,5
Aderrasi - This Glass Door,presets-extra,5
Aderrasi - This Is Not My Shift (Spheroid Mix),presets-extra,5
Aderrasi - This is not my Shift,presets-extra,5
Aderrasi - Trevi's Fluid Emotion,presets-extra,5
Aderrasi - True Subject Star,presets-extra,5
Aderrasi - True Subject Star (Brinstar Mix),presets-extra,5
Aderrasi - True Subject Star (Pure Medium Mix),presets-extra,5
Aderrasi - Turning Form,presets-extra,5
Aderrasi - Turning Form (Remix),presets-extra,5
Aderrasi - Twice Restrained,presets-extra,5
Aderrasi - Twice Restrained (Fluid Mix),presets-extra,5
Aderrasi - Uncontroled Experiment,presets-extra,5
Aderrasi - Under the Microscope,presets-extra,5
Aderrasi - Variants Of Eternity,presets-extra,5
Aderrasi - Variants Of Eternity (Slow Dance Mix),presets-extra,5
Aderrasi - Veil of Steel (Steel Storm) - mash0000 - bob ross finally loses it,butterchurnPresetsExtra,
Aderrasi - Visitor,presets-extra,5
Aderrasi - Visitor (Swirl Mix),presets-extra,5
Aderrasi - Wanderer In Rage,presets-extra,5
Aderrasi - Wanderer In The Snow (Remix),presets-extra,5
Aderrasi - Wanderer Manifesto,presets-extra,5
Aderrasi - Wanderer in the Snow,presets-extra,5
Aderrasi - Wanderer with Shell,presets-extra,5
Aderrasi - Wanderer without Self,presets-extra,5
Aderrasi - Wanderer's Blend,presets-extra,5
Aderrasi - Wanderer's Dream,presets-extra,5
Aderrasi - Wandering Formula,presets-extra,5
Aderrasi - Wandering In Numbers,presets-extra,5
Aderrasi - Warfare Postulate,presets-extra,5
Aderrasi - Water Dreaming of Fish,presets-extra,5
Aderrasi - Wavechaser (Fall Mix),presets-extra,5
Aderrasi - Wavechaser (Spring Mix),presets-extra,5
Aderrasi - Wavechaser (Summer Mix),presets-extra,5
Aderrasi - Wavechaser (Winter Mix),presets-extra,5
Aderrasi - Way to Go,presets-extra,5
Aderrasi - What (a) World,presets-extra,5
Aderrasi - What Cannot Be Undone,presets-extra,5
Aderrasi - What Cannot Be Undone (Hyperspace Mix),presets-extra,5
Aderrasi - What cannot be,presets-extra,5
Aderrasi - Where Wind Weaves,presets-extra,5
Aderrasi - Where Wind Weaves (Slow Mix),presets-extra,5
Aderrasi - Wishful Tinker,presets-extra,5
Aderrasi - Within Comes From Change,presets-extra,5
Aderrasi - Worms,presets-extra,5
Aderrasi - ddummyy (04u0404),presets-extra,5
Aderrasi-AnomalousMaterialScience(Pur,presets-extra,5
Aderrasi-Arise!,presets-extra,5
Aderrasi-Arise!(PaddedMix),presets-extra,5
Aderrasi-Brakefreak(3.14159265),presets-extra,5
Aderrasi-Brush(ItIsn'tMovingALotMoreM,presets-extra,5
Aderrasi-CausewayOfDreams(DeepSleepMi,presets-extra,5
Aderrasi-CausewayOfDreams(NightmareMi,presets-extra,5
Aderrasi-Circlefaca00,presets-extra,5
Aderrasi-Contortion(Escher'sTunnelMix,presets-extra,5
Aderrasi-ContortionSphere(Side-Source,presets-extra,5
Aderrasi-Engel'sTwistedAlloy,presets-extra,5
Aderrasi-Horvath'sHolisticAbyss,presets-extra,5
Aderrasi-HypotheticalVoyage(Tripticho,presets-extra,5
Aderrasi-Sharhost'sCoherer,presets-extra,5
Aderrasi-Sharhost'sSharedGain,presets-extra,5
Aderrasi-SnowstormDimension(ColoredMi,presets-extra,5
Aderrasi-SnowstormDimension(ShatterMi,presets-extra,5
Aderrasi-ThisIsNotMyShift(SpheroidMix,presets-extra,5
Aderrasi-Trevi'sFluidEmotion,presets-extra,5
Aderrasi-TrueSubjectStar(PureMediumMi,presets-extra,5
Aderrasi-VariantsOfEternity(SlowDance,presets-extra,5
Aderrasi-Wanderer'sBlend,presets-extra,5
Aderrasi-Wanderer'sDream,presets-extra,5
Aderrasi-afterimagecyclotron,presets-extra,5
Aderrasi-agitator,presets-extra,5
Aderrasi-aimless,presets-extra,5
Aderrasi-aimless(gravitydirectivemix),presets-extra,5
Aderrasi-aimless(spirogravitymix),presets-extra,5
Aderrasi-aimless(uniqueandbeautifulgl,presets-extra,5
Aderrasi-aimless(uniqueandbeautifulmi,presets-extra,5
Aderrasi-airborneartifactofalternatio,presets-extra,5
Aderrasi-airhandler,presets-extra,5
Aderrasi-airhandler(kalimix),presets-extra,5
Aderrasi-airhandler(menageriemix),presets-extra,5
Aderrasi-airhandler(pulsevoicemix),presets-extra,5
Aderrasi-airhandler(radiostarmix),presets-extra,5
Aderrasi-airhandler(roguestatemix),presets-extra,5
Aderrasi-airhandler(thegoodsmix),presets-extra,5
Aderrasi-airs,presets-extra,5
Aderrasi-airs(windymix),presets-extra,5
Aderrasi-allcreation(loommix),presets-extra,5
Aderrasi-anchorpulse,presets-extra,5
Aderrasi-anchorpulse(pulseofaghastiim,presets-extra,5
Aderrasi-anchorpulse(pulseofaghastmix,presets-extra,5
Aderrasi-anchorpulse(verifiedmix),presets-extra,5
Aderrasi-anomalousma(puresplintermix),presets-extra,5
Aderrasi-anomalousmaterialscience,presets-extra,5
Aderrasi-antidote,presets-extra,5
Aderrasi-antidote(aqualungmix),presets-extra,5
Aderrasi-antidote(poisonmix),presets-extra,5
Aderrasi-antidote(sideeffectsmix),presets-extra,5
Aderrasi-antidote(vertigomix),presets-extra,5
Aderrasi-antiqueabyss,presets-extra,5
Aderrasi-antiquestrings,presets-extra,5
Aderrasi-antiquestrings(circularmix),presets-extra,5
Aderrasi-antiquewavingandshaking,presets-extra,5
Aderrasi-antiquewavingandshakingandbr,presets-extra,5
Aderrasi-arcadeplanet,presets-extra,5
Aderrasi-arcadeplanet(invisibletwinmi,presets-extra,5
Aderrasi-arise,presets-extra,5
Aderrasi-arise(paddedmix),presets-extra,5
Aderrasi-ashesofair,presets-extra,5
Aderrasi-ashesofair(remix),presets-extra,5
Aderrasi-ashesofair(stringsmix),presets-extra,5
Aderrasi-ashesofclouds,presets-extra,5
Aderrasi-backgroundnoise,presets-extra,5
Aderrasi-barcodeofhonor,presets-extra,5
Aderrasi-beta,presets-extra,6
Aderrasi-beyondreason,presets-extra,6
Aderrasi-bittercrew,presets-extra,6
Aderrasi-bitterfeld,presets-extra,6
Aderrasi-bitterfeld(condensationmix),presets-extra,6
Aderrasi-bitterfeld(crystalbordermix),presets-extra,6
Aderrasi-blender,presets-extra,6
Aderrasi-blindrage,presets-extra,6
Aderrasi-blooming,presets-extra,6
Aderrasi-boundsound,presets-extra,6
Aderrasi-boundsound(round2mix),presets-extra,6
Aderrasi-bowtogravity,presets-extra,6
Aderrasi-brakefreak,presets-extra,6
Aderrasi-brakefreak(2),presets-extra,6
Aderrasi-brakefreak(314159265),presets-extra,6
Aderrasi-brush,presets-extra,6
Aderrasi-brush(itisntmovingalotmoremi,presets-extra,6
Aderrasi-burningform,presets-extra,6
Aderrasi-burningform(seethingmassmix),presets-extra,6
Aderrasi-burningform(sonofsunmix),presets-extra,6
Aderrasi-candyavian,presets-extra,6
Aderrasi-carelessweaver,presets-extra,6
Aderrasi-causeandeffort,presets-extra,6
Aderrasi-causewayofdrea(deepsleepmix),presets-extra,6
Aderrasi-causewayofdrea(nightmaremix),presets-extra,6
Aderrasi-causewayofdreams,presets-extra,6
Aderrasi-causewayofdreams(pointmix),presets-extra,6
Aderrasi-causewayofdreams(remix),presets-extra,6
Aderrasi-cellulardungeon,presets-extra,6
Aderrasi-chromaticabyss,presets-extra,6
Aderrasi-chromaticabyss(blindspotmix),presets-extra,6
Aderrasi-chromaticabyss(onerotationmi,presets-extra,6
Aderrasi-chromaticabyss(refinedabyssm,presets-extra,6
Aderrasi-chromaticabyss(theotherside),presets-extra,6
Aderrasi-chromaticire,presets-extra,6
Aderrasi-chromaticire(signaturemix),presets-extra,6
Aderrasi-chromatictunnel,presets-extra,6
Aderrasi-circlefacad,presets-extra,6
Aderrasi-circlefacade,presets-extra,6
Aderrasi-cloudedprocession,presets-extra,6
Aderrasi-comeonthen,presets-extra,6
Aderrasi-comeonthen(fibreopticsmix),presets-extra,6
Aderrasi-comeonthen(quartermix),presets-extra,6
Aderrasi-comeonthen(r-convertermix),presets-extra,6
Aderrasi-comeonthen(s-convertermix),presets-extra,6
Aderrasi-containednebula,presets-extra,6
Aderrasi-contortion,presets-extra,6
Aderrasi-contortion(eggoftimemix),presets-extra,6
Aderrasi-contortion(escherstunnelmix),presets-extra,6
Aderrasi-contortion(flairmix),presets-extra,6
Aderrasi-contortion(heavenandhellmix),presets-extra,6
Aderrasi-contortion(widetwistmix),presets-extra,6
Aderrasi-contortion(xenomorphmix),presets-extra,6
Aderrasi-contortionsp(side-sourcemix),presets-extra,6
Aderrasi-contortionsphere,presets-extra,6
Aderrasi-coreofpurecorruption,presets-extra,6
Aderrasi-corewithoutcorruption,presets-extra,6
Aderrasi-crossroads,presets-extra,6
Aderrasi-crossroads(twitchmix),presets-extra,6
Aderrasi-crusader,presets-extra,6
Aderrasi-darkmatter,presets-extra,6
Aderrasi-darkmatter(conversemix),presets-extra,6
Aderrasi-deathstar(stardeathmix),presets-extra,6
Aderrasi-differentwaves,presets-extra,6
Aderrasi-discordia,presets-extra,6
Aderrasi-discordia(orbkinmix),presets-extra,6
Aderrasi-discordiad-s,presets-extra,6
Aderrasi-diseasedbadbasspulsar,presets-extra,6
Aderrasi-diseasedbasspulsar,presets-extra,6
Aderrasi-drains,presets-extra,6
Aderrasi-drains(attenuatedmix),presets-extra,6
Aderrasi-drains(mobilemix),presets-extra,6
Aderrasi-drains(wrapmix),presets-extra,6
Aderrasi-earth,presets-extra,6
Aderrasi-earth(livelymix),presets-extra,6
Aderrasi-economyofcolor,presets-extra,6
Aderrasi-economyofcolor(remix),presets-extra,6
Aderrasi-economyofturning,presets-extra,6
Aderrasi-elastoid,presets-extra,6
Aderrasi-elastoid(remix),presets-extra,6
Aderrasi-embraceyourself,presets-extra,6
Aderrasi-engelstwistedalloy,presets-extra,6
Aderrasi-engineofsound,presets-extra,6
Aderrasi-engineofsound(bassbasemix),presets-extra,6
Aderrasi-engineofsound(recedingmix),presets-extra,6
Aderrasi-ert,presets-extra,6
Aderrasi-ert(energymix),presets-extra,6
Aderrasi-ert(warymix),presets-extra,6
Aderrasi-exeter,presets-extra,6
Aderrasi-expressionistcircles,presets-extra,6
Aderrasi-fabricatedcrystal,presets-extra,6
Aderrasi-fabricatedcrystalheart,presets-extra,6
Aderrasi-fabricationmirrorweave,presets-extra,6
Aderrasi-fameframe,presets-extra,6
Aderrasi-firstaid,presets-extra,6
Aderrasi-floatersociety,presets-extra,6
Aderrasi-flowingform,presets-extra,6
Aderrasi-fluxroom,presets-extra,6
Aderrasi-fogcollector,presets-extra,6
Aderrasi-four-sidedvortex,presets-extra,6
Aderrasi-gemstonefactory,presets-extra,6
Aderrasi-gemstonefactory(etherealmix),presets-extra,6
Aderrasi-ghast,presets-extra,6
Aderrasi-ghast(fabricationmix),presets-extra,6
Aderrasi-ghast(fullcirclemix),presets-extra,6
Aderrasi-ghast(quarterpastghastmix),presets-extra,6
Aderrasi-ghast(riggedmix),presets-extra,6
Aderrasi-ghastentity,presets-extra,6
Aderrasi-ghastvoyage,presets-extra,6
Aderrasi-ghostempire,presets-extra,6
Aderrasi-ghostempire(remix),presets-extra,6
Aderrasi-glueball,presets-extra,6
Aderrasi-goingandgoing,presets-extra,6
Aderrasi-gravityconform,presets-extra,6
Aderrasi-gridster,presets-extra,6
Aderrasi-haggardhemisphereofcontrol,presets-extra,6
Aderrasi-hallsofcentrifuge,presets-extra,6
Aderrasi-heavyghost,presets-extra,6
Aderrasi-helixofcontrast,presets-extra,6
Aderrasi-horvathsholisticabyss,presets-extra,6
Aderrasi-hypotheticalv(triptichonmix),presets-extra,6
Aderrasi-hypotheticalvoyage,presets-extra,6
Aderrasi-interdictionteamwork,presets-extra,6
Aderrasi-intotheglue,presets-extra,6
Aderrasi-intotheglue(glue),presets-extra,6
Aderrasi-intotheglue(glueglue),presets-extra,6
Aderrasi-invisibleartifactofillusion,presets-extra,6
Aderrasi-kevlar,presets-extra,6
Aderrasi-kevlarabyss,presets-extra,7
Aderrasi-kevlarblastchamber,presets-extra,7
Aderrasi-kevlarengine,presets-extra,7
Aderrasi-kevlarfluid,presets-extra,7
Aderrasi-kevlarfluid(swirl),presets-extra,7
Aderrasi-kevlaroredeposit,presets-extra,7
Aderrasi-kevlartunnel,presets-extra,7
Aderrasi-kingofvegas,presets-extra,7
Aderrasi-leaving,presets-extra,7
Aderrasi-lightavian,presets-extra,7
Aderrasi-living,presets-extra,7
Aderrasi-living(earlyevolutionmix),presets-extra,7
Aderrasi-living(laterevolutionmix),presets-extra,7
Aderrasi-lostin2dimensions,presets-extra,7
Aderrasi-magneticsanity,presets-extra,7
Aderrasi-makingtime,presets-extra,7
Aderrasi-makingtime(crymix),presets-extra,7
Aderrasi-makingtime(swampmix),presets-extra,7
Aderrasi-mask,presets-extra,7
Aderrasi-matterheart,presets-extra,7
Aderrasi-matterheart(shakenmix),presets-extra,7
Aderrasi-matterheart(slowedmix),presets-extra,7
Aderrasi-mechanical,presets-extra,7
Aderrasi-memory,presets-extra,7
Aderrasi-metrictons,presets-extra,7
Aderrasi-mightyguard,presets-extra,7
Aderrasi-mildlymadmixture,presets-extra,7
Aderrasi-mobile5,presets-extra,7
Aderrasi-monoid,presets-extra,7
Aderrasi-motherofpearl,presets-extra,7
Aderrasi-multiviola,presets-extra,7
Aderrasi-negativesun,presets-extra,7
Aderrasi-negativesun(completelydiffer,presets-extra,7
Aderrasi-negativesuni,presets-extra,7
Aderrasi-negativesunii,presets-extra,7
Aderrasi-negativesuniii,presets-extra,7
Aderrasi-negativesuniv,presets-extra,7
Aderrasi-neonshiver,presets-extra,7
Aderrasi-nevermade,presets-extra,7
Aderrasi-nevermadewhole,presets-extra,7
Aderrasi-nightscape,presets-extra,7
Aderrasi-nightscape(remix),presets-extra,7
Aderrasi-nightscape(thetalkermix),presets-extra,7
Aderrasi-obstacular,presets-extra,7
Aderrasi-odetojoy,presets-extra,7
Aderrasi-onewindrose,presets-extra,7
Aderrasi-onewindrosetwice,presets-extra,7
Aderrasi-paintsphere,presets-extra,7
Aderrasi-partymutant,presets-extra,7
Aderrasi-peacefulshattering,presets-extra,7
Aderrasi-planeofreturn,presets-extra,7
Aderrasi-plasma,presets-extra,7
Aderrasi-primarilyanactionstory,presets-extra,7
Aderrasi-pyrokinesis,presets-extra,7
Aderrasi-quantumvariants,presets-extra,7
Aderrasi-radiation,presets-extra,7
Aderrasi-relativetoitself,presets-extra,7
Aderrasi-relaxedfit,presets-extra,7
Aderrasi-ribbons,presets-extra,7
Aderrasi-router,presets-extra,7
Aderrasi-see,presets-extra,7
Aderrasi-sharhostscoherer,presets-extra,7
Aderrasi-sharhostssharedgain,presets-extra,7
Aderrasi-shineslugformula,presets-extra,7
Aderrasi-smokestacker,presets-extra,7
Aderrasi-snowstormdimensi(coloredmix),presets-extra,7
Aderrasi-snowstormdimensi(shattermix),presets-extra,7
Aderrasi-snowstormdimension,presets-extra,7
Aderrasi-snowstormdimension(aroundthe,presets-extra,7
Aderrasi-soulconductor,presets-extra,7
Aderrasi-soundsblue,presets-extra,7
Aderrasi-soundsgreen,presets-extra,7
Aderrasi-soundsred,presets-extra,7
Aderrasi-soundswhite,presets-extra,7
Aderrasi-spiderwebsinthewind,presets-extra,7
Aderrasi-spillgraph,presets-extra,7
Aderrasi-spillswirl,presets-extra,7
Aderrasi-spine,presets-extra,7
Aderrasi-spirits,presets-extra,7
Aderrasi-splatter,presets-extra,7
Aderrasi-spreadsphere,presets-extra,7
Aderrasi-stormoftheeye,presets-extra,7
Aderrasi-stormoftheeye(fogmix),presets-extra,7
Aderrasi-stormoftheeye(thundermix),presets-extra,7
Aderrasi-stranded,presets-extra,7
Aderrasi-stranded(meleemix),presets-extra,7
Aderrasi-strongandweakforce,presets-extra,7
Aderrasi-terrorfromthedeep,presets-extra,7
Aderrasi-thedishes,presets-extra,7
Aderrasi-thedishes(shakenmix),presets-extra,7
Aderrasi-thegreatsuspender,presets-extra,7
Aderrasi-thelurker,presets-extra,7
Aderrasi-thelurker(twinmix),presets-extra,7
Aderrasi-thered&theblue,presets-extra,7
Aderrasi-theunderseer,presets-extra,7
Aderrasi-thicketspace,presets-extra,7
Aderrasi-thisglassdoor,presets-extra,7
Aderrasi-thisisnotmyshif(spheroidmix),presets-extra,7
Aderrasi-thisisnotmyshift,presets-extra,7
Aderrasi-trevisfluidemotion,presets-extra,7
Aderrasi-truesubjectst(puremediummix),presets-extra,7
Aderrasi-truesubjectstar,presets-extra,7
Aderrasi-truesubjectstar(brinstarmix),presets-extra,7
Aderrasi-turningform,presets-extra,7
Aderrasi-turningform(remix),presets-extra,7
Aderrasi-twicerestrained,presets-extra,7
Aderrasi-twicerestrained(fluidmix),presets-extra,7
Aderrasi-uncontroledexperiment,presets-extra,7
Aderrasi-underthemicroscope,presets-extra,7
Aderrasi-variantsofeter(slowdancemix),presets-extra,7
Aderrasi-variantsofeternity,presets-extra,7
Aderrasi-visitor,presets-extra,7
Aderrasi-wandererinrage,presets-extra,7
Aderrasi-wandererinthesnow,presets-extra,7
Aderrasi-wandererinthesnow(remix),presets-extra,7
Aderrasi-wanderermanifesto,presets-extra,7
Aderrasi-wanderersblend,presets-extra,7
Aderrasi-wanderersdream,presets-extra,7
Aderrasi-wandererwithoutself,presets-extra,7
Aderrasi-wandererwithshell,presets-extra,7
Aderrasi-wanderingformula,presets-extra,7
Aderrasi-wanderinginnumbers,presets-extra,7
Aderrasi-warfarepostulate,presets-extra,7
Aderrasi-waterdreamingoffish,presets-extra,7
Aderrasi-wavechaser(fallmix),presets-extra,7
Aderrasi-wavechaser(springmix),presets-extra,7
Aderrasi-wavechaser(summermix),presets-extra,7
Aderrasi-wavechaser(wintermix),presets-extra,7
Aderrasi-waytogo,presets-extra,8
Aderrasi-what(a)world,presets-extra,8
Aderrasi-whatcannotbe,presets-extra,8
Aderrasi-whatcannotbeundone,presets-extra,8
Aderrasi-wherewindweaves,presets-extra,8
Aderrasi-wherewindweaves(slowmix),presets-extra,8
Aderrasi-wishfultinker,presets-extra,8
Aderrasi-withincomesfromchange,presets-extra,8
Aderrasi-worms,presets-extra,8
AkashaDude & Geiss  - Ultima,presets-extra,8
AkashaDude & Geiss - DeltaTango,presets-extra,8
AkashaDude & Geiss - Entryway,presets-extra,8
AkashaDude & Geiss - Entryway_Phat_Edit,presets-extra,8
AkashaDude & Geiss - OrganismSomewhere,presets-extra,8
AkashaDude & Geiss - Phahlsce Pseye,presets-extra,8
AkashaDude & Geiss - Ultima Rule,presets-extra,8
AkashaDude & Geiss -True Psi,presets-extra,8
All Lines Of Force,presets-extra,8
Amandio C - Altar of Pi,presets-extra,8
Amandio C - Flyin` around,presets-extra,8
Amandio C - Goldline (fireworks),presets-extra,8
Amandio C - New routines,presets-extra,8
Amandio C - Small life,presets-extra,8
Amandio C - bossa city,presets-extra,8
Amandio C - bossa city bw,presets-extra,8
Amandio C - bossa city snowy,presets-extra,8
Amandio C - curves test,presets-extra,8
Amandio C - night spectrum,presets-extra,8
Amandio C - seagull,presets-extra,8
Amandio C - shaft,presets-extra,8
Amandio C - spiral ling-ring,presets-extra,8
Ambrosia Myth,presets-extra,8
An AdamFX Infusion - Rovastar - Dark Ritual (Star Of Destiny Mix)Ft AdamFX n Hexocollie - Destiny ReachedFX,presets-extra,8
An AdamFX Infusion - Rovastar - Dark Ritual (Star Of Destiny Mix)Ft AdamFX n Martin,presets-extra,8
An AdamFX n Martin Infusion 2 flexi - Why The Sky Looks Diffrent Today - AdamFx n Martin Infusion - Tack Tile Disfunction B,butterchurnPresets,
Angel Dreams,presets-extra,8
Another Formal System,presets-extra,8
Aquarius,presets-extra,8
Armed Resistance,presets-extra,8
Asi - Ghast Entity,presets-extra,8
Astral Projection,presets-extra,8
Atomic Seashell,presets-extra,8
Awakening,presets-extra,8
B22,presets-extra,8
BDRV - starpaste1,presets-extra,8
BDRV Aderrasi - Accelerator (Contractor Core) BDRV et  AL  rmx1,presets-extra,8
BDRV Aderrasi - Accelerator (Contractor Core) BDRV et  AL  rmx2,presets-extra,8
BDRV Aderrasi - Accelerator (Contractor Core) BDRV et  AL  rmx3,presets-extra,8
BDRV Aderrasi - Accelerator (Orbital Migraine) BDRV et  AL  rmx3,presets-extra,8
BDRV Aderrasi - Accelerator (Orbital Migraine) BDRV et  AL  rmx33,presets-extra,8
BDRV Aderrasi - Accelerator (Orbital Migraine) BDRV et  AL  rmx4,presets-extra,8
BDRV Aderrasi - Accelerator (Plastique Palace) BDRV et  AL  rmx,presets-extra,8
BDRV Aderrasi - Accelerator (Plastique Palace) BDRV et  AL  rmx2,presets-extra,8
BDRV Aderrasi - Accelerator (Plastique Palace) BDRV et  AL  rmx3,presets-extra,8
BDRV Aderrasi - Accelerator (Reactor Chamber) BDRV et  AL  rmx,presets-extra,8
BDRV Aderrasi - Airborne Artifact of Destruction BDRV et  AL  rmx2,presets-extra,8
BDRV Aderrasi - Airhandler (Air of Paradise - Navigator) BDRV et  AL  rmx,presets-extra,8
BDRV Aderrasi - Airhandler (Air of Paradise - Navigator) BDRV et  AL  rmx2,presets-extra,8
BDRV Aderrasi - Airhandler (Air of Paradise) BDRV et  AL  rmx1,presets-extra,8
BDRV Aderrasi - Airhandler (Air of Paradise) BDRV et  AL  rmx2,presets-extra,8
BDRV Aderrasi - Airhandler (Feed) BDRV et  AL  rmx,presets-extra,8
BDRV Aderrasi - Airhandler (Last Breath - Angel Evolution) BDRV et  AL  rmx,presets-extra,8
BDRV Aderrasi - Airhandler (Last Breath) BDRV et  AL  rmx,presets-extra,8
BDRV Aderrasi - Airhandler (Last Breath) BDRV et  AL  rmx2,presets-extra,8
BDRV Aderrasi - Airhandler (Radial Dreamers - Nightmare) wowmhead BDRV et  AL  rmx,presets-extra,8
BDRV Aderrasi - Airhandler (Radial Dreamers) BDRV et  AL  rmxmix,presets-extra,8
BDRV Aderrasi - Arcworld BDRV et  AL  rmx2,presets-extra,8
BDRV Aderrasi - Arcworld BDRV et  AL  rmx2 acid magimix,presets-extra,8
BDRV Aderrasi - Contortion Sphere BDRV et  AL  rmx,presets-extra,8
BDRV Aderrasi - First Aid BDRV et  AL  rmx,presets-extra,8
BDRV Aderrasi - Hackproof (Winterface) BDRV et  AL  rmx,presets-extra,8
BDRV Aderrasi - Hollowpoint (Live Dynamite) BDRV et  AL  rmx,presets-extra,8
BDRV Aderrasi - Negative Sun (Haze Star)BDRV et  AL  rmxmix,presets-extra,8
BDRV Aderrasi - Negative Sun (Haze Star)BDRV et  AL  rmxmix2,presets-extra,8
BDRV Aderrasi - Negative Sun (Haze Star)BDRV et  AL  rmxmix3,presets-extra,8
BDRV Aderrasi - Oracle BDRV et  AL  rmx,presets-extra,8
BDRV Aderrasi - Oracle BDRV et  AL  rmx2,presets-extra,8
BDRV Aderrasi - Oracle BDRV et  AL  rmx3,presets-extra,8
BDRV Aderrasi - Oracle BDRV et  AL  rmx4,presets-extra,8
BDRV Aderrasi - Oracle BDRV et  AL  rmx85 af,presets-extra,8
BDRV Aderrasi - Oracle BDRV et  AL  rmx85a,presets-extra,8
BDRV Aderrasi - Oracle BDRV et  AL  rmx85b,presets-extra,8
BDRV Aderrasi - Potion of Life BDRV et  AL  rmxmix,presets-extra,8
BDRV Aderrasi - Potion of Resurrection BDRV et  AL  rmx2,presets-extra,8
BDRV Aderrasi - Potion of Resurrections2 BDRV et  AL  rmx,presets-extra,8
BDRV BDRV et  AL  rmx - calendar pipe,presets-extra,8
BDRV BDRV et  AL  rmx - calendar pipe 5,presets-extra,8
BDRV BDRV et  AL  rmx - calendar pipe 8 af,presets-extra,8
BDRV BDRV et  AL  rmx - calendar pipe b1,presets-extra,8
BDRV BDRV et  AL  rmx - dst,presets-extra,8
BDRV BDRV et  AL  rmx - dst BDRV et  AL  rmx,presets-extra,8
BDRV BDRV et  AL  rmx et al - electron loom af,presets-extra,8
BDRV BDRV et  AL  rmx et al - phantasm,presets-extra,8
BDRV BDRV et  AL  rmx et al - phantasm 8,presets-extra,8
BDRV BDRV et  AL  rmx et al - phantasm4,presets-extra,8
BDRV BDRV et  AL  rmx et al - phantasm91 af,presets-extra,8
BDRV BDRV et  AL  rmx et al -phantasm2,presets-extra,8
BDRV BDRV et  AL  rmx et al -phantasmii af,presets-extra,8
BDRV BDRV et  AL  rmx pieterp Redi Jedi - tr BDRV et  AL  rmx,presets-extra,8
BDRV BDRV et  AL  rmx pieterp Redi Jedi - tr9,presets-extra,8
BDRV BDRV et  AL  rmx rovastar phat eos - cosmic sea2 BDRV et  AL  rmx,presets-extra,8
BDRV BDRV et  AL  rmx-uu66,presets-extra,8
BDRV BDRV et  AL  rmx-uu66 af,presets-extra,8
BDRV BDRV et  AL  rmx-uu661 af,presets-extra,8
BDRV Benjam & Geiss - Feedback 2 (Boxed remix) BDRV et  AL  rmx,presets-extra,8
BDRV Eo.S. + Phat + fiShbRaiN + Redi Jedi - pictures of insanity BDRV et  AL  rmxmix,presets-extra,8
BDRV Eo.S. + Phat - chasers 19 Portal_v2b BDRV et  AL  rmx,presets-extra,8
BDRV Eo.S. + Phat - chasers 19 Portal_v2b BDRV et  AL  rmxg,presets-extra,8
BDRV Eo.S. + Phat - sentinel linearity BDRV et  AL  rmx,presets-extra,8
BDRV Eo.S. + Redi Jedi - frequency analysis + glowsticks -  glow - o - scope male left handed complements (Milkdrop beta ver2) BDRV et  AL  rmx,presets-extra,8
BDRV Eo.S. + Redi Jedi _Phat_Mexican_Insanity_Pepper_Striped(1.04) BDRV et  AL  rmxweird,presets-extra,8
BDRV Eo.S. - ascopic BDRV et  AL  rmx2,presets-extra,8
BDRV Eo.S. - pulsecube BDRV et  AL  rmxmix,presets-extra,8
BDRV Eo.S. - repeater 09 - rave on a lot of acid and some Karma BDRV et  AL  rmx,presets-extra,8
BDRV Eo.S. Whale_soul BDRV et  AL  rmx,presets-extra,8
BDRV Eo.S._Phat Whale_soul BDRV et  AL  rmx,presets-extra,8
BDRV Fvese - Rebirth (Progression Rot Mix) BDRV et  AL  rmxmix,presets-extra,8
BDRV Krash & Rovastar - Cerebral Demons - Phat + Eo.S Tides Remix BDRV et  AL  rmxmix,presets-extra,8
BDRV Krash & Rovastar - Cerebral Demons - Phat + Eo.S Tides Remix BDRV et  AL  rmxmix1,presets-extra,8
BDRV Krash & Rovastar - Cerebral Demons - Phat + Eo.S Tides Remix BDRV et  AL  rmxmix2,presets-extra,8
BDRV Krash & Rovastar - Cerebral Demons - Phat + Eo.S. braindevil mix BDRV et  AL  rmxmix,presets-extra,8
BDRV Krash & yin + Phat + Eo.S. - Designed to Kill _ruby mix BDRV et  AL  rmxmix,presets-extra,8
BDRV Krash & yin - Electric universe (nuclear secrets) (Phat_nuleus_mix) BDRV et  AL  rmx,presets-extra,8
BDRV Krash - Dynamic Borders 1_Phat_Remix_V4_Eo.S._Edit(Milkdrop Beta5)BDRV et  AL  rmx,presets-extra,8
BDRV Krash - interwoven (nightmare weft)_Phat_Edit_test BDRV et  AL  rmx monkey mix,presets-extra,8
BDRV Mstress - Color Eater BDRV et  AL  rmxmix,presets-extra,8
BDRV Phat and Eo.S. _ shapes are cool_slow_colour_melting_edit BDRV et  AL  rmxmix,presets-extra,8
BDRV Phat and Eo.S. _ shapes are cool_slow_colour_melting_edit BDRV et  AL  rmxmix3,presets-extra,8
BDRV Phat_Eo.S Pop lock BDRV et  AL  rmx,presets-extra,8
BDRV Phat_Eo.S. - Farwell BDRV et  AL  rmx,presets-extra,9
BDRV Phat_Zylot_Eo.S. Trippy_rotation_v2 BDRV et  AL  rmxmix,presets-extra,9
BDRV Phat_Zylot_Eo.S. Trippy_rotation_v2 BDRV et  AL  rmxmix6,presets-extra,9
BDRV Phat_Zylot_Eo.S. rainbow bubble_mid3-starpoints_spirals BDRV et  AL  rmxmix,presets-extra,9
BDRV Phat_Zylot_Eo.S. rainbow bubble_mid3-starpoints_spirals BDRV et  AL  rmxmix2,presets-extra,9
BDRV Phat_Zylot_Eo.S. spiral_Movements_Beatle_square.mix 2,presets-extra,9
BDRV PieturP - triptrap_(ultimate-trip-mix) BDRV et  AL  rmxmix4,presets-extra,9
BDRV Rovastar - serotonomometer,presets-extra,9
BDRV Telek - Matrix Encoding (Progressive Layer Codec Mix) BDRV et  AL  rmx3hj2hg1,presets-extra,9
BDRV et  AL  rmx - calendar pipe z,presets-extra,9
BDRV et AL Aderrasi - Accelerator (Orbital Migraine) bdvr xxx2,presets-extra,9
BDRV et AL Aderrasi - Oracle bdrv global warming  mix xxx,presets-extra,9
BDRV et AL Eo.S - Phat - randombox bdrv xxx,presets-extra,9
BDRV et AL Rovastar - Altars Of Harlequin's Madness (Dark Disorder Mix)xx11112,presets-extra,9
BDRV et AL Rovastar - Cerebral Parasites (Attack Mix) 4,presets-extra,9
BDRV et AL Rovastar - Cerebral photomatamere,presets-extra,9
BDRV et AL phat + Eo.S. - protozoan,presets-extra,9
BDRV et AL shifter - tumbling cubes 5,presets-extra,9
BDRV et AL shifter - tumbling cubic juno vibe,presets-extra,9
BDRV et AL shifter - tumbling cubic juno vibe2,presets-extra,9
BDRV et AL shifter redi- diamonds,presets-extra,9
BDRV et al - electrobolt,presets-extra,9
BDRV fiShbRaiN + Eo.S._Phat - The Machine Final BDRV et  AL  rmx,presets-extra,9
BDRV rmx et al - azurion 23 af,presets-extra,9
Bablonwarp - cataractal 2,presets-extra,9
Bablonwarp - cataractal 2.1,presets-extra,9
Bablonwarp - ooneck fractal ,presets-extra,9
Bablonwarp - ooneck fractal 1,presets-extra,9
Baked-4-20),presets-extra,9
Baked-demonisolation,presets-extra,9
Baked-insertionpoint,presets-extra,9
Baked-narcotichypnotic,presets-extra,9
Baked-rebelliousdarkness,presets-extra,9
Baked-trappedencounter,presets-extra,9
Bdrv - Equinox Equinox 5,presets-extra,9
Bdrv - Equinox Equinox... diamond mesh,presets-extra,9
Bdrv - Equinox Equinox...multiple transform,presets-extra,9
Bdrv - Equinox Equinox...multiple transformh,presets-extra,9
Bdrv - Equinox Equinox...multiple transformh example of messy mesh-jagged,presets-extra,9
Bdrv - Equinox Equinox...multiple transformh example of messy mesh-jagged 2,presets-extra,9
Bdrv - cuddly blob23,presets-extra,9
Bdrv - cuddly blob23 [rotating],presets-extra,9
Bdrv Aderrasi - Accelerator (Mighty Startling) bdrv et.AL,presets-extra,9
Bdrv Aderrasi - Accelerator (Orbital Migraine) BDRV et  AL  rmx8,presets-extra,9
Bdrv Aderrasi - Accelerator (Orbital Migraine) bdrv et.AL46,presets-extra,9
Bdrv Aderrasi - Accelerator (Plastique Garden - The Way Things Always Were) bdrv et.AL,presets-extra,9
Bdrv Aderrasi - Accelerator (Reactor Chamber) BDRV et  AL  rmx2,presets-extra,9
Bdrv Aderrasi - Airborne Artifact of Destruction BDRV et  AL  rmx3,presets-extra,9
Bdrv Aderrasi - Airborne Artifact of Destruction BDRV et  AL  splat rmx,presets-extra,9
Bdrv Aderrasi - Airhandler (Feed) BDRV et  AL  rmx15,presets-extra,9
Bdrv Aderrasi - Airhandler (Feed) BDRV et  AL  rmx15_1,presets-extra,9
Bdrv Aderrasi - Airhandler (Principle of Airworks - Philosphical) bdrv et.AL,presets-extra,9
Bdrv Aderrasi - Arcworld BDRV et  AL  rmx15,presets-extra,9
Bdrv Aderrasi - Armada (Battleship) bdrv et.AL,presets-extra,9
Bdrv Aderrasi - Barcode of Honor bdrv et.AL,presets-extra,9
Bdrv Aderrasi - Brilliance (Mind Bending Substance)bdrv et.AL,presets-extra,9
Bdrv Aderrasi - Chromatic Voyage bdrv et.AL,presets-extra,9
Bdrv Aderrasi - Contortion Sphere bdrv et.AL,presets-extra,9
Bdrv Aderrasi - Curvature of Sound (Infinite Dimensions)bdrv et.AL,presets-extra,9
Bdrv Aderrasi - Divine Finery (Vishnu's Tophat) bdrv et.AL3,presets-extra,9
Bdrv Aderrasi - Divine Finery (Vishnu's Tophat)bdrv et.AL,presets-extra,9
Bdrv Aderrasi - Eruption (Organic Soup) bdrv et.AL,presets-extra,9
Bdrv Aderrasi - Gravity Conform (Quell) bdrv et.AL,presets-extra,9
Bdrv Aderrasi - Hard Drink bdrv et.AL,presets-extra,9
Bdrv Aderrasi - Inhuman Emotion bw5,presets-extra,9
Bdrv Aderrasi - Madness Teaches us to Fight bdrv et.AL,presets-extra,9
Bdrv Aderrasi - Madness Teaches us to Fly bdrv et.AL,presets-extra,9
Bdrv Aderrasi - Negative Sun (Haze Star)BDRV et  AL  rmxmix4,presets-extra,9
Bdrv Aderrasi - Negative Sun (Haze Star)BDRV et  AL  rmxmix4.1 narcotobasin mix,presets-extra,9
Bdrv Aderrasi - Oracle BDRV et  AL  global warming  mix xxx,presets-extra,9
Bdrv Aderrasi - Oracle BDRV et  AL  rmx11,presets-extra,9
Bdrv Aderrasi - Oracle BDRV et  AL  rmx12,presets-extra,9
Bdrv Aderrasi - Oracle BDRV et  AL  rmx12a,presets-extra,9
Bdrv Aderrasi - Oracle BDRV et  AL  rmx2.3,presets-extra,9
Bdrv Aderrasi - Oracle BDRV et  AL  rmx2.4 af,presets-extra,9
Bdrv Aderrasi - Oracle BDRV et  AL  rmx2.5,presets-extra,9
Bdrv Aderrasi - Oracle BDRV et  AL  rmx9,presets-extra,9
Bdrv Aderrasi - Oracle BDRV et  AL  rmx9.1,presets-extra,9
Bdrv Aderrasi - Oracle BDRV et  AL  rmx9.2,presets-extra,9
Bdrv Aderrasi - Oracle BDRV et  AL  rmx9.3,presets-extra,9
Bdrv Aderrasi - Oracle BDRV et  AL  rmx9.4,presets-extra,9
Bdrv Aderrasi - Oracle BDRV et  AL  rmxb af,presets-extra,9
Bdrv Aderrasi - Potion of Life BDRV et  AL  rmxmix 2,presets-extra,9
Bdrv Aderrasi - Potion of Resurrection BDRV et  AL  rmx3,presets-extra,9
Bdrv Aderrasi - Potion of Resurrection BDRV et  AL  rmx4,presets-extra,9
Bdrv Aderrasi - Potion of Resurrection BDRV et  AL  rmx5,presets-extra,9
Bdrv Aderrasi - Potion of Resurrection BDRV et  AL  rmxx,presets-extra,9
Bdrv Aderrasi - Potion of Resurrection BDRV et  AL  rmxx Flintstone  mixed,presets-extra,9
Bdrv Aderrasi - Potion of Resurrections2 bdrv et.AL,presets-extra,9
Bdrv Aderrasi - Potion of Resurrections3 bdrv et.AL7,presets-extra,9
Bdrv Aderrasi - Potion of industrial mixer contract work,presets-extra,9
Bdrv Aderrasi - True Subject Star (Pure Medium) bdrv et.AL,presets-extra,9
Bdrv Aderrasi - Zap bdrv et.AL,presets-extra,9
Bdrv Aderrasi - Zap bdrv et.AL3,presets-extra,9
Bdrv Aderrasi - fang,presets-extra,9
Bdrv Aderrasi - rave algae,presets-extra,9
Bdrv Eo.S - Phat - randombox zzz xxx,presets-extra,9
Bdrv Eo.S - Phat - randombox zzz xxx2,presets-extra,9
Bdrv Eo.S. + Phat - I was looking back at you,presets-extra,9
Bdrv Eo.S. + Phat - chasers 08 nematode_Teal_mix bdrv et.AL,presets-extra,9
Bdrv Eo.S. + Phat - chasers 08 nematode_Teal_mix bdrv et.AL2,presets-extra,9
Bdrv Eo.S. + Phat - chasers 08 nematode_Teal_mix2,presets-extra,9
Bdrv Eo.S. + Phat - chasers 19 Portal_v2 bdrv et.AL,presets-extra,9
Bdrv Eo.S. + Phat - chasers 19 Portal_v2 bdrv et.AL3p,presets-extra,9
Bdrv Eo.S. + Phat - temple sentinel 0737 bdrv et.AL,presets-extra,9
Bdrv Eo.S. + Phat - temple sentinel 0737 bdrv et.AL3,presets-extra,9
Bdrv Eo.S. + Redi Jedi - frequency analysis + glowsticks -  glow - o - scope male left handed complements (Milkdrop beta ver2) BDRV et  AL  rmx2,presets-extra,9
Bdrv Eo.S. + Redi Jedi - frequency analysis + glowsticks -  glow - o - scope male left handed complements (Milkdrop beta ver2) BDRV et  AL  rmxx,presets-extra,9
Bdrv Eo.S. + Redi Jedi - frequency analysis + glowsticks -  glow - o - scope male left handed complements (Milkdrop beta ver2) bdrv et.AL,presets-extra,9
Bdrv Eo.S. + Redi Jedi - frequency analysis + glowsticks -  glow - o - scope male left handed complements (Milkdrop beta ver2) bdrv et.AL2,presets-extra,9
Bdrv Eo.S. + Redi Jedi - frequency analysis + glowsticks -  glow - o - scope male left handed complements (Milkdrop beta ver2) bdrv et.AL7 af,presets-extra,9
Bdrv Eo.S. + Redi Jedi _Phat_Mexican_Insanity_Pepper_Striped(1.04) BDRV et  AL  rmxweirdx,presets-extra,9
Bdrv Eo.S. - blueberry jam ,presets-extra,9
Bdrv Eo.S. - pulsecube BDRV et  AL  rmxmix 2,presets-extra,9
Bdrv Eo.S. - pulsecube BDRV et  AL  rmxmix 24,presets-extra,9
Bdrv Eo.S. - pulsecube BDRV et  AL  rmxmix 26 af,presets-extra,9
Bdrv Eo.S. - pulsecube BDRV et  AL  rmxmix2,presets-extra,9
Bdrv Eo.S. - pulsecube BDRV et  AL  rmxmixx,presets-extra,9
Bdrv Eo.S. - sarc g bdrv et.AL,presets-extra,9
Bdrv Eo.S. Whale_soul BDRV et  AL  rmx2,presets-extra,9
Bdrv Eo.S. Whale_soul BDRV et  AL  rmx5,presets-extra,9
Bdrv Eo.S.+Phat - Flare bdrv et.AL,presets-extra,9
Bdrv Eo.S.+Phat Fractical_dancer bdrv et.AL,presets-extra,9
Bdrv Eo.S.+Phat Fractical_dancer bdrv et.AL2,presets-extra,9
Bdrv Eo.S.+Phat Fractical_dancer bdrv et.AL2s,presets-extra,9
Bdrv Eo.S._Phat Whale_soul BDRV et  AL  rmxx,presets-extra,9
Bdrv Eo.S._Phat blah_blah bdrv et.AL,presets-extra,9
Bdrv Eo.S._Phat_Let_go_Wana_Sezure bdrv et.AL,presets-extra,10
Bdrv Esotic & Rozzor - Pixie Party Light ((No Wave Invasion) Mandala Chill Red Yellow Mix)bdrv et.AL,presets-extra,10
Bdrv Krash & Rovastar - Cerebral Demons - Phat + Eo.S Tides Remix bdrv et  AL  rmxmix bdrv et.AL,presets-extra,10
Bdrv Krash & Rovastar - Cerebral Demons - Phat + Eo.S. braindevil mix BDRV et  AL  stringent rmx ,presets-extra,10
Bdrv Krash & Rovastar - Cerebral Demons - Phat + Eo.S. braindevil mix BDRV et  AL  stringent rmx 2,presets-extra,10
Bdrv Krash & yin + Phat + Eo.S. - Designed to Kill _ruby mix BDRV et  AL  rmxmix2,presets-extra,10
Bdrv Krash & yin + Phat + Eo.S. - Designed to Kill _ruby mix bdrv et.AL,presets-extra,10
Bdrv Krash & yin + Phat + Eo.S. - Designed to Kill _ruby mix bdrv et.AL powerborg mix,presets-extra,10
Bdrv Krash & yin - Electric universe (atomic energy) bdrv et.AL3,presets-extra,10
Bdrv Krash & yin - Electric universe (atomic energy) bdrv et.AL5,presets-extra,10
Bdrv Mstress - Color Eater BDRV et  AL  rmxmix2,presets-extra,10
Bdrv Phat and Eo.S. _ shapes are cool_slow_colour_melting_edit BDRV et  AL  rmxmix2,presets-extra,10
Bdrv Phat and Eo.S. _ shapes are cool_slow_colour_melting_edit BDRV et  AL  rmxmix2x,presets-extra,10
Bdrv Phat_Eo.S Pop lock bdrv et.AL,presets-extra,10
Bdrv Phat_Eo.S. - Farwell BDRV et  AL  rmx2,presets-extra,10
Bdrv Phat_Eo.S. - Farwell BDRV et  AL  rmx2_1,presets-extra,10
Bdrv Phat_Eo.S. Eyes_spiral_mix bdrv et.AL,presets-extra,10
Bdrv Phat_Eo.S. Eyes_spiral_mix bdrv et.AL2,presets-extra,10
Bdrv Phat_Zylot_Eo.S. Trippy_rotation_v2 BDRV et  AL  rmxmix2,presets-extra,10
Bdrv Phat_Zylot_Eo.S. rainbow bubble_mid3-starpoints_shape_edit bdrv et.AL,presets-extra,10
Bdrv Phat_Zylot_Eo.S. rainbow bubble_mid3-starpoints_shape_edit bdrv et.AL2,presets-extra,10
Bdrv Phat_Zylot_Eo.S. rainbow bubble_mid3-starpoints_spirals BDRV et  AL  rmxmix22,presets-extra,10
Bdrv Phat_Zylot_Eo.S. rainbow bubble_mid3-starpoints_spirals xxxx,presets-extra,10
Bdrv PieturP - staring-into-the-sun1 bdrv et.AL,presets-extra,10
Bdrv PieturP - triptrap_(ultimate-trip-mix) BDRV et  AL  rmxmix2,presets-extra,10
Bdrv Rovastar & Che - Adela The Flower (Altars Of Madness Mix 2)BDRV et  AL  rmxmix2,presets-extra,10
Bdrv Rovastar & Che - Adela The Flower (Altars Of Madness Mix 2)BDRV et  AL  rmxmix3,presets-extra,10
Bdrv Rovastar & Zylot - Inside The Transdimensional Portal (Multi Portal Mix) bdrv et.AL,presets-extra,10
Bdrv Rovastar & Zylot - Inside The Transdimensional Portal (Multi Portal Mix) bdrv et.AL2,presets-extra,10
Bdrv Rovastar - Altars Of Harlequin's Madness (Dark Disorder Mix) BDRV et  AL  rmx1.1,presets-extra,10
Bdrv Rovastar - Altars Of Harlequin's Madness (Dark Disorder Mix)s bdrv et.AL,presets-extra,10
Bdrv Rovastar - Fractopia (Fantic Dancing Lights Mix) bdrv et.AL4,presets-extra,10
Bdrv Rovastar - Fractopia (Galaxy Swirl Mix) bdrv et.AL,presets-extra,10
Bdrv Rovastar - Fractopia (Upspoken Mix) bdrv et.AL,presets-extra,10
Bdrv Rovastar - Fractopia (Upspoken Mix) bdrv et.AL5 af,presets-extra,10
Bdrv Rovastar - Fractopia (Upspoken Mix)_Phat_Speak_When_Spoken bdrv et.AL,presets-extra,10
Bdrv Rovastar - Fractopia (Upspoken Mix)_Phat_Speak_When_Spoken_2 bdrv et.AL,presets-extra,10
Bdrv Rovastar - Intense Desire peach mix af,presets-extra,10
Bdrv Rovastar - Intense Desire xxxx,presets-extra,10
Bdrv Rovastar - Kalideostars (Altars Of Madness MIx) bdrv et.AL5,presets-extra,10
Bdrv Rovastar - Kalideostars (Altars Of Madness MIx)bdrv et.AL,presets-extra,10
Bdrv Rovastar - Kalideostars (Altars Of Madness MIx)bdrv et.AL2,presets-extra,10
Bdrv Rovastar - Kalideostars (Altars Of Madness MIx)bdrv et.AL5,presets-extra,10
Bdrv Rovastar - Molten germanium ,presets-extra,10
Bdrv Rovastar - Sea Shells bdrv et.AL,presets-extra,10
Bdrv Rovastar - Sea Shells bdrv et.AL hard drive,presets-extra,10
Bdrv Rovastar - Sea Shells bdrv et.AL3,presets-extra,10
Bdrv Rovastar - VooV's Light Pattern bdrv et.AL,presets-extra,10
Bdrv Rozzor & Shreyas - Distortorama bdrv et.AL,presets-extra,10
Bdrv T-Miles - Halflife 3 BDRV et  AL  rmx3a,presets-extra,10
Bdrv Telek & EMPR - Flexi Warp ,presets-extra,10
Bdrv bdrv et  AL  rmx - dst bdrv et.AL,presets-extra,10
Bdrv bw - wobblinator bdrv et.AL,presets-extra,10
Bdrv bw - wobblinator bdrv et.AL2,presets-extra,10
Bdrv bw phat eos -  reverb 4,presets-extra,10
Bdrv et  AL  rmx - calendar pipe 5,presets-extra,10
Bdrv et  AL  rmx - calendar pipe3,presets-extra,10
Bdrv et  AL  rmx - calendar pipe4,presets-extra,10
Bdrv et  AL  rmx - static rug power zap,presets-extra,10
Bdrv et  AL  rmx - static rug power zapf,presets-extra,10
Bdrv et  AL  rmx et al - phantasm5.2,presets-extra,10
Bdrv et  AL  rmx et al - phantasm5.4,presets-extra,10
Bdrv et AL Aderrasi - Accelerator (Orbital Migraine) bdvr xxx2_1,presets-extra,10
Bdrv et AL Aderrasi - Accelerator (Orbital Migraine) bdvr xxx3,presets-extra,10
Bdrv et AL Aderrasi - Accelerator (Orbital Migraine) bdvr xxx4,presets-extra,10
Bdrv et AL Eo.S - Phat - randombox bdrv xxx_1,presets-extra,10
Bdrv et al Rovastar - azurione 2.1,presets-extra,10
Bdrv fiShbRaiN - gandalf does it best (pipeweed remix v2)2,presets-extra,10
Bdrv fiShbRaiN - gandalf does it best (pipeweed remix v2)2c,presets-extra,10
Bdrv phat + Eo.S. - Bass_responce_Red_Movements_Disorienting nebula2 bdrv et.AL,presets-extra,10
Bdrv shifter - a thousand monkeys_phat_edit (subliminal mix)(banner) bdrv et.AL,presets-extra,10
Bdrv shifter - artefact bdrv et.AL,presets-extra,10
Bdrv shifter - artefact psychotrope bdrv et.AL,presets-extra,10
Bdrv shifter - cellular bdrv et.AL,presets-extra,10
Bdrv shifter - cellular_Phat_YAK_Infusion bdrv et.AL2,presets-extra,10
Bdrv shifter - cellular_Phat_YAK_Infusion bdrv et.AL3,presets-extra,10
Bdrv shifter - escape the worm Telek - Eo.S. + Phat - Before_It_Eats_Your_Brain_Mix_v2 bdrv et.AL,presets-extra,10
Bdrv shifter - escape the worm Telek - Eo.S. + Phat - whale smile bdrv et.AL,presets-extra,10
Bdrv shifter - escape the worm Telek - Eo.S. + Phat More responsive edit bdrv et.AL7,presets-extra,10
Bdrv shifter - escape the worm Telek - Eo.S. + Phat More responsive edit blarg bdrv et.AL8,presets-extra,10
Bdrv shifter - escape the worm Telek - Eo.S. + Phat More responsive edit blarg bdrv et.AL8 radar mix,presets-extra,10
Bdrv shifter - escape the worm Telek - Eo.S. + Phat Tangeren_singularitys_mix bdrv et.AL,presets-extra,10
Bdrv shifter - escape the worm Telek - Eo.S. + Phat Tangeren_singularitys_mix bdrv et.AL2,presets-extra,10
Bdrv shifter - escape the worm Telek - Eo.S. + Phat Tangeren_singularitys_mix bdrv et.AL2 deep sea mix,presets-extra,10
Bdrv shifter - escape the worm Telek - Eo.S. + Phat Water_Colors bdrv et.AL,presets-extra,10
Bdrv shifter - escape the worm Telek - Eo.S. + Phat Water_Colors bdrv et.AL North Pole mix,presets-extra,10
Bdrv shifter - escape the worm Telek - Eo.S. + Phat Well_Placed_Frame_Rate_Drop_Mix bdrv et.AL  barftal,presets-extra,10
Bdrv shifter - escape the worm Telek - Eo.S. + Phat Well_Placed_Frame_Rate_Drop_Mix bdrv et.AL  barftal2,presets-extra,10
Bdrv shifter - escape the worm Telek - Eo.S. + Phat Well_Placed_Frame_Rate_Drop_Mix bdrv et.AL 5,presets-extra,10
Bdrv shifter - escape the worm Telek - Eo.S. + Phat Well_Placed_Frame_Rate_Drop_Mix bdrv et.AL3,presets-extra,10
Bdrv shifter - escape the worm Telek - Eo.S. + Phat Well_Placed_Frame_Rate_Drop_Mix bdrv et.AL4,presets-extra,10
Bdrv shifter - escape the worm Telek - Eo.S. + Phat Well_Placed_Frame_Rate_Drop_Mix bdrv et.AL6,presets-extra,10
Bdrv shifter - escape the worm Telek - Eo.S. + Phat responsive edit bdrv et.AL,presets-extra,10
Bdrv shifter - escape the worm Telek - Eo.S. + Phat responsive edit bdrv et.AL radar mix,presets-extra,10
Bdrv shifter - escape the worm Telek bdrv et.AL2 af,presets-extra,10
Bdrv shifter - escape the worm Telek bdrv et.ALz,presets-extra,10
Bdrv shifter - eye of the world bdrv et.AL,presets-extra,10
Bdrv shifter - feathers (angel wings)_phat_remix4 bdrv et  AL  rmxmix bdrv et.AL,presets-extra,10
Bdrv shifter - feathers (angel wings)_phat_remix4 bdrv et  AL  rmxmix bdrv et.AL5,presets-extra,10
Bdrv shifter - feathers (angel wings)_phat_remix7,presets-extra,10
Bdrv shifter - feathers (angel wings)_phat_remix8,presets-extra,10
Bdrv shifter - feathers (angel wings)_phat_remix_a bdrv et.AL,presets-extra,10
Bdrv shifter - ice ripples BDRV et  AL  rmx2,presets-extra,10
Bdrv shifter - morphid BDRV et  AL  rmxmix,presets-extra,10
Bdrv shifter - pinwheel bdrv et.AL,presets-extra,10
Bdrv shifter -alien pulsar bdrv et.AL,presets-extra,10
Bdrv yin - 315 - Ocean of Light (yo im peakin yo Eo.S.-Phat) BDRV et  AL  rmxmix3,presets-extra,10
Beat Test v2,presets-extra,10
Beat Test v3,presets-extra,10
Behold,presets-extra,10
Bellaluna,presets-extra,10
Bellanova,presets-extra,10
Bellows JD,presets-extra,10
Benjam & Geiss - Feedback 2 (Boxed remix),presets-extra,10
Benjam & Geiss - Feedback 2 (Clean remix),presets-extra,10
Benjam & Geiss - Feedback 2 (Reversed remix),presets-extra,10
Benjam & Zylot - Dust on the Lens,presets-extra,10
Benjam & Zylot - Dust on the Lens (Light of the Ancient Ones mix),presets-extra,10
Benjam & Zylot - Dust on the Lens (Warped Light of the Ancient Ones mix),presets-extra,10
Benjam & Zylot - Fractal Timepiece,presets-extra,10
Benjam & Zylot - Light of the Ancient Ones,presets-extra,10
Benjam - Dust on the Lens,presets-extra,10
Benjam - Dust on the Lens (Light of the Ancient Ones mix),presets-extra,10
Benjam - Dust on the Lens (Warped Light of the Ancient Ones mix),presets-extra,10
Benjam - Fractal Timepiece,presets-extra,10
Benjam - Grid (Color remix),presets-extra,10
Benjam - Grid (Dot remix),presets-extra,10
Benjam - Infinite Hallways,presets-extra,11
Benjam - Tie-Dye Supernova,presets-extra,11
Benjam - Tie-Dye Supernova (Twisted remix),presets-extra,11
Benjam and Zylot - Tie-Dye Supernova (Sunspots Mix),presets-extra,11
Benjam and Zylot - Tie-Dye Supernova - cake spread,presets-extra,11
Benjam and Zylot - Tie-Dye Supernova - greazy demon cum,presets-extra,11
Benjam and Zylot - Tie-Dye Supernova - prophecies,presets-extra,11
Benjam and Zylot - Tie-Dye Supernova - rewriting your mindhole os,presets-extra,11
Benjam and Zylot - Tie-Dye Supernova - veinous,presets-extra,11
Bennettp - Electrical Storm,presets-extra,11
Bennettp - Electrical Storm (Swirl Mix),presets-extra,11
Bennettp - Evil Spin,presets-extra,11
Bennettp - Holy 1,presets-extra,11
Bennettp - Holy 2,presets-extra,11
Bennettp - Tortured Nebula,presets-extra,11
Bennettp - Tortured Nebula (Sumpkin Spin),presets-extra,11
Bennettp - Warpy,presets-extra,11
Bennettp-electricalstorm,presets-extra,11
Bennettp-evilspin,presets-extra,11
Bennettp-holy1,presets-extra,11
Bennettp-holy2,presets-extra,11
Bennettp-torturednebula,presets-extra,11
Bennettp-warpy,presets-extra,11
Beyond the Looking Glass,presets-extra,11
Biclops - Circle Squared,presets-extra,11
Biclops - Infinity Squared,presets-extra,11
Biclops-circlesquared,presets-extra,11
Biclops-infinitysquared,presets-extra,11
Bizum - Samfing,presets-extra,11
Bizum - kaleidoscope,presets-extra,11
Bizum-kaleidoscope,presets-extra,11
Bizum-samfing,presets-extra,11
Bizzare Sandstorm JD,presets-extra,11
Black Hole,presets-extra,11
Black Hole JD,presets-extra,11
Blame Warrant,presets-extra,11
Blank,presets-extra,11
Blank - Che and Unchained beat code,presets-extra,11
Blank - Custom Zoom,presets-extra,11
Blank - Idiot beat code,presets-extra,11
Blank - Indecisive Code - Cx and Cy,presets-extra,11
Blank - Indecisive Code - Mv,presets-extra,11
Blank - Indecisive Code - Wave,presets-extra,11
Blank - Krash Beat code,presets-extra,11
Blank - Krash Ripple Code,presets-extra,11
Blank - Thresh,presets-extra,11
Blank - Unchained Beat Code,presets-extra,11
Blank - Zylot Counter System,presets-extra,11
Blank - idiot Timed Vars,presets-extra,11
Blank Preset,presets-extra,11
Blank test2,presets-extra,11
Blank- Krash Bouncing Ball Code,presets-extra,11
BlastOffTek - BlastOffTek's Beat Code,presets-extra,11
Blasto,presets-extra,11
Blastofftek - Plasma Revisited,presets-extra,11
Blitzing eights,presets-extra,11
BlownAway Again Adam FX 2 suksma + Future light show  - Reaction in color Hexocollie AdamFXRemixed Twice 3 Ft Flexi 2,presets-extra,11
Blue Shining,presets-extra,11
Bmelgren & Illusion - Snowflake,presets-extra,11
Bmelgren & Krash - Aenema 2,presets-extra,11
Bmelgren & Krash - Aenema 3,presets-extra,11
Bmelgren & Krash - Hypnotic Poltergeist 1,presets-extra,11
Bmelgren & Krash - Hypnotic Poltergeist 2,presets-extra,11
Bmelgren & Krash - Rainbow Orb Peacock (Centred Journey Mix 1),presets-extra,11
Bmelgren & Krash - Rainbow Orb Peacock (Centred Journey Mix 2),presets-extra,11
Bmelgren & Krash - Rainbow Orb Peacock (Compelling Vision Mix),presets-extra,11
Bmelgren & Krash - Rainbow Orb Peacock (Finest Flight Mix),presets-extra,11
Bmelgren & Krash - Rainbow Orb Peacock (Lonely Signal Gone Brave Mix),presets-extra,11
Bmelgren & Krash - Rainbow Orb Peacock (Lonely Signal Gone Mad Mix),presets-extra,11
Bmelgren & Krash - Rainbow Orb Peacock (Sonic Flame Mix),presets-extra,11
Bmelgren & Krash - Rainbow Orb Peacock (Unknowable Mix 1),presets-extra,11
Bmelgren & Krash - Rainbow Orb Peacock (Unknowable Mix 2),presets-extra,11
Bmelgren & Krash - Rainbow Orb Peacock (Unknowable Mix 3),presets-extra,11
Bmelgren & Krash - Rainbow Orb Peacock (Unknowable Mix 4),presets-extra,11
Bmelgren & Krash - Rainbow Orb Peacock (Unknowable Mix 5),presets-extra,11
Bmelgren & Krash - Rainbow Orb Peacock (Unknowable Mix 6),presets-extra,11
Bmelgren & Krash - Rainbow Reflection (Collisions on the Chain of Life),presets-extra,11
Bmelgren & Krash - Schizophrenia 1,presets-extra,11
Bmelgren & Krash - Schizophrenia 2,presets-extra,11
Bmelgren & Rovastar - Celestial Sphere (Dippity Doo),presets-extra,11
Bmelgren & Rovastar - Java's Digital Altar,presets-extra,11
Bmelgren & Rovastar - Jester's Awakening (Remix),presets-extra,11
Bmelgren & Rovastar - Return To The Source,presets-extra,11
Bmelgren & Rovastar - Schisathing 1,presets-extra,11
Bmelgren & Rovastar - Schisathing 2,presets-extra,11
Bmelgren & Rovastar - Schisathing 3,presets-extra,11
Bmelgren & Rovastar - Schisathing 4,presets-extra,11
Bmelgren & Rovastar - Schisathing 5,presets-extra,11
Bmelgren & Rovastar - Schisathing 6,presets-extra,11
Bmelgren & Rovastar - Schisathing 7,presets-extra,11
Bmelgren & Rovastar - Schisathing Coalescence 1,presets-extra,11
Bmelgren & Rovastar - Schisathing Coalescence 2,presets-extra,11
Bmelgren & Rovastar - Stepping Temple (Iron Cross),presets-extra,11
Bmelgren & Rovastar - Stepping Temple (Spectral Sphincter),presets-extra,11
Bmelgren & Rovastar - Throbbing Northern Lights,presets-extra,11
Bmelgren & Rovastar - Urza's Revenge 1,presets-extra,11
Bmelgren & Rovastar - Urza's Revenge 2,presets-extra,11
Bmelgren & StudioMusic - More Cherished Desires,presets-extra,11
Bmelgren & Stuttler - LSD Bloom (Inner Dimension Mix),presets-extra,11
Bmelgren & Unchained - Ambrosia Myth (Mythic Rain Mix),presets-extra,11
Bmelgren & Unchained - Ambrosia Myth (Spinning Rain Mix),presets-extra,11
Bmelgren & Unchained - Beautiful Strange 1,presets-extra,11
Bmelgren & Unchained - Beautiful Strange 2,presets-extra,11
Bmelgren & Unchained - Beautiful Strange 3,presets-extra,11
Bmelgren & Unchained - Effort (Remix),presets-extra,11
Bmelgren & Unchained - Mind Of Morat 2,presets-extra,11
Bmelgren & Unchained - Mind Of Morat 3,presets-extra,11
Bmelgren & Unchained - Mind Of Morat 4,presets-extra,11
Bmelgren & Unchained - Morat's Soul Cage 1,presets-extra,11
Bmelgren & Unchained - Morat's Soul Cage 2,presets-extra,11
Bmelgren & Unchained - Roadkill Diner (Remix),presets-extra,11
Bmelgren & Unchained - Shamed Into Silence 1,presets-extra,11
Bmelgren & Unchained - Shamed Into Silence 2,presets-extra,11
Bmelgren & Unchained - Spirit Morph (Spacetime Blipknot),presets-extra,11
Bmelgren + Krash - Rainbow Orb Peacock (Centred Journey Mix 2),presets-extra,11
Bmelgren - Acid Iris,presets-extra,11
Bmelgren - Alien Artifact,presets-extra,11
Bmelgren - Angel Dreams,presets-extra,11
Bmelgren - Behold,presets-extra,11
Bmelgren - Fandancer,presets-extra,11
Bmelgren - Get Our Wings,presets-extra,11
Bmelgren - Getter Sun 1,presets-extra,11
Bmelgren - Getter Sun 2,presets-extra,11
Bmelgren - Getter Sun 3,presets-extra,11
Bmelgren - God's Parakeet,presets-extra,11
Bmelgren - Godhead,presets-extra,11
Bmelgren - Hungry Orbits,presets-extra,11
Bmelgren - Jump N Shout,presets-extra,11
Bmelgren - Liquirdo 1,presets-extra,12
Bmelgren - Liquirdo 2,presets-extra,12
Bmelgren - Living Rainbow,presets-extra,12
Bmelgren - Morpherous 1,presets-extra,12
Bmelgren - Morpherous 2,presets-extra,12
Bmelgren - Morpherous 3,presets-extra,12
Bmelgren - Morpherous REVIS 2,presets-extra,12
Bmelgren - Nascent Spheres,presets-extra,12
Bmelgren - Oh Yes,presets-extra,12
Bmelgren - Pentultimate Nerual Slipstream (Tweak 2),presets-extra,12
Bmelgren - Penultimate Neural Slipstream,presets-extra,12
Bmelgren - Penultimate Neural Slipstream 2,presets-extra,12
Bmelgren - Recursive Journeys,presets-extra,12
Bmelgren - Schismatichrome,presets-extra,12
Bmelgren - Shimmer N Shine,presets-extra,12
Bmelgren - Shimmer-n-Shine,presets-extra,12
Bmelgren - Smokin' Chrome,presets-extra,12
Bmelgren - Take This Highway,presets-extra,12
Bmelgren - Tapestry,presets-extra,12
Bmelgren - Tapistry,presets-extra,12
Bmelgren - The Cusp,presets-extra,12
Bmelgren - Tonic,presets-extra,12
Bmelgren - iron cross,presets-extra,12
Bmelgren&Krash-RainbowOrbPeacock(,presets-extra,12
Bmelgren&Krash-RainbowOrbPeacock(Cen0,presets-extra,12
Bmelgren&Krash-RainbowOrbPeacock(Comp,presets-extra,12
Bmelgren&Krash-RainbowOrbPeacock(Fine,presets-extra,12
Bmelgren&Krash-RainbowOrbPeacock(Lon0,presets-extra,12
Bmelgren&Krash-RainbowOrbPeacock(Soni,presets-extra,12
Bmelgren&Krash-RainbowOrbPeacock(U,presets-extra,12
Bmelgren&Krash-RainbowOrbPeacock(Un,presets-extra,12
Bmelgren&Krash-RainbowOrbPeacock(Unk,presets-extra,12
Bmelgren&Krash-RainbowOrbPeacock(Unk0,presets-extra,12
Bmelgren&Krash-RainbowOrbPeacock(Unkn,presets-extra,12
Bmelgren&Rovastar-CelestialSphere(Dip,presets-extra,12
Bmelgren&Rovastar-Java'sDigitalAltar,presets-extra,12
Bmelgren&Rovastar-Jester'sAwakening(R,presets-extra,12
Bmelgren&Rovastar-SchisathingCoalesc0,presets-extra,12
Bmelgren&Rovastar-SchisathingCoalesce,presets-extra,12
Bmelgren&Rovastar-SteppingTemple(Iron,presets-extra,12
Bmelgren&Rovastar-SteppingTemple(Spec,presets-extra,12
Bmelgren&Rovastar-Urza'sRevenge1,presets-extra,12
Bmelgren&Rovastar-Urza'sRevenge2,presets-extra,12
Bmelgren&Unchained-AmbrosiaMyth(Mythi,presets-extra,12
Bmelgren&Unchained-AmbrosiaMyth(Spinn,presets-extra,12
Bmelgren&Unchained-Morat'sSoulCage1,presets-extra,12
Bmelgren&Unchained-Morat'sSoulCage2,presets-extra,12
Bmelgren&Unchained-RoadkillDiner(Remi,presets-extra,12
Bmelgren&Unchained-SpiritMorph(Spacet,presets-extra,12
Bmelgren&illusion-snowflake,presets-extra,12
Bmelgren&krash-aenema2,presets-extra,12
Bmelgren&krash-aenema3,presets-extra,12
Bmelgren&krash-hypnoticpoltergeist1,presets-extra,12
Bmelgren&krash-hypnoticpoltergeist2,presets-extra,12
Bmelgren&krash-r(compellingvisionmix),presets-extra,12
Bmelgren&krash-ra(centredjourneymix1),presets-extra,12
Bmelgren&krash-ra(centredjourneymix2),presets-extra,12
Bmelgren&krash-rainb(finestflightmix),presets-extra,12
Bmelgren&krash-rainbo(unknowablemix1),presets-extra,12
Bmelgren&krash-rainbo(unknowablemix2),presets-extra,12
Bmelgren&krash-rainbo(unknowablemix3),presets-extra,12
Bmelgren&krash-rainbo(unknowablemix4),presets-extra,12
Bmelgren&krash-rainbo(unknowablemix5),presets-extra,12
Bmelgren&krash-rainbo(unknowablemix6),presets-extra,12
Bmelgren&krash-rainbow(sonicflamemix),presets-extra,12
Bmelgren&krash-rainboworbpeacock(lon,presets-extra,12
Bmelgren&krash-rainboworbpeacock(lone,presets-extra,12
Bmelgren&krash-rainbowreflection(coll,presets-extra,12
Bmelgren&krash-schizophrenia1,presets-extra,12
Bmelgren&krash-schizophrenia2,presets-extra,12
Bmelgren&rovastar-(spectralsphincter),presets-extra,12
Bmelgren&rovastar-celesti(dippitydoo),presets-extra,12
Bmelgren&rovastar-javasdigitalaltar,presets-extra,12
Bmelgren&rovastar-jestersawake(remix),presets-extra,12
Bmelgren&rovastar-returntothesource,presets-extra,12
Bmelgren&rovastar-schisathing1,presets-extra,12
Bmelgren&rovastar-schisathing2,presets-extra,12
Bmelgren&rovastar-schisathing3,presets-extra,12
Bmelgren&rovastar-schisathing4,presets-extra,12
Bmelgren&rovastar-schisathing5,presets-extra,12
Bmelgren&rovastar-schisathing6,presets-extra,12
Bmelgren&rovastar-schisathing7,presets-extra,12
Bmelgren&rovastar-schisathingcoalesc1,presets-extra,12
Bmelgren&rovastar-schisathingcoalesc2,presets-extra,12
Bmelgren&rovastar-stepping(ironcross),presets-extra,12
Bmelgren&rovastar-throbbingnorthernli,presets-extra,12
Bmelgren&rovastar-urzasrevenge1,presets-extra,12
Bmelgren&rovastar-urzasrevenge2,presets-extra,12
Bmelgren&studiomusic-morecherisheddes,presets-extra,12
Bmelgren&stuttler-lsdbloom(innerdimen,presets-extra,12
Bmelgren&unchained(spacetimeblipknot),presets-extra,12
Bmelgren&unchained-a(spinningrainmix),presets-extra,12
Bmelgren&unchained-amb(mythicrainmix),presets-extra,12
Bmelgren&unchained-beautifulstrange1,presets-extra,12
Bmelgren&unchained-beautifulstrange2,presets-extra,12
Bmelgren&unchained-beautifulstrange3,presets-extra,12
Bmelgren&unchained-effort(remix),presets-extra,12
Bmelgren&unchained-mindofmorat2,presets-extra,12
Bmelgren&unchained-mindofmorat3,presets-extra,12
Bmelgren&unchained-mindofmorat4,presets-extra,12
Bmelgren&unchained-moratssoulcage1,presets-extra,12
Bmelgren&unchained-moratssoulcage2,presets-extra,12
Bmelgren&unchained-roadkilldin(remix),presets-extra,12
Bmelgren&unchained-shamedintosilence1,presets-extra,12
Bmelgren&unchained-shamedintosilence2,presets-extra,12
Bmelgren-God'sParakeet,presets-extra,12
Bmelgren-PenultimateNeuralSlipstream0,presets-extra,12
Bmelgren-Smokin'Chrome,presets-extra,12
Bmelgren-acidiris,presets-extra,12
Bmelgren-alienartifact,presets-extra,12
Bmelgren-angeldreams,presets-extra,12
Bmelgren-behold,presets-extra,12
Bmelgren-fandancer,presets-extra,12
Bmelgren-getourwings,presets-extra,12
Bmelgren-gettersun1,presets-extra,12
Bmelgren-gettersun2,presets-extra,12
Bmelgren-gettersun3,presets-extra,12
Bmelgren-godhead,presets-extra,12
Bmelgren-godsparakeet,presets-extra,12
Bmelgren-hmmm,presets-extra,12
Bmelgren-hungryorbits,presets-extra,12
Bmelgren-hyperspacevariant,presets-extra,12
Bmelgren-jumpnshout,presets-extra,12
Bmelgren-latticenoire,presets-extra,12
Bmelgren-liquirdo1,presets-extra,12
Bmelgren-liquirdo2,presets-extra,12
Bmelgren-livingrainbow,presets-extra,12
Bmelgren-morpherous1,presets-extra,12
Bmelgren-morpherous2,presets-extra,13
Bmelgren-nascentspheres,presets-extra,13
Bmelgren-ohyes,presets-extra,13
Bmelgren-penultimateneuralslipstream,presets-extra,13
Bmelgren-penultimateneuralslipstream2,presets-extra,13
Bmelgren-quiver,presets-extra,13
Bmelgren-recursivejourneys,presets-extra,13
Bmelgren-schismatichrome,presets-extra,13
Bmelgren-shimmernshine,presets-extra,13
Bmelgren-smokinchrome,presets-extra,13
Bmelgren-takethishighway,presets-extra,13
Bmelgren-tapestry,presets-extra,13
Bmelgren-thecusp,presets-extra,13
Bmelgren-tonic,presets-extra,13
Bmelgren-veiledreference,presets-extra,13
Border-magic,presets-extra,13
Boz & Rovastar - Braindance (Sonicbloom Mix),presets-extra,13
Boz & Rovastar - Cosmic Echoes (Cup O Tea Mix),presets-extra,13
Boz & Rovastar - Pendant Of Tyr,presets-extra,13
Boz & Zylot - Epilleptic Nightmare (I'm Going To Be Sick Mix),presets-extra,13
Boz - All Night Cashews,presets-extra,13
Boz - Backdraft,presets-extra,13
Boz - BassFunk,presets-extra,13
Boz - Bird Of Paradise,presets-extra,13
Boz - Blah Revisited (Retirement Mix),presets-extra,13
Boz - Buckwild,presets-extra,13
Boz - Buckwild (Sheltered Mix),presets-extra,13
Boz - Crystal Tunnel Of Tyr (Color & Beatfix Mix),presets-extra,13
Boz - Crystal Tunnel of Tyr,presets-extra,13
Boz - Crystal Tunnel of Tyr(color and beatfix),presets-extra,13
Boz - Flip'd Moshun,presets-extra,13
Boz - Foot Plague,presets-extra,13
Boz - Going Blind,presets-extra,13
Boz - HolyDamn,presets-extra,13
Boz - Infinity Sphere,presets-extra,13
Boz - It'll Give You Cancer,presets-extra,13
Boz - Mixin' It Up,presets-extra,13
Boz - More Than That,presets-extra,13
Boz - Sunshowers,presets-extra,13
Boz - Supercallifragiliciousexpealidocious,presets-extra,13
Boz - Wall Climbers,presets-extra,13
Boz - Who knows,presets-extra,13
Boz - Who knows.,presets-extra,13
Boz - blah,presets-extra,13
Boz - sqr(round),presets-extra,13
Boz - supercallifragiliciousexpealidocious... or something to that effect.,presets-extra,13
Boz and Rovastar - Braindance (sonicbloom mix),presets-extra,13
Boz and Rovastar - Cosmic Echoes (Cup O Tea Mix);,presets-extra,13
Boz and Zylot - Spirit Energy (Angry Soul's reMix),presets-extra,13
Boz and Zylot - Spirit Energy (Soul Pyre Mix),presets-extra,13
Boz and Zylot and Idiot 24-7 - Epilleptic Nightmare (I'm going to be sick),presets-extra,13
Boz&Rovastar-Braindance(SonicbloomMix,presets-extra,13
Boz&Zylot-EpillepticNightmare(I'mGoin,presets-extra,13
Boz&rovastar-braindanc(sonicbloommix),presets-extra,13
Boz&rovastar-cosmicechoes(cupoteamix),presets-extra,13
Boz&rovastar-pendantoftyr,presets-extra,13
Boz&zylot-epillepticnightmare(imgoing,presets-extra,13
Boz-Flip'dMoshun,presets-extra,13
Boz-It'llGiveYouCancer,presets-extra,13
Boz-Mixin'ItUp,presets-extra,13
Boz-allnightcashews,presets-extra,13
Boz-backdraft,presets-extra,13
Boz-bassfunk,presets-extra,13
Boz-birdofparadise,presets-extra,13
Boz-blah,presets-extra,13
Boz-blahrevisited(retirementmix),presets-extra,13
Boz-buckwild,presets-extra,13
Boz-buckwild(shelteredmix),presets-extra,13
Boz-crystaltunneloftyr,presets-extra,13
Boz-crystaltunneloftyr(color&beatfixm,presets-extra,13
Boz-flipdmoshun,presets-extra,13
Boz-footplague,presets-extra,13
Boz-goingblind,presets-extra,13
Boz-infinitysphere,presets-extra,13
Boz-itllgiveyoucancer,presets-extra,13
Boz-mixinitup,presets-extra,13
Boz-morethanthat,presets-extra,13
Boz-sqr(round),presets-extra,13
Boz-sunshowers,presets-extra,13
Boz-supercallifragiliciousexpealidoci,presets-extra,13
Boz-wallclimbers,presets-extra,13
Boz-whoknows,presets-extra,13
Bozandzylot-spiritenergy(soulpyremix),presets-extra,13
Brain Heal,presets-extra,13
BrainStain -remix planet caravan,presets-extra,13
BrainStain- boiling-mix2,presets-extra,13
BrainStain- boiling-mix2(redi jedi adkins mix),presets-extra,13
BrainStain- boiling-mix2(redi jedi full carb mix),presets-extra,13
BrainStain- boiling-mix2(redi jedi low carb mix),presets-extra,13
BrainStain-114 outside,presets-extra,13
BrainStain-114 outside_1,presets-extra,13
BrainStain-ALLgrowing,presets-extra,13
BrainStain-Blackwidow,presets-extra,13
BrainStain-Blackwidow(NEOhm's_3D_'You Are Here' in Delerium Remix),presets-extra,13
BrainStain-Blackwidow_1,presets-extra,13
BrainStain-C.I.A-3d,presets-extra,13
BrainStain-atomic,presets-extra,13
BrainStain-boiling-comfortably numb-mix,presets-extra,13
BrainStain-cyber space 3d,presets-extra,13
BrainStain-daytriper,presets-extra,13
BrainStain-fish on,presets-extra,13
BrainStain-fly by night 3d,presets-extra,13
BrainStain-flyinhy,presets-extra,13
BrainStain-flyinhy_1,presets-extra,13
BrainStain-planet caravan 3d,presets-extra,13
BrainStain-prisonor of your eyes,presets-extra,13
BrainStain-projection room,presets-extra,13
BrainStain-projection room_1,presets-extra,13
BrainStain-radioactive,presets-extra,13
BrainStain-re entry,presets-extra,13
BrainStain-re entry_1,presets-extra,13
BrainStain-roto-mix3,presets-extra,13
BrainStain-roto-pinwheel-mix2 ,presets-extra,13
BrainStain-sunrays,presets-extra,13
BrainStain-sunrays_1,presets-extra,13
BrainStain-sweet emotion,presets-extra,13
BrainStain-ultra sound,presets-extra,13
BrainTrip,presets-extra,13
Braindance Visions,presets-extra,13
Brane Bend,presets-extra,13
Brane Heal,presets-extra,13
Brane Hurt,presets-extra,13
Breathing sphere,presets-extra,13
Broken Spleen,presets-extra,13
Brownian Bass,presets-extra,13
Bug 1 - incorrect y,presets-extra,13
Bug 2 - no blue,presets-extra,13
Bug 2 - no green,presets-extra,14
By Adam FX  Eo.S. + Zylot - skylight (Stained Glass Majesty mix)Insideout,presets-extra,14
By Adam FX  Eo.S. + Zylot - skylight (Stained Glass Majesty mix)Insideout2,presets-extra,14
By Adam FX  Eo.S. + Zylot - skylight (Stained Glass Majesty mix)Insideout3,presets-extra,14
By Adam FX  Eo.S. + Zylot - skylight (Stained Glass Majesty mix)Insideout4,presets-extra,14
CTho - Vibes,presets-extra,14
CTho vs Unchained - Bad Vibes,presets-extra,14
CatalystTheElder - Drunken Spots_Mix_2,presets-extra,14
CatalystTheElder - Electric Rosebud,presets-extra,14
CatalystTheElder - Electric Rosebud_Eye_Of_Sauron_Remix,presets-extra,14
CatalystTheElder - Electric Rosebud_Phat_texture_edit,presets-extra,14
CatalystTheElder - Electric Rosebud_Whirlpool_Mix,presets-extra,14
CatalystTheElder - Geometric_Entertainment,presets-extra,14
CatalystTheElder - Geometric_Entertainment_Freaky_Geometry,presets-extra,14
CatalystTheElder - Geometric_Entertainment_Freaky_Geometry_phat_frame_rate_edit,presets-extra,14
CatalystTheElder - Geometric_Entertainment_Liquid_Metal,presets-extra,14
CatalystTheElder - Geometric_Entertainment_Melting_Screen,presets-extra,14
CatalystTheElder - Geometric_Entertainment_Melting_Screen_Remix,presets-extra,14
CatalystTheElder - Geometric_Entertainment_Strange_Circles,presets-extra,14
CatalystTheElder - Geometric_Entertainment_Strange_Circles_Remix,presets-extra,14
CatalystTheElder - Hal's_Nigtmare_Halo_Mix,presets-extra,14
CatalystTheElder - Martian Radar,presets-extra,14
CatalystTheElder - Martian Radar_Double_Header_Mix,presets-extra,14
CatalystTheElder - Martian Radar_Solarized_Mix,presets-extra,14
CatalystTheElder - Rotating_Lens,presets-extra,14
CatalystTheElder - Spinning Circuits,presets-extra,14
CatalystTheElder - Spinning Circuits_Dance_Of_The_Fireflies_Mix,presets-extra,14
CatalystTheElder - Spinning Circuits_H2O_Mix,presets-extra,14
CatalystTheElder - Spinning Circuits_Phat_H2O2_Mix,presets-extra,14
Cataract JD,presets-extra,14
Celestial Sphere,presets-extra,14
Cerebral resonance,presets-extra,14
Chaos Cones,presets-extra,14
Chaotic Blindness JD BC,presets-extra,14
Che & Idiot - Nebula's House Of Fun,presets-extra,14
Che & Idiot - Nebula's House Of Mirrors,presets-extra,14
Che & Idiot - Tornado Swirl,presets-extra,14
Che & Krash - Dark Side Of Indecision,presets-extra,14
Che & Pinbi7 - Definitly Not For The Epileptic (Inner Perspective Of Life Mix),presets-extra,14
Che - Barcode Infidelity (Deep Pricelist Mix),presets-extra,14
Che - Burning Hus,presets-extra,14
Che - Developed Radial,presets-extra,14
Che - Deviator,presets-extra,14
Che - Esca,presets-extra,14
Che - Escape,presets-extra,14
Che - Evil,presets-extra,14
Che - Geology,presets-extra,14
Che - Handkerchief Sampler,presets-extra,14
Che - Handkerchief Sampler (Las Vegas Mix),presets-extra,14
Che - Hunter,presets-extra,14
Che - Iris,presets-extra,14
Che - Kytky,presets-extra,14
Che - Plovka,presets-extra,14
Che - Puzzle,presets-extra,14
Che - Stage,presets-extra,14
Che - Subspace,presets-extra,14
Che - Target,presets-extra,14
Che - Terracarbon Stream,presets-extra,14
Che - Timed Sidon,presets-extra,14
Che - Watch & Fly,presets-extra,14
Che - Well,presets-extra,14
Che&Idiot-Nebula'sHouseOfFun,presets-extra,14
Che&Idiot-Nebula'sHouseOfMirrors,presets-extra,14
Che&Idiot-RemnantsOfTheCastle(Camelot,presets-extra,14
Che&idiot-abstracttornado,presets-extra,14
Che&idiot-nebulashouseoffun,presets-extra,14
Che&idiot-nebulashouseofmirrors,presets-extra,14
Che&idiot-remnantsoftheca(camelotmix),presets-extra,14
Che&idiot-tornadoswirl,presets-extra,14
Che&krash-darksideofindecision,presets-extra,14
Che&pinbi7-definitlynotfortheepilepti,presets-extra,14
Che-Don'tSleepInTheSubway,presets-extra,14
Che-SidonBeatDetectionInEvilJim'sBeat,presets-extra,14
Che-absolut(tm)disco,presets-extra,14
Che-adelatheflower,presets-extra,14
Che-barcodeinfidelity,presets-extra,14
Che-barcodeinfidelity(deeppricelistmi,presets-extra,14
Che-burninghus,presets-extra,14
Che-burninghus(oilmix),presets-extra,14
Che-colortrap,presets-extra,14
Che-developedradial,presets-extra,14
Che-deviator,presets-extra,14
Che-dontsleepinthesubway,presets-extra,14
Che-enterthevolcano,presets-extra,14
Che-escape,presets-extra,14
Che-evil,presets-extra,14
Che-focusonsidon,presets-extra,14
Che-fx-4500p,presets-extra,14
Che-geology,presets-extra,14
Che-handkerchiefsampler,presets-extra,14
Che-handkerchiefsampler(lasvegasmix),presets-extra,14
Che-hunter,presets-extra,14
Che-iris,presets-extra,14
Che-kytky,presets-extra,14
Che-nebulaplayground,presets-extra,14
Che-nightshot,presets-extra,14
Che-ocean,presets-extra,14
Che-plovka,presets-extra,14
Che-primitivebeatdetection,presets-extra,14
Che-puzzle,presets-extra,14
Che-receiver,presets-extra,14
Che-sidonbeatdetectionineviljimsbeatm,presets-extra,14
Che-slowmotion,presets-extra,14
Che-sonar,presets-extra,14
Che-stage,presets-extra,14
Che-subspace,presets-extra,14
Che-target,presets-extra,14
Che-terracarbonstream,presets-extra,14
Che-timedsidon,presets-extra,14
Che-twotrees,presets-extra,14
Che-variouseffects,presets-extra,14
Che-watch&fly,presets-extra,14
Che-well,presets-extra,14
Chemlock - Alligator Smile [base] (Rovastar & Geiss - Dynamic Swirls 3 eqs),presets-extra,14
Chemlock - Ameoba Lawn [base] (Rovastar & Geiss - Dynamic Swirls 3 eqs),presets-extra,14
Chemlock - Berry Maddog 20-20,presets-extra,14
Chemlock - Curious Equations,presets-extra,14
Chemlock - Denver's Daring Disguise (Rovastar & Geiss - Dynamic Swirls 3 eqs),presets-extra,14
Chemlock - Disco Adventure,presets-extra,14
Chemlock - Disco Lava,presets-extra,14
Chemlock - Disco Science,presets-extra,14
Chemlock - Disco Virus (Rovastar - VooV's Organic Light eqs),presets-extra,14
Chemlock - Evil Partner,presets-extra,14
Chemlock - Fire Iris,presets-extra,14
Chemlock - Flood in the Mainframe,presets-extra,14
Chemlock - Gliding Through the Fire 2,presets-extra,14
Chemlock - Gliding Through the Fire 3,presets-extra,14
Chemlock - Inky Doombubble (Geiss - Feedback 2 equations),presets-extra,15
Chemlock - Inky Doombubble - Average Journey (Geiss - Feedback 2 equations),presets-extra,15
Chemlock - Inky Doombubble - Cosmic Journey (Geiss - Feedback 2 equations),presets-extra,15
Chemlock - Inky Doombubble [adolescent years] (Geiss - Feedback 2 equations),presets-extra,15
Chemlock - Inky Double-Doom Bubble-Trouble (Geiss - Feedback 2 equations),presets-extra,15
Chemlock - Inky's Birthing Dish (Geiss - Feedback 2 equations),presets-extra,15
Chemlock - Kata Reborn,presets-extra,15
Chemlock - Ladder to the 5th Dimension (Rovastar & Geiss - Dynamic Swirls 3 equations),presets-extra,15
Chemlock - Ladder to the 5th Dimension nowave (Rovastar & Geiss - Dynamic Swirls 3 equations),presets-extra,15
Chemlock - Ladder to the 5th Dimension nowave movin box(Rovastar & Geiss - Dynamic Swirls 3 equations),presets-extra,15
Chemlock - Lily Hallucinogen (Geiss - Feedback),presets-extra,15
Chemlock - Lost Scrolls 2 [base] (Rovastar & Geiss - Dynamic Swirls 3 eqs),presets-extra,15
Chemlock - Lost Scrolls [base] (Rovastar & Geiss - Dynamic Swirls 3 eqs),presets-extra,15
Chemlock - Magic Pond (Geiss - Feedback),presets-extra,15
Chemlock - Mainframe Migraine,presets-extra,15
Chemlock - Mainframe Nightmare,presets-extra,15
Chemlock - Metal Mud,presets-extra,15
Chemlock - Murky Mularkey Has a Flashback (Geiss - Feedback 2 equations),presets-extra,15
Chemlock - Murky Mularkey's Satellite Soul (Geiss - Feedback 2 equations),presets-extra,15
Chemlock - Oil Spill,presets-extra,15
Chemlock - Square Pantaverse (Rovastar - VooV's Organic Light eqs),presets-extra,15
Chemlock - Textile Spill (Rovastar & Geiss - Dynamic Swirls 3 eqs),presets-extra,15
Chemlock - The Amazing Orbs of Orgy,presets-extra,15
Chemlock - White Flag,presets-extra,15
Chemlock - Will Does Lines,presets-extra,15
Cherished Desires,presets-extra,15
Chronoshift,presets-extra,15
Churning Honeypot JD BC,presets-extra,15
Churning Rebounds JD,presets-extra,15
Circling Dragons JD BC,presets-extra,15
City at night,presets-extra,15
Closure Space,presets-extra,15
Cloud of Fire,presets-extra,15
Color Curtains,presets-extra,15
Color Gears,presets-extra,15
Color Of Music,presets-extra,15
Color Splash,presets-extra,15
Colour Response Attempt,presets-extra,15
Coming at Ya,presets-extra,15
Coming at Ya (Remix),presets-extra,15
Compelling Vision,presets-extra,15
Continuum,presets-extra,15
Cope - Passage (mandala mix),butterchurnPresetsExtra,
Cope - The Neverending Explosion of Red Liquid Fire,butterchurnPresets,
Cordman - Distortion,presets-extra,15
Cordman-distortion,presets-extra,15
Cosmic Chess,presets-extra,15
Cosmic Eclipse,presets-extra,15
Cosmic Eclipse Storm,presets-extra,15
Cosmic dust ,presets-extra,15
Crazy Moon,presets-extra,15
Crazy Tele,presets-extra,15
Crazy eights,presets-extra,15
Crazy radio,presets-extra,15
Cryptomanifestia,presets-extra,15
Crystal Ball,presets-extra,15
Crystal High & Illusion  - Rave trip 3,presets-extra,15
Crystal High & Illusion - Rave Trip 3,presets-extra,15
Crystal High & Illusion - Rave Trip 4,presets-extra,15
Crystal High - Mad Rave Tripping,presets-extra,15
Crystal High - Rave Trip 1,presets-extra,15
Crystal High - Rave Trip 2,presets-extra,15
Crystal High - Rave Tripping,presets-extra,15
Crystal Mirror,presets-extra,15
CrystalHigh - Eye of the Bass,presets-extra,15
CrystalHigh - mad ravetriping,presets-extra,15
CrystalHigh - ravetriping,presets-extra,15
Crystalhigh&illusion-ravetrip3,presets-extra,15
Crystalhigh&illusion-ravetrip4,presets-extra,15
Crystalhigh-eyeofthebass,presets-extra,15
Crystalhigh-madravetripping,presets-extra,15
Crystalhigh-ravetrip1,presets-extra,15
Crystalhigh-ravetrip2,presets-extra,15
Crystalhigh-ravetripping,presets-extra,15
Ctho-vibes,presets-extra,15
Curious Bubble,presets-extra,15
Curious Methods,presets-extra,15
Custom Gramatix,presets-extra,15
Cyberia,presets-extra,15
Cyberia Freaked,presets-extra,15
Cyberia Tranced,presets-extra,15
DaNOnE - A Snowy Day In Paradise,presets-extra,15
DaNOnE - Highway To Heaven 1,presets-extra,15
DaNOnE - Highway To Heaven 2,presets-extra,15
DaNOnE - Highway to Heaven,presets-extra,15
DaNOnE - Highway to Heaven (rotating),presets-extra,15
DaNOnE - Powerball,presets-extra,15
Danone-asnowydayinparadise,presets-extra,15
Danone-highwaytoheaven1,presets-extra,15
Danone-highwaytoheaven2,presets-extra,15
Danone-powerball,presets-extra,15
Dark Heart of the Collective,presets-extra,15
Dark One - Clouds,presets-extra,15
Dark One - Enni Cened Silmarilli,presets-extra,15
Dark One - Happy Sad Daisy,presets-extra,15
Dark One - Rock Show,presets-extra,15
Dbleja & Idiot24-7 - 3D Wall,presets-extra,15
Dbleja & Idiot24-7 - Celestial,presets-extra,15
Dbleja - 2100000000 BC,presets-extra,15
Dbleja - 29000000000 BC,presets-extra,15
Dbleja - 35000000000 BC,presets-extra,15
Dbleja - 67000000000 BC,presets-extra,15
Dbleja - Amongst The Spirits (Blue Mix),presets-extra,15
Dbleja - Amongst The Spirits (Red Mix),presets-extra,15
Dbleja - Amongst The Spirits (White Mix),presets-extra,15
Dbleja - Blue - 29000000000 BC,presets-extra,15
Dbleja - Blue - Amongst the Spirits,presets-extra,15
Dbleja - Blue - Escape,presets-extra,15
Dbleja - Blue - Horizontology,presets-extra,15
Dbleja - Blue - Hovering over Neptune,presets-extra,15
Dbleja - Blue - Inside the Tree,presets-extra,15
Dbleja - Blue - Through the Rings of Neptune,presets-extra,15
Dbleja - Blue - Underwater Cave Creature,presets-extra,15
Dbleja - Escape (Blue Mix),presets-extra,15
Dbleja - Escape (Red Mix),presets-extra,15
Dbleja - Horizontology (Blue Mix),presets-extra,15
Dbleja - Horizontology (Red Mix),presets-extra,15
Dbleja - Horizontology (White Mix),presets-extra,15
Dbleja - Hovering Over Mars,presets-extra,15
Dbleja - Hovering Over Neptune,presets-extra,15
Dbleja - Hovering Over Pluto,presets-extra,15
Dbleja - In the Rings of Saturn,presets-extra,15
Dbleja - Inside The Tree (Blue Mix),presets-extra,15
Dbleja - Inside The Tree (Red Mix),presets-extra,15
Dbleja - Inside The Tree (White Mix),presets-extra,15
Dbleja - Intensity,presets-extra,15
Dbleja - Red - 35000000000 BC,presets-extra,15
Dbleja - Red - Amongst the Spirits,presets-extra,15
Dbleja - Red - Escape,presets-extra,15
Dbleja - Red - Horizontology,presets-extra,16
Dbleja - Red - Hovering over Mars,presets-extra,16
Dbleja - Red - Inside the Tree,presets-extra,16
Dbleja - Red - Through the Rings of Jupiter,presets-extra,16
Dbleja - Red - Underwater Cave Creature,presets-extra,16
Dbleja - Rings Of Saturn,presets-extra,16
Dbleja - Tears in the Ether,presets-extra,16
Dbleja - Through The Rings Of Jupiter,presets-extra,16
Dbleja - Through The Rings Of Neptune,presets-extra,16
Dbleja - Through The Rings Of Uranus,presets-extra,16
Dbleja - Underwater Cave Creature (Blue Mix),presets-extra,16
Dbleja - Underwater Cave Creature (Red Mix),presets-extra,16
Dbleja - Underwater Cave Creature (White Mix),presets-extra,16
Dbleja - White - 67000000000 BC,presets-extra,16
Dbleja - White - Amongst the Spirits,presets-extra,16
Dbleja - White - Escape,presets-extra,16
Dbleja - White - Horizontology,presets-extra,16
Dbleja - White - Hovering over Pluto,presets-extra,16
Dbleja - White - Inside the Tree,presets-extra,16
Dbleja - White - Through the Rings of Uranus,presets-extra,16
Dbleja - White - Underwater Cave Creature,presets-extra,16
Dbleja and idiot24-7 - Looks like a 3d wall,presets-extra,16
Dbleja and idiot24-7 -- Celestial,presets-extra,16
Dbleja&idiot24-7-3dwall,presets-extra,16
Dbleja&idiot24-7-celestial,presets-extra,16
Dbleja-2100000000bc,presets-extra,16
Dbleja-29000000000bc,presets-extra,16
Dbleja-35000000000bc,presets-extra,16
Dbleja-67000000000bc,presets-extra,16
Dbleja-UnderwaterCaveCreature(BlueMix,presets-extra,16
Dbleja-UnderwaterCaveCreature(WhiteMi,presets-extra,16
Dbleja-amongstthespirits(bluemix),presets-extra,16
Dbleja-amongstthespirits(redmix),presets-extra,16
Dbleja-amongstthespirits(whitemix),presets-extra,16
Dbleja-escape(bluemix),presets-extra,16
Dbleja-escape(redmix),presets-extra,16
Dbleja-escape(whitemix),presets-extra,16
Dbleja-horizontology(bluemix),presets-extra,16
Dbleja-horizontology(redmix),presets-extra,16
Dbleja-horizontology(whitemix),presets-extra,16
Dbleja-hoveringovermars,presets-extra,16
Dbleja-hoveringoverneptune,presets-extra,16
Dbleja-hoveringoverpluto,presets-extra,16
Dbleja-insidethetree(bluemix),presets-extra,16
Dbleja-insidethetree(redmix),presets-extra,16
Dbleja-insidethetree(whitemix),presets-extra,16
Dbleja-intensity,presets-extra,16
Dbleja-ringsofsaturn,presets-extra,16
Dbleja-tearsintheether,presets-extra,16
Dbleja-throughtheringsofjupiter,presets-extra,16
Dbleja-throughtheringsofneptune,presets-extra,16
Dbleja-throughtheringsofuranus,presets-extra,16
Dbleja-underwatercavecreatu(whitemix),presets-extra,16
Dbleja-underwatercavecreature(redmix),presets-extra,16
Decay exp1,presets-extra,16
Decay exp2,presets-extra,16
Decay exp3,presets-extra,16
Deep Blue Lake,presets-extra,16
Deep Blue Sea,presets-extra,16
DemonLD_-_Toxic_water_diffusion threx angela vs debi brown (nice),butterchurnPresetsExtra,
Deviated Boxes,presets-extra,16
Devil's Disco,presets-extra,16
Devil's Disco Night,presets-extra,16
DigiScape Moderated,presets-extra,16
Digiscape,presets-extra,16
Digiscape Accelerated,presets-extra,16
DigiscapeAdvancedProcessor,presets-extra,16
DigiscapeModerated,presets-extra,16
Dimensional Rift,presets-extra,16
Discombobulation,presets-extra,16
Diseased blindness JD,presets-extra,16
Displacer,presets-extra,16
Distortion,presets-extra,16
Distortion2,presets-extra,16
Double Stimulus,presets-extra,16
Double Stimulus2,presets-extra,16
Dr. Fragger - 1,presets-extra,16
Dr. Fragger - 10,presets-extra,16
Dr. Fragger - 11,presets-extra,16
Dr. Fragger - 12,presets-extra,16
Dr. Fragger - 13,presets-extra,16
Dr. Fragger - 14,presets-extra,16
Dr. Fragger - 2,presets-extra,16
Dr. Fragger - 3,presets-extra,16
Dr. Fragger - 5,presets-extra,16
Dr. Fragger - 6,presets-extra,16
Dr. Fragger - 7,presets-extra,16
Dr. Fragger - 8,presets-extra,16
Dr. Fragger - 9,presets-extra,16
Drowning,presets-extra,16
Dual Wave 3,presets-extra,16
Dynamic Borders 2,presets-extra,16
Dynamic Borders 3,presets-extra,16
Dynamic Swirl 2,presets-extra,16
EMPR & Rovastar- Voov - Pins and Needles,presets-extra,16
EMPR - Random - Blue City,presets-extra,16
EMPR - Random - Blue Harmonies,presets-extra,16
EMPR - Random - Blue Laserscope,presets-extra,16
EMPR - Random - Blue Streak,presets-extra,16
EMPR - Random - Changing Polyevolution,presets-extra,16
EMPR - Random - Cheshire Cat,presets-extra,16
EMPR - Random - City Life,presets-extra,16
EMPR - Random - Close Encounters,presets-extra,16
EMPR - Random - Cockpit (SuperOptic Speed),presets-extra,16
EMPR - Random - Crystal Mirror Ball,presets-extra,16
EMPR - Random - Daemon with butterfly wings,presets-extra,16
EMPR - Random - Emerald Pulse,presets-extra,16
EMPR - Random - Fingertips of the Ether,presets-extra,16
EMPR - Random - Harlequin Sinks!,presets-extra,16
EMPR - Random - Harlequins Kaleidoscope Trip,presets-extra,16
EMPR - Random - I know I left my pants around here somewhere...,presets-extra,16
EMPR - Random - I'm looking over a ...,presets-extra,16
EMPR - Random - Jellyfish Experiment,presets-extra,16
EMPR - Random - Light Speed Racer,presets-extra,16
EMPR - Random - Lightening Breeze,presets-extra,16
"EMPR - Random - Look mama, I'm on TV!",presets-extra,16
"EMPR - Random - Look mama, I'm on TV! 2",presets-extra,16
EMPR - Random - Mirror Ball Spin Out,presets-extra,16
EMPR - Random - Mirror Mirror...,presets-extra,16
EMPR - Random - Napoleon Dances!,presets-extra,16
EMPR - Random - Pl@sma Vision,presets-extra,16
EMPR - Random - Something Lurking in the Depths,presets-extra,16
EMPR - Random - Sound Barrier,presets-extra,16
EMPR - Random - Space Time Theory,presets-extra,16
EMPR - Random - St@tic Lightening,presets-extra,16
EMPR - Random - Stay Tuned!,presets-extra,16
EMPR - Random - Sucker Retreat,presets-extra,16
EMPR - Random - Techicolor L@ndscape,presets-extra,17
EMPR - Random - The Game of Life,presets-extra,17
EMPR - Random - The Ghost of Yogi the Chef,presets-extra,17
"EMPR - Random - They're so cute, Dad can I keep one!",presets-extra,17
EMPR - Random - Time Warp (70's Reprise),presets-extra,17
EMPR - Random - Time Warp (Beam me up),presets-extra,17
EMPR - Random - Torrential Sunset,presets-extra,17
EMPR - Random - Turbulence Sandwich,presets-extra,17
EMPR - Random - Turbulence Scanning,presets-extra,17
EMPR - Random - Turbulent Horizon,presets-extra,17
EMPR - Random - Virus Growth,presets-extra,17
EMPR - Random - Woman,presets-extra,17
EMPR - Random - Worm Annilation and Creation,presets-extra,17
EO4254~1,presets-extra,17
EOE125~1,presets-extra,17
EVET + Flexi - Rainbox Splash Poolz,butterchurnPresetsExtra,
EVET - RGB Singularity,butterchurnPresetsExtra,
EchoTube D,presets-extra,17
EchoTube L,presets-extra,17
EchoTube LD,presets-extra,17
EchoTube LU,presets-extra,17
EchoTube R,presets-extra,17
EchoTube RD,presets-extra,17
EchoTube RU,presets-extra,17
EchoTube SwL,presets-extra,17
EchoTube SwR,presets-extra,17
EchoTube U,presets-extra,17
Eddies,presets-extra,17
Effort,presets-extra,17
Electrical Storm,presets-extra,17
Electricalsurge,presets-extra,17
Electricial Surge,presets-extra,17
Electrifying Bacteria,presets-extra,17
Endless Passage,presets-extra,17
Eo.S - Phat - randombox,presets-extra,17
Eo.S - Phat - randombox - mantra,presets-extra,17
Eo.S - Phat - randombox - mantra 2,presets-extra,17
Eo.S - Phat - randombox - mantra 3,presets-extra,17
Eo.S - Phat - randombox - mantra 4,presets-extra,17
Eo.S - Phat - randombox - mantra 5 response,presets-extra,17
Eo.S - Phat - randombox - step,presets-extra,17
Eo.S - Phat - randombox made into crap,presets-extra,17
Eo.S and PieturP - Starfield-with-huge-stars,presets-extra,17
Eo.S. & gastly - starburst 01 (Weird Colors Mix - Supernova),presets-extra,17
Eo.S. & gastly - starburst 01 (Weird Colors Mix),presets-extra,17
Eo.S. + Geiss - glowsticks v2 02 (Relief Mix),butterchurnPresetsExtra2,
Eo.S. + Phat + fiShbRaiN + Redi Jedi - pictures of insanity,presets-extra,17
Eo.S. + Phat + fiShbRaiN + Redi Jedi - pictures of insanity(Run Away! Run Away! mix),presets-extra,17
Eo.S. + Phat + fiShbRaiN + Redi Jedi - pictures of insanity(Run Away! Run Away! mix)_1,presets-extra,17
Eo.S. + Phat + fiShbRaiN + Redi Jedi - pictures of insanity(premium blend ver. 2),presets-extra,17
Eo.S. + Phat + fiShbRaiN + Redi Jedi - pictures of insanity(premium blend ver. 2)_1,presets-extra,17
Eo.S. + Phat + fiShbRaiN + Redi Jedi - pictures of insanity(premium blend ver. 2)_2,presets-extra,17
Eo.S. + Phat + fiShbRaiN + Redi Jedi - pictures of insanity(premium blend),presets-extra,17
Eo.S. + Phat + fiShbRaiN + Redi Jedi - pictures of insanity(south of the border mix),presets-extra,17
Eo.S. + Phat + gastly - Fractical_dancer - light in the distance (Disco Lights Mix - Double Trouble),presets-extra,17
Eo.S. + Phat + gastly - Fractical_dancer - light in the distance (Disco Lights Mix),presets-extra,17
Eo.S. + Phat - CAT Scan,presets-extra,17
Eo.S. + Phat - CAT Scan (Nirvana flux),presets-extra,17
Eo.S. + Phat - CAT Scan (Nirvana),presets-extra,17
Eo.S. + Phat - Emergent factors,butterchurnPresetsExtra2,
Eo.S. + Phat - Fractical_dancer - light in the distance,presets-extra,17
Eo.S. + Phat - Internet_What_is_This_Box_mix,presets-extra,17
Eo.S. + Phat - PET Scan,presets-extra,17
Eo.S. + Phat - Seems_kinda_random,presets-extra,17
Eo.S. + Phat - War against the frame rate,presets-extra,17
Eo.S. + Phat - chasers 02 daemon,presets-extra,17
Eo.S. + Phat - chasers 03 daemon spiral,presets-extra,17
Eo.S. + Phat - chasers 04 daemon spiral_420,presets-extra,17
Eo.S. + Phat - chasers 04b angel spiral_420,presets-extra,17
Eo.S. + Phat - chasers 05 nematode,presets-extra,17
Eo.S. + Phat - chasers 06 nematode_white_mic,presets-extra,17
Eo.S. + Phat - chasers 07 nematode_white_mix,presets-extra,17
Eo.S. + Phat - chasers 08 nematode_Teal_mix,presets-extra,17
Eo.S. + Phat - chasers 09 sentinel,presets-extra,17
Eo.S. + Phat - chasers 10 sentinel B,presets-extra,17
Eo.S. + Phat - chasers 11 sentinel C,presets-extra,17
Eo.S. + Phat - chasers 11 sentinel C_poltergeist_Blue_mix,presets-extra,17
Eo.S. + Phat - chasers 11 sentinel C_poltergeist_Blue_mix_2,presets-extra,17
Eo.S. + Phat - chasers 11 sentinel C_poltergeist_mix,presets-extra,17
Eo.S. + Phat - chasers 11 sentinel C_poltergeist_mix response,presets-extra,17
Eo.S. + Phat - chasers 11 sentinel C_poltergeist_mix response daemon,presets-extra,17
Eo.S. + Phat - chasers 11 sentinel C_poltergeist_mix response daemon(NEOhm's Blue Ray Calm Tower ReMix),presets-extra,17
Eo.S. + Phat - chasers 11 sentinel C_poltergeist_mix response daemon(NEOhm's Blue Ray Mix),presets-extra,17
Eo.S. + Phat - chasers 11 sentinel C_poltergeist_mix response daemon_v2,presets-extra,17
Eo.S. + Phat - chasers 11 sentinel C_poltergeist_mix_1,presets-extra,17
Eo.S. + Phat - chasers 11 sentinel C_poltergeist_mix_2,presets-extra,17
Eo.S. + Phat - chasers 12 sentinel Daemon,presets-extra,17
Eo.S. + Phat - chasers 13 sentinel 189,presets-extra,17
Eo.S. + Phat - chasers 13 sentinel 616,presets-extra,17
Eo.S. + Phat - chasers 13 sentinel 616_Pretty_interesting,presets-extra,17
Eo.S. + Phat - chasers 14 sentinel 616,presets-extra,17
Eo.S. + Phat - chasers 14 sentinel 616_1,presets-extra,17
Eo.S. + Phat - chasers 15 sentinels male and female,presets-extra,17
Eo.S. + Phat - chasers 16 sentinels male and female dragons,presets-extra,17
Eo.S. + Phat - chasers 16 sentinels male and female dragons_1,presets-extra,17
Eo.S. + Phat - chasers 17 sentinels ghoul,presets-extra,17
Eo.S. + Phat - chasers 18 hallway,presets-extra,17
Eo.S. + Phat - chasers 19 Portal,presets-extra,17
Eo.S. + Phat - chasers 19 Portal_v2,presets-extra,17
Eo.S. + Phat - chasers 19 Portal_v2b,presets-extra,17
Eo.S. + Phat - chasers 20 wisps,presets-extra,17
Eo.S. + Phat - chasers 20 wisps(redi jedi's hamburger mix)_1,presets-extra,17
Eo.S. + Phat - chasers 20 wisps(redi jedi's plasterd mix),presets-extra,17
"Eo.S. + Phat - chasers 20 wisps(redi jedi's save me, i'm falling mix)_1",presets-extra,17
Eo.S. + Phat - chasers 21 primordial soup,presets-extra,17
Eo.S. + Phat - chasers 22 feed_me_BRAINS,presets-extra,17
Eo.S. + Phat - chasers 23 feed_me_BRAINS v2,presets-extra,17
Eo.S. + Phat - cubetrace (Swirl Mix),presets-extra,17
Eo.S. + Phat - cubetrace - v2,butterchurnPresets,
Eo.S. + Phat - cubetrace - v2_Reenen_edit,presets-extra,17
Eo.S. + Phat - internet,presets-extra,17
Eo.S. + Phat - internet_orb,presets-extra,17
Eo.S. + Phat - internet_orb_What_Now_mix,presets-extra,17
Eo.S. + Phat - last of it's kind_sinking,presets-extra,17
Eo.S. + Phat - magnetosphere 10 - colorsphere,presets-extra,17
Eo.S. + Phat - recursion frustum 02_Ananda_Flash_Remix,presets-extra,17
Eo.S. + Phat - recursion frustum 02_Ananda_Flash_Remix zion,presets-extra,17
Eo.S. + Phat - recursion frustum 02_Ananda_Flash_Remix zion 2,presets-extra,17
Eo.S. + Phat - recursion frustum 02_Ananda_Flash_Remix zion 2 dark,presets-extra,17
Eo.S. + Phat - recursion frustum 02_Ananda_Flash_Remix zion 2 dark and blue,presets-extra,17
Eo.S. + Phat - recursion frustum 02_Ananda_Flash_Remix zion 3 refine,presets-extra,17
Eo.S. + Phat - recursion frustum 02_Ananda_Flash_Remix zion 4 squarepusher,presets-extra,17
Eo.S. + Phat - recursion frustum 02_Ananda_Flash_Remix zion 4 squarepusher_Stars,presets-extra,17
Eo.S. + Phat - recursion frustum 02_Ananda_Flash_Remix zion 4 squarepusher_Stars_v2,presets-extra,17
Eo.S. + Phat - recursion frustum 02_Ananda_Flash_Remix zion 4 squarepusher_Stars_v3,presets-extra,17
Eo.S. + Phat - recursion frustum 02_Ananda_Flash_Remix zion 5 squarepusher swap,presets-extra,17
Eo.S. + Phat - recursion frustum 02_Ananda_Flash_Remix zion 6 orange,presets-extra,17
Eo.S. + Phat - recursion frustum 02_Ananda_Flash_Remix zion 6 orange hold,presets-extra,17
Eo.S. + Phat - recursion frustum 02_Ananda_Flash_Remix zion 6 orange hold B,presets-extra,17
Eo.S. + Phat - recursion frustum 02_Ananda_Flash_Remix zion 7 intelligent,presets-extra,17
Eo.S. + Phat - recursion frustum 02_Ananda_Flash_Remix zion 7 intelligent b,presets-extra,17
Eo.S. + Phat - recursion frustum 02_Ananda_Flash_Remix zion B,presets-extra,18
Eo.S. + Phat - recursion frustum 02_Ananda_Flash_Remix zion C,presets-extra,18
Eo.S. + Phat - recursion frustum 02_Ananda_Flash_Remix zion D seizure,presets-extra,18
Eo.S. + Phat - recursion frustum 02_Ananda_Flash_Remix zion E seizure 2,presets-extra,18
Eo.S. + Phat - recursion frustum 02_Ananda_Flash_Remix zion F seizure 3,presets-extra,18
Eo.S. + Phat - recursion frustum 02_Ananda_Flash_Remix zion G seizure 3,presets-extra,18
Eo.S. + Phat - recursion frustum 02_Ananda_Flash_Remix zion G seizure 4 wideangle,presets-extra,18
Eo.S. + Phat - recursion frustum 02_Ananda_Flash_Remix zion G seizure 4 wideangle_Calm,presets-extra,18
Eo.S. + Phat - recursion frustum 02_Ananda_Flash_Remix zion G seizure 5 fractal,presets-extra,18
Eo.S. + Phat - recursion frustum 02_Ananda_Flash_Remix zion G seizure 5 fractal b,presets-extra,18
Eo.S. + Phat - recursion frustum 02_Ananda_Flash_Remix zion G seizure 5 fractal c,presets-extra,18
Eo.S. + Phat - recursion frustum 02_Ananda_Flash_Remix zion G seizure 5 fractal d,presets-extra,18
Eo.S. + Phat - recursion frustum 02_Ananda_Flash_Remix zion G seizure 5 fractal e,presets-extra,18
Eo.S. + Phat - recursion frustum 02_Ananda_Flash_Remix zion G seizure 5 fractal f,presets-extra,18
Eo.S. + Phat - spectrum bubble field,presets-extra,18
Eo.S. + Phat - temple sentinel 0737,presets-extra,18
Eo.S. + Phat - the lights at night_spikes,presets-extra,18
Eo.S. + Phat - vacuum deification,presets-extra,18
Eo.S. + Phat - vacuum deity watching you,presets-extra,18
Eo.S. + Phat - vacuum portal,presets-extra,18
Eo.S. + Phat - zen prophetmind,presets-extra,18
Eo.S. + Phat - zen prophetmind WTF is it,presets-extra,18
Eo.S. + Phat - zen prophetmind WTF is it_v2,presets-extra,18
Eo.S. + Phat - zen prophetmind WTF is it_v2 - Bitcore Tweak,presets-extra,18
Eo.S. + Phat and Zylot - Chasers (Sentinal Angelic Mix),presets-extra,18
Eo.S. + Phat and Zylot - Chasers (Sentinal BioBlood Mix),presets-extra,18
Eo.S. + Phat and Zylot - Chasers (Sentinal BioBlood_v2 Mix),presets-extra,18
Eo.S. + Phat and Zylot - Chasers (Sentinal BioMechanical Mix),presets-extra,18
Eo.S. + Phat and Zylot - Chasers (Sentinal Eskimo Mix),presets-extra,18
Eo.S. + Phat and Zylot - Chasers (Sentinal Ruby Mix),presets-extra,18
Eo.S. + Phat and Zylot - Chasers (Sentinal Ruby_v2 Mix),presets-extra,18
Eo.S. + Phat and Zylot - Chasers (Sentinal Sorcory Mix),presets-extra,18
Eo.S. + Phat and Zylot - Chasers (Sentinal Stars Mix),presets-extra,18
Eo.S. + Phat and Zylot - Chasers (Sentinal Wizdom Mix),presets-extra,18
Eo.S. + Phat and Zylot - Chasers (Sentinal conductor Mix),presets-extra,18
Eo.S. + Phat artifac7,presets-extra,18
Eo.S. + Phat cubetrace (cybercity madness remix),presets-extra,18
Eo.S. + Phat cubetrace (cybercity madness remix) - mash0000 - evaporating crystal pharma,butterchurnPresetsExtra2,
Eo.S. + Redi Jedi - frequency analysis + glowsticks -  glow - o - scope _Phat_Border_Edit (Beta),presets-extra,18
Eo.S. + Redi Jedi - frequency analysis + glowsticks -  glow - o - scope _Phat_Border_Edit_v2 (Beta),presets-extra,18
Eo.S. + Redi Jedi - frequency analysis + glowsticks -  glow - o - scope _Phat_COlor_Circle_Edit (Beta),presets-extra,18
Eo.S. + Redi Jedi - frequency analysis + glowsticks -  glow - o - scope _Phat_COlor_Circle_Edit_2 (Beta),presets-extra,18
Eo.S. + Redi Jedi - frequency analysis + glowsticks -  glow - o - scope _Phat_COlor_Circle_Edit_3 (Beta),presets-extra,18
Eo.S. + Redi Jedi - frequency analysis + glowsticks -  glow - o - scope _Phat_COlor_Circle_Edit_4 (Beta),presets-extra,18
Eo.S. + Redi Jedi - frequency analysis + glowsticks -  glow - o - scope _Phat_Pink_Border_Edit (Beta),presets-extra,18
Eo.S. + Redi Jedi - frequency analysis + glowsticks -  glow - o - scope _Phlash_Master_Mix (Beta),presets-extra,18
Eo.S. + Redi Jedi - frequency analysis + glowsticks -  glow - o - scope _Token_Crazy_Mix_1 (Beta),presets-extra,18
Eo.S. + Redi Jedi - frequency analysis + glowsticks -  glow - o - scope _Token_Crazy_Mix_2 (Beta),presets-extra,18
Eo.S. + Redi Jedi - frequency analysis + glowsticks -  glow - o - scope _Token_Master_Mix (Beta),presets-extra,18
Eo.S. + Redi Jedi - frequency analysis + glowsticks -  glow - o - scope _Token_Master_Mix_2 (Beta),presets-extra,18
Eo.S. + Redi Jedi - frequency analysis + glowsticks -  glow - o - scope female (Milkdrop beta ver),presets-extra,18
Eo.S. + Redi Jedi - frequency analysis + glowsticks -  glow - o - scope male (Milkdrop beta ver),presets-extra,18
Eo.S. + Redi Jedi - frequency analysis + glowsticks -  glow - o - scope male left handed complements (Milkdrop beta ver2),presets-extra,18
Eo.S. + Redi Jedi - frequency analysis + glowsticks -  glow - o - scope pat (Milkdrop beta ver),presets-extra,18
Eo.S. + Redi Jedi - frequency analysis + glowsticks -  glow - o - scope pat left handed complements (Milkdrop beta ver2),presets-extra,18
Eo.S. + Redi Jedi - frequency analysis + glowsticks - demon's dream (Milkdrop beta ver),presets-extra,18
Eo.S. + Redi Jedi - frequency analysis + glowsticks - demon's dream (blend me) (Milkdrop beta ver2),presets-extra,18
Eo.S. + Redi Jedi - frequency analysis + glowsticks - long armed raver (Milkdrop beta ver),presets-extra,18
Eo.S. + Redi Jedi - frequency analysis + glowsticks - long armed raver(residual trails)  (Milkdrop beta ver2),presets-extra,18
Eo.S. + Redi Jedi _Phat_Insanity_Pepper_(1.04),presets-extra,18
Eo.S. + Redi Jedi _Phat_Insanity_Toy (1.04),presets-extra,18
Eo.S. + Redi Jedi _Phat_Insanity_Toy (BETA),presets-extra,18
Eo.S. + Redi Jedi _Phat_Insanity_Toy_2 (Beta),presets-extra,18
Eo.S. + Redi Jedi _Phat_Insanity_Toy_3 (Beta),presets-extra,18
Eo.S. + Redi Jedi _Phat_Insanity_Toy_3_(1.04),presets-extra,18
Eo.S. + Redi Jedi _Phat_Mexican_Insanity_PepperS(1.04),presets-extra,18
Eo.S. + Redi Jedi _Phat_Mexican_Insanity_Pepper_(1.04),presets-extra,18
Eo.S. + Redi Jedi _Phat_Mexican_Insanity_Pepper_(1.04) savedmaybe,presets-extra,18
Eo.S. + Redi Jedi _Phat_Mexican_Insanity_Pepper_(1.04)_1,presets-extra,18
Eo.S. + Redi Jedi _Phat_Mexican_Insanity_Pepper_(1.04)_circle,presets-extra,18
Eo.S. + Redi Jedi _Phat_Mexican_Insanity_Pepper_Crazy_mix(1.04),presets-extra,18
Eo.S. + Redi Jedi _Phat_Mexican_Insanity_Pepper_Crazy_mix(1.04) Eo.S. edit,presets-extra,18
Eo.S. + Redi Jedi _Phat_Mexican_Insanity_Pepper_Crazy_mix(1.04) Eo.S. edit colors2,presets-extra,18
Eo.S. + Redi Jedi _Phat_Mexican_Insanity_Pepper_Crazy_mix(Beta3),presets-extra,18
Eo.S. + Redi Jedi _Phat_Mexican_Insanity_Pepper_Crazy_mix(Beta4),presets-extra,18
Eo.S. + Redi Jedi _Phat_Mexican_Insanity_Pepper_Crazy_mix_Eo.S.more(1.04),presets-extra,18
Eo.S. + Redi Jedi _Phat_Mexican_Insanity_Pepper_Crazy_mix_Eo.S.moreB(1.04),presets-extra,18
Eo.S. + Redi Jedi _Phat_Mexican_Insanity_Pepper_Striped(1.04),presets-extra,18
Eo.S. + Redi Jedi _Phat_Mexican_Insanity_Pepper_Striped_v2(1.04),presets-extra,18
Eo.S. + Zylot - Skylight (Hyperswirl Remix (String Version)),presets-extra,18
Eo.S. + Zylot - Skylight (Hyperswirl Remix),presets-extra,18
Eo.S. + Zylot - skylight (Stained Glass Majesty mix),butterchurnPresets,
Eo.S. + flexi - glowsticks v2 05 and proton lights (+Krash′s beat code) _Phat_remix02b + illumination (Stahl′s Mix),butterchurnPresetsExtra,
Eo.S. + phat + nighthawk + Redi Jedi - frequency analysis + glowsticks - sit on this and rot (Milkdrop beta ver),presets-extra,18
Eo.S. + phat - trinary 02 - afterlife,presets-extra,18
Eo.S. - 3D Glasses,presets-extra,18
Eo.S. - 7th galaxy,presets-extra,18
Eo.S. - 7th galaxy b,presets-extra,18
Eo.S. - 7th galaxy c ethereum,presets-extra,18
Eo.S. - 7th galaxy d ethereum fast,presets-extra,18
Eo.S. - 7th galaxy e quantereum,presets-extra,18
Eo.S. - 7th galaxy f ethereum aries,presets-extra,18
Eo.S. - 7th galaxy g caged ethereum,presets-extra,18
Eo.S. - 7th galaxy h caged ethereum b,presets-extra,18
Eo.S. - Apocalypse,presets-extra,18
Eo.S. - Apocalypse B,presets-extra,18
Eo.S. - Apocalypse C,presets-extra,18
Eo.S. - Apocalypse D,presets-extra,18
Eo.S. - Apocalypse D_ImFuckedUP,presets-extra,18
Eo.S. - Apocalypse D_ImFuckedUP_2,presets-extra,18
Eo.S. - Apocalypse D_ImFuckedUP_3,presets-extra,18
Eo.S. - Apocalypse E,presets-extra,18
Eo.S. - Apocalypse F,presets-extra,18
Eo.S. - Apocalypse F2,presets-extra,18
Eo.S. - Apocalypse G,presets-extra,18
Eo.S. - Bass Spasm 1,presets-extra,18
Eo.S. - Gases Beyond,presets-extra,18
Eo.S. - Glowsticks (Swirl Mix),presets-extra,18
Eo.S. - Phats Zoom Mix,presets-extra,18
Eo.S. - Pulsecube Bounce,presets-extra,18
Eo.S. - To the Depths of That Which is I 01,presets-extra,18
Eo.S. - angels of decay,presets-extra,18
Eo.S. - angels of decay 01 soul,presets-extra,18
Eo.S. - angels of decay 02 + Phat - soulmate,presets-extra,18
Eo.S. - angels of decay 02 + Phat - soulmate_v2,presets-extra,18
Eo.S. - angels of decay 02 + Phat - soulmate_v3,presets-extra,18
Eo.S. - angels of decay 02 + Phat - soulmate_v6 dots_invert,presets-extra,18
Eo.S. - angles of decay,presets-extra,18
Eo.S. - arrow base,presets-extra,18
Eo.S. - ascopic,presets-extra,18
Eo.S. - ascopic b,presets-extra,18
Eo.S. - ascopic c,presets-extra,18
Eo.S. - ascopic d,presets-extra,18
Eo.S. - ascopic e,presets-extra,18
Eo.S. - ascopic e better,presets-extra,18
Eo.S. - ascopic e fast,presets-extra,18
Eo.S. - ascopic e fast b,presets-extra,18
Eo.S. - ascopic f,presets-extra,18
Eo.S. - ascopic g,presets-extra,18
Eo.S. - ascopic h ethereum,presets-extra,18
Eo.S. - beautiful soulmate,presets-extra,19
Eo.S. - buildings,presets-extra,19
Eo.S. - buildings_phat_mix,presets-extra,19
Eo.S. - chasers,presets-extra,19
Eo.S. - cubetrace,presets-extra,19
Eo.S. - cubetrace alt,presets-extra,19
Eo.S. - cubetrace demon,presets-extra,19
Eo.S. - cubetrace demon B,presets-extra,19
Eo.S. - cubetrace demon_Phat_edit,presets-extra,19
Eo.S. - cubetrace demon_Phat_edit_2,presets-extra,19
Eo.S. - cubetrace demon_Phat_edit_3,presets-extra,19
Eo.S. - cubetrace particlefly,presets-extra,19
Eo.S. - cubetrace particlefly_Phat_Remix,presets-extra,19
Eo.S. - cubetrace particlefly_Phat_Solarized_Mix,presets-extra,19
Eo.S. - dark side of the moon,presets-extra,19
Eo.S. - dark side of the moon (plus a few more hits and a pill),presets-extra,19
Eo.S. - dark side of the moon (plus a few more hits),presets-extra,19
Eo.S. - dark side of the moon-clean mix,presets-extra,19
Eo.S. - ddg,presets-extra,19
Eo.S. - ddg_phat_mix,presets-extra,19
Eo.S. - ddg_phat_mix - Bitcore Tweak,presets-extra,19
Eo.S. - ddg_phat_mix_v2,presets-extra,19
Eo.S. - ddg_phat_mix_v3,presets-extra,19
Eo.S. - demon60-B,presets-extra,19
Eo.S. - ether,presets-extra,19
Eo.S. - ether music,presets-extra,19
Eo.S. - ether posession,presets-extra,19
Eo.S. - ether posession music,presets-extra,19
Eo.S. - ether posession_phat_edit,presets-extra,19
Eo.S. - ether posession_phat_edit_v2,presets-extra,19
Eo.S. - ether posession_phat_edit_v3,presets-extra,19
Eo.S. - ether posession_phat_edit_v4,presets-extra,19
Eo.S. - ether posession_phat_edit_v5,presets-extra,19
Eo.S. - ether posession_phat_edit_v6,presets-extra,19
Eo.S. - ether_phat_edit,presets-extra,19
Eo.S. - fire,presets-extra,19
Eo.S. - fire 3,presets-extra,19
Eo.S. - fractal 1,presets-extra,19
Eo.S. - frequency analysis,presets-extra,19
Eo.S. - frequency analysis with color,presets-extra,19
Eo.S. - frequency analysis with color 4band,presets-extra,19
Eo.S. - frequency analysis with color 4band -alt,presets-extra,19
Eo.S. - frequency analysis with color 4band -alt_1,presets-extra,19
Eo.S. - frequency analysis with color 4band -alt_2,presets-extra,19
Eo.S. - frequency analysis with color 4band -alt_3,presets-extra,19
Eo.S. - frequency analysis with color 4band fast,presets-extra,19
Eo.S. - frequency analysis with color 4band fast_1,presets-extra,19
Eo.S. - frequency analysis with color 4band fast_2,presets-extra,19
Eo.S. - frequency analysis with color 4band_1,presets-extra,19
Eo.S. - frequency analysis with color 4band_2,presets-extra,19
Eo.S. - frequency analysis with color 4bandwip,presets-extra,19
Eo.S. - frequency analysis with color_1,presets-extra,19
Eo.S. - frequency analysis with color_2,presets-extra,19
Eo.S. - frequency analysis_1,presets-extra,19
Eo.S. - frequency tunnel,presets-extra,19
Eo.S. - frequency tunnel_1,presets-extra,19
Eo.S. - glowstick base,presets-extra,19
Eo.S. - glowsticks 01,presets-extra,19
Eo.S. - glowsticks 02,presets-extra,19
Eo.S. - glowsticks 02_Phat_edit,presets-extra,19
Eo.S. - glowsticks 02_Phat_edit_v2,presets-extra,19
Eo.S. - glowsticks 02_Phat_edit_v3,presets-extra,19
Eo.S. - glowsticks v2 01,presets-extra,19
Eo.S. - glowsticks v2 02,presets-extra,19
Eo.S. - glowsticks v2 03 music,butterchurnPresetsExtra,
Eo.S. - glowsticks v2 03 music shifter edit,presets-extra,19
Eo.S. - glowsticks v2 03 music shifter edit b,presets-extra,19
Eo.S. - glowsticks v2 04 music minimal,presets-extra,19
Eo.S. - glowsticks v2 04 music minimal oscilloscope,presets-extra,19
Eo.S. - glowsticks v2 04 music minimal oscilloscope vomit mix,presets-extra,19
Eo.S. - glowsticks v2 04 music minimal oscilloscope_phat_edit,presets-extra,19
Eo.S. - glowsticks v2 04 music minimal oscilloscope_phat_edit_1,presets-extra,19
Eo.S. - glowsticks v2 04 music minimal oscilloscope_phat_edit_v2,presets-extra,19
Eo.S. - glowsticks v2 04 music minimal oscilloscope_phat_edit_v2_1,presets-extra,19
Eo.S. - glowsticks v2 05 and proton lights (+Krash's beat code) ,presets-extra,19
Eo.S. - glowsticks v2 05 and proton lights (+Krash's beat code) _Phat_remix01,presets-extra,19
Eo.S. - glowsticks v2 05 and proton lights (+Krash's beat code) _Phat_remix02,presets-extra,19
Eo.S. - glowsticks v2 05 and proton lights (+Krash's beat code) _Phat_remix02b,presets-extra,19
Eo.S. - glowsticks v2 05 and proton lights (+Krash's beat code) _Phat_remix02c,presets-extra,19
Eo.S. - glowsticks v2 05 and proton lights (+Krash's beat code) _Phat_remix02c offset center,presets-extra,19
Eo.S. - glowsticks v2 05 and proton lights (+Krash's beat code) _Phat_remix03,presets-extra,19
Eo.S. - glowsticks v2 05 and proton lights (+Krash's beat code) _Phat_remix03 madhatter,presets-extra,19
Eo.S. - glowsticks v2 05 and proton lights (+Krash's beat code) _Phat_remix03 madhatter_v2,presets-extra,19
Eo.S. - glowsticks v2 05 and proton lights (+Krash's beat code) _Phat_remix03 madhatter_v3,presets-extra,19
Eo.S. - glowsticks v2 05 and proton lights (+Krash's beat code) _Phat_remix03 madhatter_v4,presets-extra,19
Eo.S. - glowsticks v2 05 and proton lights (+Krash's beat code) _Phat_remix03 madhatter_v5,presets-extra,19
Eo.S. - glowsticks v2 05 and proton lights (+Krash's beat code) _Phat_remix03_made_for_highest_mesh_size,presets-extra,19
Eo.S. - glowsticks v2 05 and proton lights (+Krash's beat code) _Phat_remix03_made_for_highest_texture_size,presets-extra,19
Eo.S. - glowsticks v2 05 and proton lights (+Krash's beat code) _Phat_remix03b,presets-extra,19
Eo.S. - glowsticks v2 05 and proton lights (+Krash's beat code) _Phat_remix04,presets-extra,19
Eo.S. - glowsticks v2 05 and proton lights (+Krash's beat code) _Phat_remix05,presets-extra,19
Eo.S. - glowsticks v2 05 and proton lights (+Krash's beat code) _Phat_remix06,presets-extra,19
Eo.S. - glowsticks v2 05 and proton lights (+Krash's beat code) _Phat_remix07,presets-extra,19
Eo.S. - glowsticks v2 05 and proton lights (+Krash's beat code) _Phat_remix07 demons eye,presets-extra,19
Eo.S. - glowsticks v2 05 and proton lights (+Krash's beat code) _Phat_remix07 gods eye,presets-extra,19
Eo.S. - glowsticks v2 05 and proton lights (+Krash's beat code) _Phat_remix07 recursive demons,presets-extra,19
Eo.S. - glowsticks v2 05 and proton lights (+Krash's beat code) _Phat_remix07 recursive demons slow,presets-extra,19
Eo.S. - glowsticks v2 05 and proton lights (+Krash's beat code) _Phat_remix07 recursive demons slow illum,presets-extra,19
Eo.S. - glowsticks v2 05 and proton lights (+Krash's beat code) _Phat_remix07 sections,presets-extra,19
Eo.S. - glowsticks v2 05 and proton lights (+Krash's beat code) _Phat_remix07 sectionstar,presets-extra,19
Eo.S. - glowsticks v2 05 and proton lights (+Krash's beat code) _Phat_remix08,presets-extra,19
Eo.S. - glowsticks v2 05 and proton lights (+Krash's beat code) _Phat_remix09,presets-extra,19
Eo.S. - glowsticks v2 05 and proton lights (+Krash's beat code) _Phat_remix099,presets-extra,19
Eo.S. - glowsticks v2 05 and proton lights (+Krash's beat code) _Phat_remix0999,presets-extra,19
Eo.S. - glowsticks v2 05 and proton lights (+Krash's beat code) _Phat_remix09999,presets-extra,19
Eo.S. - glowsticks v2 05 and proton lights (+Krash's beat code) _Phat_remix099999,presets-extra,19
Eo.S. - glowsticks v2 05 and proton lights (+Krash's beat code) _Phat_remix0999999,presets-extra,19
Eo.S. - glowsticks v2 05 and proton lights (+Krash's beat code) lsd tracers,presets-extra,19
Eo.S. - glowsticks v2 05 and proton lights (+Krash's beat code) lsd tracers (+Phat shape),presets-extra,19
Eo.S. - glowsticks v2 05 and proton lights (+Krash's beat code) lsd tracers low response,presets-extra,19
Eo.S. - glowsticks v2 05 and proton lights (+Krash's beat code) lsd tracers low response mirror,presets-extra,19
Eo.S. - glowsticks v2 05 and proton lights (+Krash′s beat code) _Phat_remix02b,butterchurnPresets,
Eo.S. - glowsticks v2 05 and proton lights (+Krash′s beat code) _Phat_remix07 recursive demons,butterchurnPresetsMD1,
Eo.S. - glowsticks v2 06 trigger (+Krash's beat code) ,presets-extra,19
Eo.S. - glowsticks v2 07 trigger arrow (+Krash's beat code) ,presets-extra,19
Eo.S. - glowsticks v2 08 trigger arrow crosses (+Krash's beat code) ,presets-extra,19
Eo.S. - glowsticks v2 09 trigger arrow crosses clean (+Krash's beat code) ,presets-extra,19
Eo.S. - glowsticks v2 10 trigger arrow crosses clean afterimage (+Krash's beat code) ,presets-extra,19
Eo.S. - god 1,presets-extra,19
Eo.S. - god 1b,presets-extra,19
Eo.S. - heater core,presets-extra,19
Eo.S. - heater core B,presets-extra,19
Eo.S. - heater core C,presets-extra,19
Eo.S. - heater core C_Phat's_class + sparks_mix,presets-extra,19
Eo.S. - heater core C_Phat's_class_mix,presets-extra,19
Eo.S. - heater core C_Phat's_class_mix altcolors 1,presets-extra,19
Eo.S. - heater core C_Phat's_class_mix minimalism,presets-extra,19
Eo.S. - heater core C_Phat's_class_mix pulse,presets-extra,19
Eo.S. - heater core C_Phat's_class_mix pulse2,presets-extra,19
Eo.S. - heater core C_Phat's_class_mix wave2,presets-extra,19
Eo.S. - heater core C_Phat's_class_mix wormhole,presets-extra,20
Eo.S. - heater core C_Phat's_on route_mix,presets-extra,20
Eo.S. - heater core C_Phat's_on route_mix+beam,presets-extra,20
Eo.S. - heater core C_Phat's_simple_mix,presets-extra,20
Eo.S. - heater core C_on route,presets-extra,20
Eo.S. - magnetosphere 02,presets-extra,20
Eo.S. - magnetosphere 03,presets-extra,20
Eo.S. - magnetosphere 04,presets-extra,20
Eo.S. - magnetosphere 05,presets-extra,20
Eo.S. - magnetosphere 06 - birthegg,presets-extra,20
Eo.S. - magnetosphere 08 - quantum,presets-extra,20
Eo.S. - magnetosphere 09 - quantumsphere,presets-extra,20
Eo.S. - magnetosphere 09 - quantumsphere_phat_edit,presets-extra,20
Eo.S. - magnetosphere 10 - quantumsphere-warp,presets-extra,20
Eo.S. - magnetosphere 10 - quantumsphere-warp_1,presets-extra,20
Eo.S. - magnetosphere 11 - polarsphere-warp,presets-extra,20
Eo.S. - magnetosphere 11 - polarsphere-warp_phat_chill_mix,presets-extra,20
Eo.S. - marble,presets-extra,20
Eo.S. - matrix cube,presets-extra,20
Eo.S. - matrix cube B,presets-extra,20
Eo.S. - matrix cube C,presets-extra,20
Eo.S. - matrix cube D.aemon,presets-extra,20
Eo.S. - matrix cube E,presets-extra,20
Eo.S. - matrix cube F,presets-extra,20
Eo.S. - matrix cube F dots,presets-extra,20
Eo.S. - matrix cube G,presets-extra,20
Eo.S. - matrix cube H (the eyes are watching you),presets-extra,20
Eo.S. - matrix cube H steady,presets-extra,20
Eo.S. - matrix cube I convolver,presets-extra,20
Eo.S. - matrix cube J convolver matrix,presets-extra,20
Eo.S. - mist,presets-extra,20
Eo.S. - mist C_phat_edit_v2,presets-extra,20
Eo.S. - mist_phat_edit,presets-extra,20
Eo.S. - more waveforms,presets-extra,20
Eo.S. - more waveforms 2,presets-extra,20
Eo.S. - more waveforms 3,presets-extra,20
Eo.S. - more waveforms 4,presets-extra,20
Eo.S. - more waveforms 5,presets-extra,20
Eo.S. - more waveforms 6,presets-extra,20
Eo.S. - more waveforms 7,presets-extra,20
Eo.S. - more waveforms 7_phat_edit,presets-extra,20
Eo.S. - more waveforms 7_phat_edit_v2,presets-extra,20
Eo.S. - more waveforms 8,presets-extra,20
Eo.S. - multisphere,presets-extra,20
Eo.S. - multisphere 01 B,presets-extra,20
"Eo.S. - multisphere 01 B i'm your hero, i've nothing to say",presets-extra,20
Eo.S. - multisphere 01 B_Phat_Ra_mix,butterchurnPresetsMD1,
Eo.S. - multisphere 01 B_Phat_Ra_mix misaligned,presets-extra,20
Eo.S. - multisphere 01 B_Phat_Ra_mix nexus,presets-extra,20
Eo.S. - multisphere 01 B_Phat_Ra_mix nexus intelligence,presets-extra,20
Eo.S. - multisphere 01 B_Phat_Ra_mix_1,presets-extra,20
Eo.S. - multisphere 01 B_Phat_complexity_mix,presets-extra,20
Eo.S. - multisphere 01 B_Phat_complexity_mix_v2,presets-extra,20
Eo.S. - nematodes,presets-extra,20
Eo.S. - nematodes B,presets-extra,20
Eo.S. - nematodes C,presets-extra,20
Eo.S. - nematodes D,presets-extra,20
Eo.S. - nematodes D_phat_edit,presets-extra,20
Eo.S. - nematodes D_phat_edit_v2,presets-extra,20
Eo.S. - nematodes E daemon,presets-extra,20
Eo.S. - one,presets-extra,20
Eo.S. - oscilloscope,presets-extra,20
Eo.S. - oscilloscope fire,presets-extra,20
Eo.S. - oscilloscope fire mirror,presets-extra,20
Eo.S. - oscilloscope fire_water_colour,presets-extra,20
Eo.S. - oscilloscope fire_water_colour_v2,presets-extra,20
Eo.S. - paint a,presets-extra,20
Eo.S. - paint a_Phat_remix,presets-extra,20
Eo.S. - particle -sphere inward,presets-extra,20
Eo.S. - particle daemon,presets-extra,20
Eo.S. - particle daemon (forge b),presets-extra,20
Eo.S. - particle daemon (forge),presets-extra,20
Eo.S. - particle daemon (waste aggressive),presets-extra,20
Eo.S. - particle daemon (waste),presets-extra,20
Eo.S. - particle storm,presets-extra,20
Eo.S. - particle storm B,presets-extra,20
Eo.S. - particle storm C,presets-extra,20
Eo.S. - pointfield 01 complex,presets-extra,20
Eo.S. - pointfield 02 complex,presets-extra,20
Eo.S. - pointfield 03 arcs,presets-extra,20
Eo.S. - pointfield 04 arcs demon,presets-extra,20
Eo.S. - pointfield 04 arcs demon_phat edit,presets-extra,20
Eo.S. - pointfield 04 arcs demon_phat edit_v3,presets-extra,20
Eo.S. - pointfield 06 changing arcform,presets-extra,20
Eo.S. - pointfield 07 insek,presets-extra,20
Eo.S. - pointfield 07 insek altcolors,presets-extra,20
Eo.S. - pointfield 08 insek nebula,presets-extra,20
Eo.S. - pointfield 09 the gases beyond,presets-extra,20
Eo.S. - pointfield 09 the gases beyond 85,presets-extra,20
Eo.S. - pointfield 09 the gases beyond 85b,presets-extra,20
Eo.S. - pointfield 09 the gases beyond 85b 3d,presets-extra,20
Eo.S. - pointfield 09 the gases beyond 85b 3d_v2,presets-extra,20
Eo.S. - pointfield 09 the gases beyond 85c,presets-extra,20
Eo.S. - pointfield 09 the gases beyond_Phat_new_star,presets-extra,20
Eo.S. - pointfield 12 deep oceans,presets-extra,20
Eo.S. - pointfield 12 deep oceans-170,presets-extra,20
Eo.S. - pulsate a_phat_remix,presets-extra,20
Eo.S. - pulsecube,presets-extra,20
Eo.S. - pulsecube b,presets-extra,20
Eo.S. - pulsecube c,presets-extra,20
Eo.S. - pulsecube c_Phat_edit,presets-extra,20
Eo.S. - pulsecube d bounce,presets-extra,20
Eo.S. - pulsecube e demon,presets-extra,20
Eo.S. - pulsecube ee bounce,presets-extra,20
Eo.S. - pulsecube f demon,presets-extra,20
Eo.S. - pulsecube g demon,presets-extra,20
Eo.S. - ramus,presets-extra,20
Eo.S. - ramus daemon,presets-extra,20
Eo.S. - rename 2b,presets-extra,20
Eo.S. - repeater 01,presets-extra,20
Eo.S. - repeater 02 - inbetween,presets-extra,20
Eo.S. - repeater 03 - disco,presets-extra,20
Eo.S. - repeater 04 - rave,presets-extra,20
Eo.S. - repeater 05 - rave on acid,presets-extra,20
Eo.S. - repeater 06 - rave on a lot of acid,presets-extra,20
Eo.S. - repeater 07 - rave on a lot of acid b,presets-extra,20
Eo.S. - repeater 08 - rave on a lot of acid and some K,presets-extra,20
Eo.S. - repeater 09 - rave on a lot of acid and some Karma,presets-extra,20
Eo.S. - repeater 10 - psychic (needs louder music),presets-extra,20
Eo.S. - repeater 11 - stars,presets-extra,20
Eo.S. - repeater 13 - definitive,presets-extra,20
Eo.S. - repeater 13 - definitive fast,presets-extra,20
Eo.S. - repeater 13 - definitive_1,presets-extra,20
Eo.S. - repeater 15 - kaleidoscope b,presets-extra,20
Eo.S. - sarc,presets-extra,20
Eo.S. - sarc b,presets-extra,20
Eo.S. - sarc c,presets-extra,20
Eo.S. - sarc c_Phats Zoom Mix,presets-extra,20
Eo.S. - sarc d,presets-extra,21
Eo.S. - sarc e,presets-extra,21
Eo.S. - sarc f,presets-extra,21
Eo.S. - sarc g,presets-extra,21
Eo.S. - sarc g_Phats_Zoom_Time_Mix_2,presets-extra,21
Eo.S. - sarc g_Phats_Zoom_Time_Mix_2b,presets-extra,21
Eo.S. - sarc g_Phats_Zoom_Time_mix,presets-extra,21
Eo.S. - sarc h,presets-extra,21
Eo.S. - sarc i,presets-extra,21
Eo.S. - sarc_phat_remix,presets-extra,21
Eo.S. - sarc_phat_remix_v3,presets-extra,21
Eo.S. - sarc_phat_remix_v4,presets-extra,21
Eo.S. - sectorLoc B_phat_ugly remix 01 Eo.S.7p,presets-extra,21
Eo.S. - sectorLoc B_phat_ugly remix 01 Eo.S.8,presets-extra,21
Eo.S. - sectors 1_phat_weird_edit,presets-extra,21
Eo.S. - sectors 3,presets-extra,21
Eo.S. - sectors 4,presets-extra,21
Eo.S. - skylight,presets-extra,21
Eo.S. - skylight a00 [bass response],presets-extra,21
Eo.S. - skylight a1 [music warp switch],presets-extra,21
Eo.S. - skylight a2 [trip colors],presets-extra,21
Eo.S. - skylight a2 [trip colors]_1,presets-extra,21
Eo.S. - skylight a3 [trip colors flux2],presets-extra,21
Eo.S. - skylight a3 [trip colors flux2]_phat_Multi_shaped,presets-extra,21
Eo.S. - skylight a3 [trip colors flux2]_phat_Multi_shaped2,presets-extra,21
Eo.S. - skylight a3 [trip colors flux2]_phat_Multi_shaped2_zoe_colours,presets-extra,21
Eo.S. - skylight a3 [trip colors flux2]_phat_Multi_shaped2_zoe_colours2,presets-extra,21
Eo.S. - skylight a3 [trip colors flux2]_phat_Multi_shaped2_zoe_colours3,presets-extra,21
Eo.S. - skylight a3 [trip colors flux2]_phat_Multi_shaped2_zoe_colours4,presets-extra,21
Eo.S. - skylight a3 [trip colors flux2]_phat_Multi_shaped2_zoe_colours5,presets-extra,21
Eo.S. - skylight a3 [trip colors flux2]_phat_Multi_shaped3,presets-extra,21
Eo.S. - skylight a3 [trip colors flux2]_phat_remix,presets-extra,21
Eo.S. - skylight a3 [trip colors flux2]_phat_remix2,presets-extra,21
Eo.S. - skylight a3 [trip colors flux2]_phat_remix3,presets-extra,21
Eo.S. - skylight a3 [trip colors flux2]_phat_remix4,presets-extra,21
Eo.S. - skylight a3 [trip colors flux2]_phat_remix5,presets-extra,21
Eo.S. - skylight a3 [trip colors flux2]_phat_remix6,presets-extra,21
Eo.S. - skylight a3 [trip colors flux2]_phat_remix7,presets-extra,21
Eo.S. - skylight a3 [trip colors flux2]_phat_remix8,presets-extra,21
Eo.S. - skylight a4 [budding flower cosmic],presets-extra,21
Eo.S. - skylight a4 [budding flower],presets-extra,21
Eo.S. - skylight a4 [budding],presets-extra,21
Eo.S. - skylight b0 [science of the budding flower cosmic],presets-extra,21
Eo.S. - spark,presets-extra,21
Eo.S. - spark B,presets-extra,21
Eo.S. - spark C,presets-extra,21
Eo.S. - spark C_Phat_Jester_Mix,presets-extra,21
Eo.S. - spark C_Phat_Jester_Mix_v2,butterchurnPresetsExtra2,
Eo.S. - spark C_Phats_nebulous_mix3,presets-extra,21
Eo.S. - starburst 01,presets-extra,21
Eo.S. - starburst 02 charging,presets-extra,21
Eo.S. - starburst 03 charged,presets-extra,21
Eo.S. - starburst 04 double charge,presets-extra,21
Eo.S. - starburst 05 phasing,presets-extra,21
Eo.S. - starburst 06 tracing,presets-extra,21
Eo.S. - starburst 07 tracing points,presets-extra,21
Eo.S. - starburst 08 aurora borealis,presets-extra,21
Eo.S. - starburst 08 aurora borealis auralw2neg,presets-extra,21
Eo.S. - starburst 09 aurora aurealis,presets-extra,21
Eo.S. - starburst 10 aurora distalis,presets-extra,21
Eo.S. - starburst 10 aurora distalis(NEOhm's Hidden Portal Mix),presets-extra,21
Eo.S. - subtraction fade,presets-extra,21
Eo.S. - subtraction fade gamma,presets-extra,21
Eo.S. - subtraction fade pain,presets-extra,21
Eo.S. - tumbler arcs,presets-extra,21
Eo.S. - tumbler arcs daemon,presets-extra,21
Eo.S. - tumbler arcs daemon vortex,presets-extra,21
Eo.S. - tumbler demon mix B,presets-extra,21
Eo.S. - tumbler demon mix B_phat_SLOWWWWW_edit,presets-extra,21
Eo.S. - tumbler demon mix high fps,presets-extra,21
Eo.S. - tumbler demon mix high fps Phat_Spiral,presets-extra,21
Eo.S. - tumbler demon mix high fps Phat_Spiral_v2,presets-extra,21
Eo.S. - tumbler demon mix high fps Phat_edit,presets-extra,21
Eo.S. - tumbler demon mix high fps Phat_edit_v2,presets-extra,21
Eo.S. - tumbler demon mix high fps particles,presets-extra,21
Eo.S. - tumbler solid mix,presets-extra,21
Eo.S. - vector mapping 2,presets-extra,21
Eo.S. - vector mapping 3,presets-extra,21
Eo.S. - vector mapping 4,presets-extra,21
Eo.S. - volume plane C,presets-extra,21
Eo.S. - waveform 01,presets-extra,21
Eo.S. - weird trails,presets-extra,21
Eo.S. - zion square,presets-extra,21
Eo.S. 3d,presets-extra,21
Eo.S. 3d-glasses,presets-extra,21
Eo.S. 3d-glasses amoeba,presets-extra,21
Eo.S. 3d-glasses amoeba_1,presets-extra,21
Eo.S. Whale_flower,presets-extra,21
Eo.S. Whale_soul,presets-extra,21
Eo.S. and Zylot - Pointfield 9 (Hypnotic Void remex),presets-extra,21
Eo.S. and Zylot - multisphere (A World Dreaming),presets-extra,21
Eo.S. and Zylot - multisphere (A World Dreaming) optimized,presets-extra,21
Eo.S. and Zylot - skylight (Stained Glass Majesty mix),presets-extra,21
Eo.S. and Zylot - skylight (Stained Glass Majesty mix)_Phat_brain_shreader,presets-extra,21
Eo.S. and Zylot - skylight (Stained Glass Majesty mix)_Phat_shutter_mix,presets-extra,21
Eo.S. and Zylot - tumbler arcs daemon (Xelototh),presets-extra,21
Eo.S. and Zylot and Phat - Pointfield 9 (Hypnotic Orbit remex),presets-extra,21
Eo.S. and Zylot and Phat - Pointfield 9 (Hypnotic Orbit_bass_responce_mix),presets-extra,21
Eo.S. and Zylot and Phat - Pointfield 9 (Hypnotic Orbit_bass_responce_mix)_mix,presets-extra,21
Eo.S. and Zylot and Phat - dam,presets-extra,21
Eo.S. and Zylot and Phat - dam_v2,presets-extra,21
Eo.S. and Zylot and Phat - dam_v2_zoe_colours,presets-extra,21
Eo.S. and Zylot and Phat - dam_v3,presets-extra,21
Eo.S. planetfunk-03 - rotation,presets-extra,21
Eo.S. planetfunk-04 - trip1_phat_edit,presets-extra,21
Eo.S. planetfunk-04 - trip1_phat_edit_4,presets-extra,21
Eo.S. planetfunk-04 - trip1_phat_edit_4 - EoS,presets-extra,21
Eo.S. planetfunk-04 - trip1_phat_edit_4 - EoS_Gears_mix,presets-extra,21
Eo.S. planetfunk-04 - trip1_phat_edit_4 - EoS_Tiger_mix,presets-extra,21
Eo.S. planetfunk-04 - trip1_phat_edit_4 - EoS_jewels_mix,presets-extra,21
Eo.S. planetfunk-04 - trip1_phat_edit_5,presets-extra,21
Eo.S. planetfunk-07 - tracers B,presets-extra,21
Eo.S. planetfunk-07 - tracers B(Syst3mFailur - bluespin remix),presets-extra,21
Eo.S. planetfunk-08 - tracers C,presets-extra,21
Eo.S. planetfunk-09 - tracers D,presets-extra,21
Eo.S. planetfunk-10 - tracers E,presets-extra,21
Eo.S. planetfunk-10 - tracers E_phat_edit,presets-extra,21
Eo.S. planetfunk-10 - tracers E_phat_edit_2,presets-extra,21
Eo.S. planetfunk-10 - tracers E_phat_edit_LOOK IM A NEWBIE,presets-extra,21
Eo.S. remix - Reenen - phoenix,presets-extra,21
Eo.S. remix - Rovastar and Krash - Rainbow Deflection,presets-extra,21
Eo.S.+ Phat - magnetosphere 09 - quantumsphere_Polysyllabic,presets-extra,21
Eo.S.+ Phat - magnetosphere 09 - quantumsphere_dots_v2,presets-extra,21
Eo.S.+ Phat - magnetosphere 09 - quantumsphere_dots_v2b,presets-extra,21
Eo.S.+ Phat - magnetosphere 09 - quantumsphere_dots_v3,presets-extra,21
Eo.S.+ Phat - magnetosphere 13 - Unanimity,presets-extra,21
Eo.S.+ Phat - magnetosphere 13 - pulsar,presets-extra,21
Eo.S.+ Phat - magnetosphere 13 - pulsar B,presets-extra,21
Eo.S.+ Phat - magnetosphere 13 - pulsar c,presets-extra,22
Eo.S.+ Phat - magnetosphere 13 - pulsar d,presets-extra,22
Eo.S.+ Phat - magnetosphere 13 - pulsar d - spiral,presets-extra,22
Eo.S.+Phat - Arm,presets-extra,22
Eo.S.+Phat - Arm_1,presets-extra,22
Eo.S.+Phat - Arm_textured_tan,presets-extra,22
Eo.S.+Phat - Arm_upgrades,presets-extra,22
Eo.S.+Phat - Arm_upgrades - transformer,presets-extra,22
Eo.S.+Phat - Arm_upgrades - transformer_spiner,presets-extra,22
Eo.S.+Phat - Arm_upgrades - transformer_spiner_triangle_mix,presets-extra,22
Eo.S.+Phat - Arm_upgrades - transformer_spiner_triangle_mix_v2,presets-extra,22
Eo.S.+Phat - Arm_upgrades - transformer_spiner_v2,presets-extra,22
Eo.S.+Phat - Circle_pointer,presets-extra,22
Eo.S.+Phat - Conductor_Module_,presets-extra,22
Eo.S.+Phat - Conductor_Module_(Yin_Colors),presets-extra,22
Eo.S.+Phat - Conductor_Module_(Yin_Colors)_2,presets-extra,22
Eo.S.+Phat - Conductor_Module_+,presets-extra,22
Eo.S.+Phat - Conductor_Module_Inward_mix,presets-extra,22
Eo.S.+Phat - Conductor_Module_Inward_portal,presets-extra,22
Eo.S.+Phat - Conductor_Module_Minimal,presets-extra,22
Eo.S.+Phat - Conductor_Module_Night_Skys_Mix,presets-extra,22
Eo.S.+Phat - Conductor_Module_Night_Skys_Mix+v2,presets-extra,22
Eo.S.+Phat - Egg Sack,presets-extra,22
Eo.S.+Phat - Flare,presets-extra,22
Eo.S.+Phat - Flare_Kung_Fu_mix,presets-extra,22
Eo.S.+Phat - Flare_dig_mix,presets-extra,22
Eo.S.+Phat - Flare_dig_mix_v2,presets-extra,22
Eo.S.+Phat - Flare_suck,presets-extra,22
Eo.S.+Phat - Flare_suck_v2,presets-extra,22
Eo.S.+Phat - I,presets-extra,22
Eo.S.+Phat - I_v2,presets-extra,22
Eo.S.+Phat - I_v2 gradients,presets-extra,22
Eo.S.+Phat - I_v2 gradients rot,presets-extra,22
Eo.S.+Phat - I_v2 monks box,presets-extra,22
Eo.S.+Phat - I_v2 monks box_Krash_beat_detection_code,presets-extra,22
Eo.S.+Phat - I_v2 monks box_bombs_away,presets-extra,22
Eo.S.+Phat - I_v2 monks box_test,presets-extra,22
Eo.S.+Phat - I_v2 monks brain leach,presets-extra,22
Eo.S.+Phat - I_v2 monks brain leach_v2,presets-extra,22
Eo.S.+Phat - I_v2 monks brain leach_v3,presets-extra,22
Eo.S.+Phat - I_v2 monks brain leach_v4,presets-extra,22
Eo.S.+Phat - I_v2 monks brain leach_v4b,presets-extra,22
Eo.S.+Phat - I_v2 monks brain leach_v5,presets-extra,22
Eo.S.+Phat - I_v2 monks medicine,presets-extra,22
Eo.S.+Phat - I_v2 monks medicine_not good,presets-extra,22
Eo.S.+Phat - I_v2 monks spinal colum,presets-extra,22
Eo.S.+Phat - I_v2 monks string box,presets-extra,22
Eo.S.+Phat - I_v2 sides,presets-extra,22
Eo.S.+Phat - I_v2 sides_b,presets-extra,22
Eo.S.+Phat - I_v2 sides_v2,presets-extra,22
Eo.S.+Phat - I_v2_Shape,presets-extra,22
Eo.S.+Phat - I_v2_Shape_v2,presets-extra,22
Eo.S.+Phat - I_v2_Shape_v3,presets-extra,22
Eo.S.+Phat - I_v2_awakening,presets-extra,22
Eo.S.+Phat - I_v2_biter,presets-extra,22
Eo.S.+Phat - I_v2_biter_v2,presets-extra,22
Eo.S.+Phat - I_v2_spirals,presets-extra,22
Eo.S.+Phat - I_v2_wiggler,presets-extra,22
Eo.S.+Phat - I_v2_wiggler_v2,presets-extra,22
Eo.S.+Phat - I_v2_wiggler_v3,presets-extra,22
Eo.S.+Phat - I_v2_wiggler_v4,presets-extra,22
Eo.S.+Phat - Luer,presets-extra,22
Eo.S.+Phat - Monks escape,presets-extra,22
Eo.S.+Phat - Monks escape_Beatle_mix,presets-extra,22
Eo.S.+Phat - Monks escape_v2,presets-extra,22
Eo.S.+Phat - Spiral_Bubble,presets-extra,22
Eo.S.+Phat - Spiral_Star,presets-extra,22
Eo.S.+Phat - Spiral_Triangle,presets-extra,22
Eo.S.+Phat - Spiral_Window,presets-extra,22
Eo.S.+Phat - Spiral_hook,presets-extra,22
Eo.S.+Phat - Talented artist use artifacts,presets-extra,22
Eo.S.+Phat - Talented artist use artifacts_v2,presets-extra,22
Eo.S.+Phat - Talented artist use artifacts_v3,presets-extra,22
Eo.S.+Phat - Ummmm,presets-extra,22
Eo.S.+Phat - Ummmm_werid_motion,presets-extra,22
Eo.S.+Phat - Ummmm_werid_motion_v2,presets-extra,22
Eo.S.+Phat - detached centerpoint,presets-extra,22
Eo.S.+Phat - linear clouds,presets-extra,22
Eo.S.+Phat - linear clouds nexus,presets-extra,22
Eo.S.+Phat - linear clouds nexus side,presets-extra,22
Eo.S.+Phat - linear clouds_solarized_points_of_light,presets-extra,22
Eo.S.+Phat - linear clouds_solarized_points_of_light_v2,presets-extra,22
Eo.S.+Phat - linear clouds_v2,presets-extra,22
Eo.S.+Phat - linear clouds_v3,presets-extra,22
Eo.S.+Phat - spectrum bubble,presets-extra,22
Eo.S.+Phat - spectrum bubble Green Pointer,presets-extra,22
Eo.S.+Phat - spectrum bubble Red Pointer,presets-extra,22
Eo.S.+Phat - spectrum bubble Yay_Colours,presets-extra,22
Eo.S.+Phat - spectrum bubble Yay_Colours_Spiral,presets-extra,22
Eo.S.+Phat - spectrum bubble Yay_Colours_weird,presets-extra,22
Eo.S.+Phat - spectrum bubble Yay_Colours_what,presets-extra,22
Eo.S.+Phat - spectrum bubble Yay_Colours_where,presets-extra,22
Eo.S.+Phat - spectrum bubble Yay_Colours_wow,presets-extra,22
Eo.S.+Phat - spectrum bubble Yay_fish,presets-extra,22
Eo.S.+Phat - spectrum bubble Yay_fish_inbetween,presets-extra,22
Eo.S.+Phat - spectrum bubble Yay_fish_pink_eye,presets-extra,22
Eo.S.+Phat - spectrum bubble Yay_fish_reactive,presets-extra,22
Eo.S.+Phat - spectrum bubble Yay_fish_skin,presets-extra,22
Eo.S.+Phat - spectrum bubble Yay_fish_skin Eo.S. alpha,presets-extra,22
Eo.S.+Phat - spectrum bubble Yay_fish_skin Eo.S. beta,presets-extra,22
Eo.S.+Phat - spectrum bubble Yay_fish_skin_2,presets-extra,22
Eo.S.+Phat - spectrum bubble Yay_fish_skin_v2,presets-extra,22
Eo.S.+Phat - spectrum bubble Yay_fish_spiral,presets-extra,22
Eo.S.+Phat - spectrum bubble Yay_fish_spiral_tan,presets-extra,22
Eo.S.+Phat - spectrum bubble Yay_fish_vid_echo,presets-extra,22
Eo.S.+Phat - spectrum bubble Yay_fish_weird_bubble,presets-extra,22
Eo.S.+Phat - spectrum bubble Yay_fish_weird_bubble_red,presets-extra,22
Eo.S.+Phat - spectrum bubble Yay_fish_weird_bubble_red_wiggly,presets-extra,22
Eo.S.+Phat - spectrum bubble background,presets-extra,22
Eo.S.+Phat - spectrum bubble background warp,presets-extra,22
Eo.S.+Phat - spectrum bubble background warp liquid,presets-extra,22
Eo.S.+Phat - spectrum bubble background warp tiled,presets-extra,22
Eo.S.+Phat - spectrum bubble field,presets-extra,22
Eo.S.+Phat - spectrum bubble new colors,presets-extra,22
Eo.S.+Phat - spectrum bubble new colors WF,presets-extra,22
Eo.S.+Phat - spectrum bubble new colors WF2,presets-extra,22
Eo.S.+Phat - spectrum bubble new colors WF2 chaos,presets-extra,22
Eo.S.+Phat - spectrum bubble new colors WF2 chaos theory,presets-extra,22
Eo.S.+Phat - spectrum bubble new colors WF2 chaos theory_cage,presets-extra,22
Eo.S.+Phat - spectrum bubble new colors WF2 in water,presets-extra,22
Eo.S.+Phat - spectrum bubble new colors WF2 in water B,presets-extra,22
Eo.S.+Phat - spectrum bubble new colors WF2 in water dark,presets-extra,22
Eo.S.+Phat - spectrum bubble new colors WF2 in water_3d,presets-extra,23
Eo.S.+Phat - spectrum bubble new colors WF2 nozoom,presets-extra,23
Eo.S.+Phat - spectrum bubble new colors_v2,presets-extra,23
Eo.S.+Phat - spectrum bubble new colors_warp,presets-extra,23
Eo.S.+Phat - the lights at night,presets-extra,23
Eo.S.+Phat - the lights at night_spikes,presets-extra,23
Eo.S.+Phat - the lights at night_spikes2,presets-extra,23
Eo.S.+Phat -Eat e,presets-extra,23
Eo.S.+Phat -Eater,presets-extra,23
Eo.S.+Phat -Eater_Vinyl_mix,presets-extra,23
Eo.S.+Phat -Eater_smear_tackticks,presets-extra,23
Eo.S.+Phat -Eater_smear_tackticks_flashy,presets-extra,23
Eo.S.+Phat -Eater_smear_tackticks_v2,presets-extra,23
Eo.S.+Phat -Eater_smear_tackticks_v3,presets-extra,23
Eo.S.+Phat -Eater_smear_tackticks_v4,presets-extra,23
Eo.S.+Phat -Eater_smear_tackticks_v5,presets-extra,23
Eo.S.+Phat -Eater_smear_tackticks_v6,presets-extra,23
Eo.S.+Phat -Eater_v2,presets-extra,23
Eo.S.+Phat -I'm Going to stop playing with this,presets-extra,23
Eo.S.+Phat -I'm Going to stop playing with this_gamma,presets-extra,23
Eo.S.+Phat -I'm Going to stop playing with this_gamma_sphere,presets-extra,23
Eo.S.+Phat -I'm Going to stop playing with this_v2,presets-extra,23
Eo.S.+Phat -I'm Going to stop playing with this_v3,presets-extra,23
Eo.S.+Phat -I'm Going to stop playing with this_v4,presets-extra,23
Eo.S.+Phat -I'm Going to stop playing with this_v4_slow,presets-extra,23
Eo.S.+Phat -Shipwreaked,presets-extra,23
Eo.S.+Phat -Shipwreaked_v2,presets-extra,23
Eo.S.+Phat -Shipwreaked_v3,presets-extra,23
Eo.S.+Phat -Shipwreaked_v4,presets-extra,23
Eo.S.+Phat -Shipwreaked_v5,presets-extra,23
Eo.S.+Phat -Shipwreaked_v5b,presets-extra,23
Eo.S.+Phat -Transformoer,presets-extra,23
Eo.S.+Phat -Transformoer_v2,presets-extra,23
Eo.S.+Phat Angle_Orb,presets-extra,23
Eo.S.+Phat Artifactoid,presets-extra,23
Eo.S.+Phat Artifactoid_grafix_mix,presets-extra,23
Eo.S.+Phat Blue_blinky_lights,presets-extra,23
Eo.S.+Phat Cool Bug,presets-extra,23
Eo.S.+Phat Cool Bug v2 + (Krash's beat detection),presets-extra,23
Eo.S.+Phat Cool Bug_arm,presets-extra,23
Eo.S.+Phat Cool Bug_arm_textured,presets-extra,23
Eo.S.+Phat Cool Bug_is_the_hue_shading_done_in_8bit_72,presets-extra,23
Eo.S.+Phat Emergent factors,presets-extra,23
Eo.S.+Phat Emergent factors - Bitcore Tweak,presets-extra,23
Eo.S.+Phat Emergent factors_v2,presets-extra,23
Eo.S.+Phat Emergent factors_v2_Eo.S mix,presets-extra,23
Eo.S.+Phat Fractical_dancer,presets-extra,23
Eo.S.+Phat Fractical_dancer - light in the distance,presets-extra,23
Eo.S.+Phat Fractical_dancer - light in the distance_idio_cho,presets-extra,23
Eo.S.+Phat Fractical_dancer - light in the distance_v2,presets-extra,23
Eo.S.+Phat Fractical_dancer - light of the ancients,presets-extra,23
Eo.S.+Phat Fractical_dancer - pulsate,presets-extra,23
Eo.S.+Phat Fractical_dancer - pulsate B,presets-extra,23
Eo.S.+Phat Fractical_dancer - pulsate box_mix,presets-extra,23
Eo.S.+Phat Fractical_dancer - pulsate nubsy,presets-extra,23
Eo.S.+Phat Fractical_dancer - pulsate nubsy_bubbles_Tan_mix,presets-extra,23
Eo.S.+Phat Fractical_dancer - pulsate nubsy_bubbles_mix,presets-extra,23
Eo.S.+Phat Fractical_dancer - pulsate nubsy_earth_orb_mix,presets-extra,23
Eo.S.+Phat Fractical_dancer - pulsate nubsy_earth_orb_mix vacuum hose,presets-extra,23
Eo.S.+Phat Fractical_dancer - pulsate nubsy_earth_orb_mix window to a hurricane,presets-extra,23
Eo.S.+Phat Fractical_dancer - pulsate nubsy_pointer,presets-extra,23
Eo.S.+Phat Fractical_dancer - pulsate nubsy_windows_mix,presets-extra,23
Eo.S.+Phat Fractical_dancer_Peacock,presets-extra,23
Eo.S.+Phat Fractical_dancer_Peacock brain,presets-extra,23
Eo.S.+Phat Fractical_dancer_bouncy,presets-extra,23
Eo.S.+Phat Fractical_dancer_v2,presets-extra,23
Eo.S.+Phat Fractical_dancer_v2b,presets-extra,23
Eo.S.+Phat Fractical_dancer_v2c,presets-extra,23
Eo.S.+Phat Fractical_dancer_v2d,presets-extra,23
Eo.S.+Phat Fractical_dancer_v2e,presets-extra,23
Eo.S.+Phat Fractical_dancer_v2f,presets-extra,23
Eo.S.+Phat Iron_spy,presets-extra,23
Eo.S.+Phat Non-eucliden,presets-extra,23
Eo.S.+Phat Non-eucliden_spider_mix,presets-extra,23
Eo.S.+Phat Quadrent_fractal,presets-extra,23
Eo.S.+Phat Screen_eater,presets-extra,23
Eo.S.+Phat Screen_eater_pulp ,presets-extra,23
Eo.S.+Phat Screen_eater_pulp_2,presets-extra,23
Eo.S.+Phat Screen_sucker,presets-extra,23
Eo.S.+Phat Speak with the orb,presets-extra,23
Eo.S.+Phat Speak with the orb remix(mantis),presets-extra,23
Eo.S.+Phat Speak with the orb_more_colour_mix,presets-extra,23
Eo.S.+Phat Speak with the orb_rotation_mix,presets-extra,23
Eo.S.+Phat Speak with the orb_rotation_mix_time_mod,presets-extra,23
Eo.S.+Phat Splashdown,presets-extra,23
Eo.S.+Phat Target_practice,presets-extra,23
Eo.S.+Phat Target_practice_movements,presets-extra,23
Eo.S.+Phat Target_practice_textured,presets-extra,23
Eo.S.+Phat Target_practice_textured_v2,presets-extra,23
Eo.S.+Phat Warping,presets-extra,23
Eo.S.+Phat Warping_Glass_Eye,presets-extra,23
Eo.S.+Phat Warping_vidio_echo,presets-extra,23
Eo.S.+Phat Warping_vidio_echo - Bitcore Tweak,presets-extra,23
Eo.S.+Phat detached centerpoint,presets-extra,23
Eo.S.+Phat detached centerpoint_concentric_circles,presets-extra,23
Eo.S.+Phat detached centerpoint_made_for_highest_texture_size,presets-extra,23
Eo.S.+Phat detached centerpoint_made_for_highest_texture_size+grid,presets-extra,23
Eo.S.+Phat detached centerpoint_made_for_highest_texture_size+star,presets-extra,23
Eo.S.+Phat detached centerpoint_v2,presets-extra,23
Eo.S.+Phat detached starpoint,presets-extra,23
Eo.S.+Phat detached starpoint rotation mix,presets-extra,23
Eo.S.+Phat detached starpoint rotation mix2,presets-extra,23
Eo.S.+Phat detached starpoint seizure mix,presets-extra,23
Eo.S.+Phat detached starpoint_Boxs_mix,presets-extra,23
Eo.S.+Phat detached starpoint_Boxs_mix_v2,presets-extra,23
Eo.S.+Phat detached starpoint_Boxs_mix_v3,presets-extra,23
Eo.S.+Phat detached starpoint_Circle_mix,presets-extra,23
Eo.S.+Phat freeze_frame,presets-extra,23
Eo.S.+Phat freeze_frame_v2,presets-extra,23
Eo.S.+Phat last of it's kind,presets-extra,23
Eo.S.+Phat last of it's kind_Just_for_when_computers_are_faster,presets-extra,23
Eo.S.+Phat last of it's kind_Just_for_when_computers_are_faster_v2,presets-extra,23
Eo.S.+Phat last of it's kind_Points_of_light_v2,presets-extra,23
Eo.S.+Phat last of it's kind_jungle_flower,presets-extra,23
Eo.S.+Phat last of it's kind_jungle_flower_v2,presets-extra,23
Eo.S.+Phat last of it's kind_lens_flair,presets-extra,23
Eo.S.+Phat last of it's kind_lens_flair_flashy_boxes_mix,presets-extra,23
Eo.S.+Phat last of it's kind_lens_flair_flashy_boxes_mix_v2,presets-extra,23
Eo.S.+Phat last of it's kind_next,presets-extra,23
Eo.S.+Phat last of it's kind_non-sence,presets-extra,23
Eo.S.+Phat last of it's kind_sinking,presets-extra,23
Eo.S.+Phat last of it's kind_solarization_play,presets-extra,23
Eo.S.+Phat last of it's kind_untextured,presets-extra,23
Eo.S.+Phat trail_of_darkness,presets-extra,23
Eo.S.+Phat_whole_lota_tilein'_goin'_on,presets-extra,23
Eo.S.+Phat_whole_lota_tilein'_goin'_on_v2,presets-extra,23
Eo.S.+Phat_whole_lota_tilein'_goin'_on_v3,presets-extra,23
Eo.S.+Phat_whole_lota_tilein'_goin'_on_v4,presets-extra,24
Eo.S.+Phat_whole_lota_tilein'_goin'_on_v4_made_for_highest_texture_size,presets-extra,24
Eo.S._Phat - Fire skys,presets-extra,24
Eo.S._Phat - Fire skys_2,presets-extra,24
Eo.S._Phat - Ocean_waves,presets-extra,24
Eo.S._Phat - Tile distortion,presets-extra,24
"Eo.S._Phat - dark side of the moon (plus a few more hits,a pill,some 2-cb,few bong rips+some tweak)",presets-extra,24
"Eo.S._Phat - dark side of the moon (plus a few more hits,a pill,some 2-cb,few bong rips,line of k)",presets-extra,24
"Eo.S._Phat - dark side of the moon (plus a few more hits,a pill,some 2-cb,few bong rips,line of k)2",presets-extra,24
Eo.S._Phat - ether_colours,presets-extra,24
Eo.S._Phat - magnetosphere 09 - quantumsphere_colour_fast_edit,presets-extra,24
Eo.S._Phat - magnetosphere 09 - quantumsphere_colour_slower_edit,presets-extra,24
Eo.S._Phat - magnetosphere 09 - quantumsphere_colour_slowest_edit,presets-extra,24
Eo.S._Phat - magnetosphere 09 - quantumsphere_colour_slowest_edit_v2,presets-extra,24
Eo.S._Phat Dark_Elven_Forest,presets-extra,24
Eo.S._Phat Dark_heart,presets-extra,24
Eo.S._Phat Dark_heart_nobal_cause,presets-extra,24
Eo.S._Phat Dark_heart_nobal_cause_Blood_Oath,presets-extra,24
Eo.S._Phat Elven_Seeker,presets-extra,24
Eo.S._Phat Forest_sprite,presets-extra,24
Eo.S._Phat Forest_sprite_v2,presets-extra,24
Eo.S._Phat Minds_unlike_ours,presets-extra,24
Eo.S._Phat Minds_unlike_ours_Healer,presets-extra,24
Eo.S._Phat Minds_unlike_ours_Monk,presets-extra,24
Eo.S._Phat Minds_unlike_ours_broadcast,presets-extra,24
Eo.S._Phat Whale_flower,presets-extra,24
Eo.S._Phat Whale_flower_v2,presets-extra,24
Eo.S._Phat Whale_soul,presets-extra,24
Eo.S._Phat Whale_soul-female,presets-extra,24
Eo.S._Phat Whale_soul-female_v2,presets-extra,24
Eo.S._Phat Whale_soul-monitor,presets-extra,24
Eo.S._Phat Whale_soul-monitor danger,presets-extra,24
Eo.S._Phat Whale_soul-monitor danger - music,presets-extra,24
Eo.S._Phat blah_blah,presets-extra,24
Eo.S._Phat craZy,presets-extra,24
Eo.S._Phat technicolor,presets-extra,24
Eo.S._Phat technicolor B,presets-extra,24
Eo.S._Phat technicolor C,presets-extra,24
Eo.S._Phat technicolor D,presets-extra,24
Eo.S._Phat technicolor E breather,presets-extra,24
Eo.S._Phat technicolor E breather B,presets-extra,24
Eo.S._Phat technicolor F breather C,presets-extra,24
Eo.S._Phat technicolor F breather D,presets-extra,24
Eo.S._Phat technicolor F breather E,presets-extra,24
Eo.S._Phat_3d tracers,presets-extra,24
Eo.S._Phat_3d_,presets-extra,24
Eo.S._Phat_Let_go,presets-extra,24
Eo.S._Phat_Let_go_V2,presets-extra,24
Eo.S._Phat_Let_go_Wana_Sezure,presets-extra,24
Eo.S._Phat_Let_go_Wana_Sezure_v2,presets-extra,24
Eo.S._Phat_PeterP_Sentinel_Aware,presets-extra,24
Eo.S._Phat_PeterP_Sentinel_Aware_2,presets-extra,24
Eo.S._Phat_PeterP_Sentinel_Aware_3,presets-extra,24
Eo.S._Phat_PeterP_Sentinel_Aware_4,presets-extra,24
Eo.S._Phat_PeterP_Sentinel_Aware_6 Eo.S. edit C2,presets-extra,24
Eo.S._Phat_Thunder,presets-extra,24
Eo.S._Phat_kung_fo_bot_746,presets-extra,24
Eo.S._Phat_kung_fo_bot_747,presets-extra,24
Eo.S._Phat_kung_fo_bot_747_1,presets-extra,24
Eo.S._Phat_kung_fo_bot_747b,presets-extra,24
Eo.S._Phat_kung_fo_bot_748,presets-extra,24
Eo.S._Phat_kung_fo_bot_749,presets-extra,24
Eo.S._Phat_spiny_artitacts,presets-extra,24
Eo.S._Phat_spiny_boxes,presets-extra,24
Eo.S._Phat_spiny_boxes_vidio_echo,presets-extra,24
Eo.S._Phat_spiny_boxes_vidio_echo_flashy_lights=mix,presets-extra,24
Eo.S._Phat_spiny_boxes_vidio_echo_v2,presets-extra,24
Eo.S._phat - skylight a4 [budding flower cosmic2],presets-extra,24
Eo.S._phat - skylight a4 [budding flower cosmic3],presets-extra,24
Eo.S._phat - skylight a4 [budding flower cosmic4],presets-extra,24
Eo.S_Phat_Fyornulis_StudioMusic - Glowsticks (Krash beat detection) Blending Her Drink mix,presets-extra,24
Eo.s and PieturP - AlienSpaceshipIinvasion,presets-extra,24
Eo.s and PieturP - AlienSpaceshipIinvasion_phats_particle edit,presets-extra,24
Eo.s and PieturP - AlienSpaceshipIinvasion_phats_vidio_edit,presets-extra,24
Eo.s and PieturP - AlienSpaceshipInvasion 2,presets-extra,24
Eo.s and PieturP - Starfield,presets-extra,24
Eo.s.phat-conductormodule,presets-extra,24
Eos-angelsofdecay02phat-so,presets-extra,24
Eos-frequencyanalysiswithcolo,presets-extra,24
Eos-frequencyanalysiswithcolor,presets-extra,24
Eos-frequencyanalysiswithcolor4band,presets-extra,24
Eos-frequencyanalysiswithcolo~2,presets-extra,24
Eos-magnetosphere09-quantumsphere,presets-extra,24
Eos-magnetosphere10-quantumsphere-war,presets-extra,24
Eos-multisphere01bphatramix,presets-extra,24
Eos-pointfield09thegasesbeyond85b,presets-extra,24
Eos-skylighta1(musicwarpswitch),presets-extra,24
Eos-skylighta2(tripcolors),presets-extra,24
Eos-sparkcphatjestermix,presets-extra,24
Eos3d-glassesamoeba,presets-extra,24
Eosandzylotandphat-pointfield9(hypnot,presets-extra,24
Eosphat-chasers02daemon,presets-extra,24
Eosphat-chasers03daemonspiral,presets-extra,24
Eosphat-chasers04bangelspiral420,presets-extra,24
Eosphat-chasers04daemonspiral420,presets-extra,24
Eosphat-chasers05nematode,presets-extra,24
Eosphat-chasers06nematodewhitemic,presets-extra,24
Eosphat-chasers07nematodewhitemix,presets-extra,24
Eosphat-chasers08nematodetealmix,presets-extra,24
Eosphat-chasers09sentinel,presets-extra,24
Eosphat-chasers10sentinelb,presets-extra,24
Eosphat-chasers11sentinelc,presets-extra,24
Eosphat-chasers11sentinelcpoltergei,presets-extra,24
Eosphat-chasers11sentinelcpoltergeis,presets-extra,24
Eosphat-chasers11sentinelcpoltergeist,presets-extra,24
Eosphat-chasers11sentinelcpoltergeiv2,presets-extra,24
Eosphat-chasers12sentineldaemon,presets-extra,24
Eosphat-chasers13sentinel189,presets-extra,24
Eosphat-chasers14sentinel616,presets-extra,24
Eosphat-chasers15sentinelsmaleandfema,presets-extra,24
Eosphat-chasers16sentinelsmaleandfema,presets-extra,24
Eosphat-chasers17sentinelsghoul,presets-extra,24
Eosphat-chasers18hallway,presets-extra,24
Eosphat-chasers19portal,presets-extra,24
Eosphat-chasers19portalv2,presets-extra,24
Eosphat-chasers19portalv2b,presets-extra,24
Eosphat-chasers20wisps,presets-extra,24
Eosphat-chasers20wisps(redijedisplast,presets-extra,24
Eosphat-chasers21primordialsoup,presets-extra,24
Eosphat-chasers22feedmebrains,presets-extra,24
Eosphat-chasers23feedmebrainsv2,presets-extra,24
Eosphat-conductormodule,presets-extra,24
Eosphat-conductormodule(yincolors),presets-extra,24
Eosphat-conductormodule(yincolors)2,presets-extra,24
Eosphat-conductormoduleinwardmix,presets-extra,24
Eosphat-conductormoduleinwardportal,presets-extra,24
Eosphat-conductormoduleminimal,presets-extra,25
Eosphat-conductormodulenightskysmix,presets-extra,25
Eosphat-conductormodulenightskysmixv2,presets-extra,25
Eosphat-iv2monksbrainleachv4b,presets-extra,25
Eosphat-iv2sidesb,presets-extra,25
Eosphat-luer,presets-extra,25
Eosphat-shipwreakedv5b,presets-extra,25
Eosphat-spectrumbubbleyayfishskin2,presets-extra,25
Eosphat-spectrumbubbleyayfishspiralta,presets-extra,25
Eosphatandzylot-chasers(sentinalangel,presets-extra,25
Eosphatandzylot-chasers(sentinalbiobl,presets-extra,25
Eosphatandzylot-chasers(sentinalbiome,presets-extra,25
Eosphatandzylot-chasers(sentinalbiov2,presets-extra,25
Eosphatandzylot-chasers(sentinalcondu,presets-extra,25
Eosphatandzylot-chasers(sentinaleskim,presets-extra,25
Eosphatandzylot-chasers(sentinalrubv2,presets-extra,25
Eosphatandzylot-chasers(sentinalrubym,presets-extra,25
Eosphatandzylot-chasers(sentinalsorco,presets-extra,25
Eosphatandzylot-chasers(sentinalstars,presets-extra,25
Eosphatandzylot-chasers(sentinalwizdo,presets-extra,25
Eosphatartifac7,presets-extra,25
Eosphatfishbrain(southofthebordermix),presets-extra,25
Eosphatfishbrainre(runawayrunawaymix),presets-extra,25
Eosphatfishbrainred(premiumblendver2),presets-extra,25
Eosphatfishbrainredijed(premiumblend),presets-extra,25
Eosphatfishbrainredijedi-picturesofin,presets-extra,25
Eosphatkungfobot747,presets-extra,25
Eosphatkungfobot747b,presets-extra,25
Eosplanetfunk-10-tracersephatedit,presets-extra,25
Equaker - Fire Wall,presets-extra,25
Equaker - Solar System,presets-extra,25
Equaker - Solar System_1,presets-extra,25
Esotic & Krash - Flashy LemineM's,presets-extra,25
Esotic & Krash - Moderate Krash Cycle,presets-extra,25
Esotic & Krash - Moderate Krash Cycle II,presets-extra,25
Esotic & Krash - Purple Camo Box,presets-extra,25
Esotic & Krash - Purple Restarting,presets-extra,25
Esotic & Rozzer - Rainbow Prism Portal,presets-extra,25
Esotic & Rozzer - Rainbow Prism Portal 2 Legit,presets-extra,25
Esotic & Rozzer - Rainbow Prism Portal 2 Legit 2 Quit,presets-extra,25
Esotic & Rozzer - Rainbow Starving Brain Sucker,presets-extra,25
Esotic & Rozzer - Revolverlution,presets-extra,25
Esotic & Rozzer - Shared Joy,presets-extra,25
Esotic & Rozzer - The Dark Side Of My Moon,presets-extra,25
Esotic & Rozzor - Pixie Party Light ((No Wave Invasion) Inner Space 2 Mix),presets-extra,25
Esotic & Rozzor - Pixie Party Light ((No Wave Invasion) Inner Space 23 Mix),presets-extra,25
Esotic & Rozzor - Pixie Party Light ((No Wave Invasion) Inner Space Mix),presets-extra,25
Esotic & Rozzor - Pixie Party Light ((No Wave Invasion) Mandala Chill Mix),presets-extra,25
Esotic & Rozzor - Pixie Party Light ((No Wave Invasion) Mandala Chill Red Yellow Mix),presets-extra,25
Esotic & Rozzor - Pixie Party Light ((No Wave Invasion) Mandala Mix),presets-extra,25
Esotic & Rozzor - Pixie Party Light ((No Wave Invasion) Mix),presets-extra,25
Esotic & Rozzor - Pixie Portal Light,presets-extra,25
Esotic & Rozzor - Pixie Portal Light II,presets-extra,25
Esotic - A Thousand Pointless Lights,presets-extra,25
Esotic - Big City Painters,presets-extra,25
Esotic - Can They Get It Together,presets-extra,25
Esotic - Centeriptical,presets-extra,25
Esotic - Creeping Rot,presets-extra,25
Esotic - Creeping Wine Rot,presets-extra,25
Esotic - Crevace,presets-extra,25
Esotic - Desert Portal,presets-extra,25
Esotic - Desert Portal (Rozzor shape tweak),presets-extra,25
Esotic - Desert Portal (Rozzor shape tweak) Subliminal,presets-extra,25
Esotic - Desert Portal (Rozzor shape tweak) Subliminal Breathing,presets-extra,25
Esotic - Drunken Squares,presets-extra,25
Esotic - Electro Chunnel,presets-extra,25
Esotic - Going Up,presets-extra,25
Esotic - Gullet 1.1,presets-extra,25
Esotic - Open Limeness,presets-extra,25
Esotic - Orange Ripple,presets-extra,25
Esotic - Purple On The Move,presets-extra,25
Esotic - Purple Restarting,presets-extra,25
Esotic - Raven Myst,presets-extra,25
Esotic - Ribcage,presets-extra,25
Esotic - Slit,presets-extra,25
Esotic - Square Cop Lighting,presets-extra,25
Esotic - Television is no friend of mine,presets-extra,25
Esotic - The Limeness,presets-extra,25
Esotic - Time Lapse Rot,presets-extra,25
Esotic - Tulip,presets-extra,25
Esotic - Wine Creeping Rot 1.1,presets-extra,25
Esotic - XMasBasic,presets-extra,25
Esotic - XMasFlying,presets-extra,25
Esotic - XMasSlowGrowth,presets-extra,25
Esotic - XMasSpiral,presets-extra,25
Esotic and Krash - Bloody Krash Cycle,presets-extra,25
Esotic and Krash - Delicates Cycle,presets-extra,25
Esotic and Krash - Flashy LemineM's,presets-extra,25
Esotic and Krash - JazzMouth,presets-extra,25
Esotic and Krash - Moderate Krash Cycle,presets-extra,25
Esotic and Krash - Moderate Krash Cycle II,presets-extra,25
Esotic and Krash - Purple Camo Box,presets-extra,25
Esotic and Krash - Rolly Poly,presets-extra,25
Esotic and Krash - The Tree of Math,presets-extra,25
Esotic and Krash - Winking Slit,presets-extra,25
Esotic vs Rozzor - Color Plotz,presets-extra,25
Esotic vs Rozzor - Pixie Party Light (No Wave Invasion),presets-extra,25
Esotic vs Rozzor - Pixie Party Light (No Wave Invasion) Inner Space,presets-extra,25
Esotic vs Rozzor - Pixie Party Light (No Wave Invasion) Inner Space 2,presets-extra,25
Esotic vs Rozzor - Pixie Party Light (No Wave Invasion) Inner Space 23,presets-extra,25
Esotic vs Rozzor - Pixie Party Light (No Wave Invasion) Mandala,presets-extra,25
Esotic vs Rozzor - Pixie Party Light (No Wave Invasion) Mandala Chill,presets-extra,25
Esotic vs Rozzor - Pixie Party Light (No Wave Invasion) Mandala Chill Red Yellow,presets-extra,25
Esotic vs Rozzor - Pixie Portal Light,presets-extra,25
Esotic vs Rozzor - Pixie Portal Light II,presets-extra,25
Esotic vs Rozzor - The Taming of the Color Plotz,presets-extra,25
Esotic&Krash-FlashyLemineM's,presets-extra,25
Esotic&Rozzer-PixiePartyLight(WithLiq,presets-extra,25
Esotic&Rozzer-RainbowPrismPortal2Leg0,presets-extra,25
Esotic&Rozzor-PixiePartyLight((N,presets-extra,25
Esotic&Rozzor-PixiePartyLight((NoWav0,presets-extra,25
Esotic&krash-flashyleminems,presets-extra,25
Esotic&krash-moderatekrashcycle,presets-extra,25
Esotic&krash-moderatekrashcycleii,presets-extra,26
Esotic&krash-purplecamobox,presets-extra,26
Esotic&krash-purplerestarting,presets-extra,26
Esotic&krash-ravenmyst,presets-extra,26
Esotic&krash-rollypoly,presets-extra,26
Esotic&krash-slit,presets-extra,26
Esotic&krash-thetreeofmath,presets-extra,26
Esotic&rozzer-hippiehypnotizer,presets-extra,26
Esotic&rozzer-nowandlater,presets-extra,26
Esotic&rozzer-pixiepar(bonusroundmix),presets-extra,26
Esotic&rozzer-rainbowprismportal,presets-extra,26
Esotic&rozzer-rainbowprismportal2leg2,presets-extra,26
Esotic&rozzer-rainbowprismportal2legi,presets-extra,26
Esotic&rozzer-rainbowstarvingbrainsuc,presets-extra,26
Esotic&rozzer-revolverlution,presets-extra,26
Esotic&rozzer-sharedjoy,presets-extra,26
Esotic&rozzer-thedarksideofmymoon,presets-extra,26
Esotic&rozzor-pixiepartylight((no,presets-extra,26
Esotic&rozzor-pixiepartylight((now,presets-extra,26
Esotic&rozzor-pixiepartylight((nowa,presets-extra,26
Esotic&rozzor-pixiepartylight((nowa23,presets-extra,26
Esotic&rozzor-pixiepartylight((nowav,presets-extra,26
Esotic&rozzor-pixiepartylight((nowav2,presets-extra,26
Esotic&rozzor-pixiepartylight((nowave,presets-extra,26
Esotic&rozzor-pixieportallight,presets-extra,26
Esotic&rozzor-pixieportallightii,presets-extra,26
Esotic-centeriptical,presets-extra,26
Esotic-desertportal,presets-extra,26
Esotic-electrochunnel,presets-extra,26
Esotic-goingup,presets-extra,26
Esotic-openlimeness,presets-extra,26
Esotic-purplerestarting,presets-extra,26
Esotic-ravenmyst,presets-extra,26
Esotic-slit,presets-extra,26
Esotic-thelimeness,presets-extra,26
Esotic-timelapserot,presets-extra,26
Esotic-xmasbasic,presets-extra,26
Esotic-xmasflying,presets-extra,26
Esotic-xmasslowgrowth,presets-extra,26
Esotic-xmasspiral,presets-extra,26
Ether Storm,presets-extra,26
Event Horizon,presets-extra,26
Evil02 - Liquid Lighting,presets-extra,26
Evil02 - Past the Canyon,presets-extra,26
Evil02-liquidlighting,presets-extra,26
Evil02-pastthecanyon,presets-extra,26
EvilJim - #01 Golden Turn,presets-extra,26
EvilJim - #02 Valley Chase,presets-extra,26
EvilJim - #03 Floating,presets-extra,26
EvilJim - #04 Water,presets-extra,26
EvilJim - #05 Plasma Bass,presets-extra,26
EvilJim - #06 Exploding Blob,presets-extra,26
EvilJim - #07 Supernova,presets-extra,26
EvilJim - #08 Tunnel Travel,presets-extra,26
EvilJim - #09 Turning Flash,presets-extra,26
EvilJim - #10 Color Flash,presets-extra,26
EvilJim - #11 Ice Drops,presets-extra,26
EvilJim - #12 Travelling Barcode,presets-extra,26
EvilJim - #13 Fire Place,presets-extra,26
EvilJim - #14 Valley Chase 2,presets-extra,26
EvilJim - #15 Bass Turn,presets-extra,26
EvilJim - #16 Back and Forth,presets-extra,26
EvilJim - #17 Travelling backwards in a Tunnel of Light,presets-extra,26
EvilJim - #18 Higher Bass,presets-extra,26
EvilJim - #19 Space Voyage,presets-extra,26
EvilJim - #20 Log Spectrum,presets-extra,26
EvilJim - #21 Living Picture,presets-extra,26
EvilJim - #22 Bass Blocks,presets-extra,26
EvilJim - #23 Chaos of Lines,presets-extra,26
EvilJim - #24 Curly,presets-extra,26
EvilJim - #25 Flying over Water,presets-extra,26
EvilJim - #26 I see Light!,presets-extra,26
EvilJim - #27 Follow the ball,presets-extra,26
EvilJim - #28 A square hole in the sea,presets-extra,26
EvilJim - #29 Bass Monitor,presets-extra,26
EvilJim - #30 Kinda shifting,presets-extra,26
EvilJim - #31 It s round,presets-extra,26
EvilJim - #32 Just hopping around,presets-extra,26
EvilJim - #33 Tube of Light,presets-extra,26
EvilJim - #34 Radar thingy,presets-extra,26
EvilJim - #35 Turning inside out,presets-extra,26
EvilJim - #36 Quite punkie,presets-extra,26
EvilJim - #37 Running inside a giant Wheel,presets-extra,26
EvilJim - #41 Stretching,presets-extra,26
EvilJim - #42 Spectrum Analyzer,presets-extra,26
EvilJim - #43 Where do you go,presets-extra,26
EvilJim - #44 4-Turn,presets-extra,26
EvilJim - #45 Trippy Lights,presets-extra,26
EvilJim - #46 Prism,presets-extra,26
EvilJim - 4-Turn,presets-extra,26
EvilJim - Back And Forth,presets-extra,26
EvilJim - Bass Blocks,presets-extra,26
EvilJim - Bass Monitor,presets-extra,26
EvilJim - Bass Turn,presets-extra,26
EvilJim - Chaos Of Lines,presets-extra,26
EvilJim - Colour Flash,presets-extra,26
EvilJim - Curly,presets-extra,26
EvilJim - Exploding Blob,presets-extra,26
EvilJim - Fire Place,presets-extra,26
EvilJim - Fire Place (idiots better flame mod),presets-extra,26
EvilJim - Floating,presets-extra,26
EvilJim - Flying Over Water,presets-extra,26
EvilJim - Follow the ball,presets-extra,26
EvilJim - Giant Wheel,presets-extra,26
EvilJim - Golden Turn,presets-extra,26
EvilJim - Higher Bass,presets-extra,26
EvilJim - I See Light,presets-extra,26
EvilJim - Ice Drops,presets-extra,26
EvilJim - Ice Drops (Swirl Mix),presets-extra,26
EvilJim - It's Round,presets-extra,26
EvilJim - Just Hopping Around,presets-extra,26
EvilJim - Kinda Shifting,presets-extra,26
EvilJim - Living Picture,presets-extra,26
EvilJim - Log Spectrum,presets-extra,26
EvilJim - Plasma Bass,presets-extra,26
EvilJim - Prism,presets-extra,26
EvilJim - Quite Punkie,presets-extra,26
EvilJim - Radar Thingy,presets-extra,26
EvilJim - Space Voyage,presets-extra,26
EvilJim - Spectrum Analyzer,presets-extra,26
EvilJim - Square Hole In The Sea,presets-extra,26
EvilJim - Stretching,presets-extra,26
EvilJim - Supernova,presets-extra,26
EvilJim - Travelling Backwards,presets-extra,26
EvilJim - Travelling Barcode,presets-extra,26
EvilJim - Trippy Lights,presets-extra,26
EvilJim - Tube Of Light,presets-extra,26
EvilJim - Tunnel Travel,presets-extra,27
EvilJim - Turning Flash,presets-extra,27
EvilJim - Turning Inside Out,presets-extra,27
EvilJim - Valley Chase 1,presets-extra,27
EvilJim - Valley Chase 2,presets-extra,27
EvilJim - Water,presets-extra,27
EvilJim - Where Do You Go,presets-extra,27
EvilJim and Rovastar - Bass Tube of Light (idiots blistered eyes),presets-extra,27
EvilJim and Rovastar - Bass Tube of Light (idiots unreliable source 2),presets-extra,27
EvilJim and Rovastar - Bass Tube of Light (idiots unreliable source),presets-extra,27
EvilJim-It'sRound,presets-extra,27
Eviljim-4-turn,presets-extra,27
Eviljim-backandforth,presets-extra,27
Eviljim-bassblocks,presets-extra,27
Eviljim-bassmonitor,presets-extra,27
Eviljim-bassturn,presets-extra,27
Eviljim-chaosoflines,presets-extra,27
Eviljim-colourflash,presets-extra,27
Eviljim-curly,presets-extra,27
Eviljim-explodingblob,presets-extra,27
Eviljim-fireplace,presets-extra,27
Eviljim-floating,presets-extra,27
Eviljim-flyingoverwater,presets-extra,27
Eviljim-giantwheel,presets-extra,27
Eviljim-goldenturn,presets-extra,27
Eviljim-higherbass,presets-extra,27
Eviljim-icedrops,presets-extra,27
Eviljim-iseelight,presets-extra,27
Eviljim-itsround,presets-extra,27
Eviljim-justhoppingaround,presets-extra,27
Eviljim-kindashifting,presets-extra,27
Eviljim-livingpicture,presets-extra,27
Eviljim-logspectrum,presets-extra,27
Eviljim-plasmabass,presets-extra,27
Eviljim-prism,presets-extra,27
Eviljim-quitepunkie,presets-extra,27
Eviljim-radarthingy,presets-extra,27
Eviljim-spacevoyage,presets-extra,27
Eviljim-spectrumanalyzer,presets-extra,27
Eviljim-squareholeinthesea,presets-extra,27
Eviljim-stretching,presets-extra,27
Eviljim-supernova,presets-extra,27
Eviljim-travellingbackwards,presets-extra,27
Eviljim-travellingbarcode,presets-extra,27
Eviljim-trippylights,presets-extra,27
Eviljim-tubeoflight,presets-extra,27
Eviljim-tunneltravel,presets-extra,27
Eviljim-turningflash,presets-extra,27
Eviljim-turninginsideout,presets-extra,27
Eviljim-valleychase1,presets-extra,27
Eviljim-valleychase2,presets-extra,27
Eviljim-water,presets-extra,27
Eviljim-wheredoyougo,presets-extra,27
Expanding smokesphere,presets-extra,27
Eye Of Chaos,presets-extra,27
Eye Of The Beholder,presets-extra,27
EyeoftheBeholder,presets-extra,27
"Eyes, Goggles",presets-extra,27
FX FROM  AdamFX 2 Eo.S. + Phat + lodus and giesis- Fractical_dancer + Cata...the elder rose bude + Eso Phat 2,presets-extra,27
FX FROM  AdamFX 2 Eo.S. + Phat + lodus and giesis- Fractical_dancer + Cata...the elder rose bude + Eso Phat 2_1,presets-extra,27
FX FROM  AdamFX 2 Eo.S. + Phat + lodus and giesis- Fractical_dancer + Cata...the elder rose bude + Eso Phat 3,presets-extra,27
FX FROM  AdamFX 2 Eo.S. + Phat + lodus and giesis- Fractical_dancer + Cata...the elder rose bude + Eso Phat 3_1,presets-extra,27
FX FROM  AdamFX 2 Eo.S. + Phat + lodus and giesis- elesctri skull,presets-extra,27
FX FROM  AdamFX 2 Eo.S. + Phat + lodus and giesis- elesctri skull_1,presets-extra,27
Fed + Geiss Colorpox remix,presets-extra,27
Fermat's Little Theorem,presets-extra,27
Fibluchtzk,presets-extra,27
Figure eight,presets-extra,27
Fireball,presets-extra,27
First Time On Valium,presets-extra,27
Fishbrain + Krash - Witchcraft (illumination mix),presets-extra,27
Fishbrain + Krash - Witchcraft (shifting parchment),presets-extra,27
Fishbrain-betelguese,presets-extra,27
Fishbrain-blueprint,presets-extra,27
Fishbrain-themachine(dominationremix),presets-extra,27
Fishbrain-whitescreamfirefly,presets-extra,27
Fishbrain-witchcraft,presets-extra,27
Five Angry Pills,presets-extra,27
Flames,presets-extra,27
Flex Motion,presets-extra,27
Flexi + Geiss + Demon Lord - unholy tokamak clot-plot,butterchurnPresetsExtra2,
Flexi + Geiss - Tokamak mindblob 2.0,butterchurnPresetsExtra,
Flexi + Geiss - pogo-cubes on tokamak matter (Jelly 5.55),butterchurnPresetsExtra,
Flexi + Martin - astral projection,butterchurnPresets,
Flexi + Martin - cascading decay swing,butterchurnPresets,
Flexi + Martin - dive,butterchurnPresetsExtra2,
Flexi + Martin - tunnel of supraschismatika,butterchurnPresetsExtra2,
Flexi + Phat fractal Star_Child,presets-extra,27
Flexi + Phat fractal Star_Child_Restless,presets-extra,27
Flexi + Phat fractal Star_Child_Restless_v2,presets-extra,27
Flexi + Rovastar - Fractopia [lovecraft],butterchurnPresetsExtra2,
Flexi + amandio c - piercing 05 - Kopie (2) - Kopie,butterchurnPresets,
Flexi + bdrv - bipolar ultraremix dreiundzwanzig,presets-extra,27
Flexi + fiShbRaiN - operation fatcap II,butterchurnPresetsExtra,
Flexi + geiss - tokamak invisible swimmer and the deep diver's manifest,presets-extra,27
Flexi + geiss - tokamak invisible swimmer and the deep diver's manifest 2,presets-extra,27
Flexi + geiss - tokamak invisible swimmer and the deep diver's manifest 4,presets-extra,27
Flexi + stahlregen - jelly showoff parade,butterchurnPresets,
Flexi - $0$ - rotating per-pixel tutorial,presets-extra,27
Flexi - %-),presets-extra,27
Flexi - 3d bg pane,presets-extra,27
Flexi - Goflowolfog is write-once run-everywhere,presets-extra,27
Flexi - Pong,presets-extra,27
Flexi - Thread of Transience,presets-extra,27
Flexi - Thread of Transience 2,presets-extra,27
Flexi - Thread of Transience 3,presets-extra,27
Flexi - a script kiddies flash,presets-extra,27
Flexi - a script kiddies flash ][,presets-extra,27
Flexi - a stream of consciousness,presets-extra,27
Flexi - a stream of consciousness [ad absurdum],presets-extra,27
Flexi - a stream of consciousness. rainbow dreamscape,presets-extra,27
Flexi - about-face,presets-extra,27
Flexi - alien fader,butterchurnPresetsExtra,
Flexi - alien fish pond,butterchurnPresets,
Flexi - alien web bouncer [26],butterchurnPresetsExtra,
Flexi - an elastic study (Citrus Mix X by Amandio C),presets-extra,27
Flexi - an elastic study - Citrus remix (Amandio C),presets-extra,27
Flexi - area 51,butterchurnPresets,
Flexi - bad trip,presets-extra,27
Flexi - beware of the dog,presets-extra,27
Flexi - big bang,presets-extra,27
Flexi - blame hexcollie twice,butterchurnPresetsExtra2,
Flexi - bouncing ball - mad showoff,presets-extra,27
Flexi - bouncing ball [ADS],presets-extra,27
Flexi - bouncing ball [club hopping],presets-extra,27
Flexi - braggadocio,presets-extra,27
Flexi - brainsucker,presets-extra,27
Flexi - brainsucker nebulaball,presets-extra,27
Flexi - change your point of view,presets-extra,27
Flexi - clockwork of broken geometry,presets-extra,27
Flexi - crazy box 2,presets-extra,27
Flexi - crush ice 72,butterchurnPresetsExtra,
Flexi - crying though other peoples eyes,presets-extra,27
"Flexi - dimensions, projection and abstraction",butterchurnPresetsExtra,
Flexi - dont ask,presets-extra,27
Flexi - elastic thread,presets-extra,27
Flexi - elastic thread . crazy spring,presets-extra,27
Flexi - elastic thread . earthworm,presets-extra,27
Flexi - elastic thread . earthworm [emerging faces edit],presets-extra,27
Flexi - elastic thread . earthworm courtship behavior,presets-extra,27
Flexi - elastic thread . french fry with ketchup,presets-extra,27
Flexi - elastic thread . low pass filtered wave analyzer,presets-extra,27
Flexi - elastic thread . praying mantis,presets-extra,27
Flexi - elastic thread . smashing fractals  [thermal histogram edit],presets-extra,27
Flexi - elastic thread . smashing fractals [cool edit],presets-extra,27
Flexi - elastic thread . worm soup (with mindmelting impact),presets-extra,28
Flexi - elastic thread . worm soup (with mindmelting impact) bdrv star pulse2k,presets-extra,28
Flexi - ether jellyfish,presets-extra,28
Flexi - explosion,presets-extra,28
Flexi - flashback,presets-extra,28
Flexi - flashbird,presets-extra,28
Flexi - fractal 3 (sierpinski dream),presets-extra,28
Flexi - fractal tree,presets-extra,28
Flexi - fractal wings 3 [gay moth],presets-extra,28
Flexi - germ of insanity,presets-extra,28
Flexi - getting high on feedback,presets-extra,28
Flexi - give me a name,presets-extra,28
Flexi - hallucination #1,presets-extra,28
Flexi - infused with the spiral,butterchurnPresets,
Flexi - invisible chains securing you don't move,presets-extra,28
Flexi - leaving colors,presets-extra,28
Flexi - leaving colors - Altar of Evolution,presets-extra,28
Flexi - leaving colors - blindfold,presets-extra,28
Flexi - leaving colors - crazy cogitations centrifuge,presets-extra,28
Flexi - leaving colors - crazy cogitations centrifuge [collapsing cosmos creation],presets-extra,28
Flexi - leaving colors - magic happened to my wallpaper,presets-extra,28
Flexi - leaving colors - melting,presets-extra,28
Flexi - leaving colors - wet dream,presets-extra,28
Flexi - leaving colors Bad Seed 2,presets-extra,28
Flexi - leaving colors M.O.I.,presets-extra,28
Flexi - leaving colors surreal set,presets-extra,28
Flexi - leaving colors surreal set2,presets-extra,28
Flexi - lets get a little bit crazy,presets-extra,28
Flexi - lost orientation,presets-extra,28
Flexi - mindblob 2.0,butterchurnPresetsExtra2,
Flexi - mindblob [shiny mix],butterchurnPresets,
Flexi - mindblob mix,butterchurnPresets,
Flexi - piercing,butterchurnPresetsExtra,
Flexi - predator-prey-spirals,butterchurnPresets,
Flexi - predator-prey-spirals [stahlregens gelatine finish],butterchurnPresetsExtra,
Flexi - psychenapping,butterchurnPresetsExtra,
Flexi - psycho . abbyss - prayer,presets-extra,28
Flexi - psycho . damn yeah!,presets-extra,28
Flexi - quasar beams,presets-extra,28
Flexi - reality tunnel,butterchurnPresetsExtra2,
Flexi - revenge of the octopus,presets-extra,28
Flexi - self similarity,presets-extra,28
Flexi - self similarity 8,presets-extra,28
Flexi - shifting triangle,presets-extra,28
Flexi - smashing fractals 2.0,butterchurnPresetsExtra,
Flexi - smashing fractals [acid etching mix],butterchurnPresets,
Flexi - something went terribly wrong,presets-extra,28
Flexi - sonic hedgehog on a fractal trip,presets-extra,28
Flexi - space voyage,presets-extra,28
Flexi - spin-off,presets-extra,28
Flexi - stop it if you can,presets-extra,28
Flexi - tentacles,presets-extra,28
Flexi - tentacles w bg,presets-extra,28
Flexi - the distant point between derivative,butterchurnPresetsExtra2,
Flexi - the early bird,presets-extra,28
Flexi - the fountain,presets-extra,28
Flexi - tilted morphed conic section finally poked ;-),presets-extra,28
Flexi - truly soft piece of software - this is generic texturing (Jelly) ,butterchurnPresets,
Flexi - watch this with kicking beats,presets-extra,28
Flexi - what you touch turns to drugs,presets-extra,28
Flexi - wild at range,butterchurnPresetsExtra2,
Flexi loves ambient %-),presets-extra,28
"Flexi, Geiss and Rovastar - chaos layered tokamak",butterchurnPresetsExtra,
"Flexi, Martin, Phat, Zylot + Eo.S - one way trip trap proof of concept [epileptic zoom tunnel edit]",butterchurnPresetsExtra2,
"Flexi, Rovastar + Geiss - Fractopia vs bas relief",butterchurnPresetsExtra2,
"Flexi, fishbrain + Martin - witchery",butterchurnPresetsExtra,
"Flexi, fishbrain, Geiss + Martin - tokamak witchery",butterchurnPresets,
"Flexi, martin + geiss - dedicated to the sherwin maxawow",butterchurnPresets,
"Flexi, martin + geiss - painterly rogue wave strike",butterchurnPresetsExtra,
Flight Of Harrier,presets-extra,28
Forboding Skies,presets-extra,28
Fortune Teller,presets-extra,28
Fountain,presets-extra,28
French Clothing,presets-extra,28
From Adam FX 2 phat + Eo.S. - Bass_responce_Red_Movements_Disorienting nebula2 + Pieturp,presets-extra,28
From Adam FX 2 phat + Eo.S. - Bass_responce_Red_Movements_Disorienting nebula2 + Pieturp 10,presets-extra,28
From Adam FX 2 phat + Eo.S. - Bass_responce_Red_Movements_Disorienting nebula2 + Pieturp 10 + Pithlit ,presets-extra,28
From Adam FX 2 phat + Eo.S. - Bass_responce_Red_Movements_Disorienting nebula2 + Pieturp 10 + Pithlit 10,presets-extra,28
From Adam FX 2 phat + Eo.S. - Bass_responce_Red_Movements_Disorienting nebula2 + Pieturp 10 + Pithlit 11,presets-extra,28
From Adam FX 2 phat + Eo.S. - Bass_responce_Red_Movements_Disorienting nebula2 + Pieturp 10 + Pithlit 12,presets-extra,28
From Adam FX 2 phat + Eo.S. - Bass_responce_Red_Movements_Disorienting nebula2 + Pieturp 10 + Pithlit 2,presets-extra,28
From Adam FX 2 phat + Eo.S. - Bass_responce_Red_Movements_Disorienting nebula2 + Pieturp 10 + Pithlit 3,presets-extra,28
From Adam FX 2 phat + Eo.S. - Bass_responce_Red_Movements_Disorienting nebula2 + Pieturp 10 + Pithlit 4.,presets-extra,28
From Adam FX 2 phat + Eo.S. - Bass_responce_Red_Movements_Disorienting nebula2 + Pieturp 10 + Pithlit 5,presets-extra,28
From Adam FX 2 phat + Eo.S. - Bass_responce_Red_Movements_Disorienting nebula2 + Pieturp 10 + Pithlit 6,presets-extra,28
From Adam FX 2 phat + Eo.S. - Bass_responce_Red_Movements_Disorienting nebula2 + Pieturp 10 + Pithlit 7,presets-extra,28
From Adam FX 2 phat + Eo.S. - Bass_responce_Red_Movements_Disorienting nebula2 + Pieturp 10 + Pithlit 8,presets-extra,28
From Adam FX 2 phat + Eo.S. - Bass_responce_Red_Movements_Disorienting nebula2 + Pieturp 10 + Pithlit 9,presets-extra,28
From Adam FX 2 phat + Eo.S. - Bass_responce_Red_Movements_Disorienting nebula2 + Pieturp 11 + Pithlit 1,presets-extra,28
From Adam FX 2 phat + Eo.S. - Bass_responce_Red_Movements_Disorienting nebula2 + Pieturp 11 + Pithlit 2,presets-extra,28
From Adam FX 2 phat + Eo.S. - Bass_responce_Red_Movements_Disorienting nebula2 + Pieturp 11 + Pithlit 3,presets-extra,28
From Adam FX 2 phat + Eo.S. - Bass_responce_Red_Movements_Disorienting nebula2 + Pieturp 11 + Pithlit 4,presets-extra,28
From Adam FX 2 phat + Eo.S. - Bass_responce_Red_Movements_Disorienting nebula2 + Pieturp 11 + Pithlit 5,presets-extra,28
From Adam FX 2 phat + Eo.S. - Bass_responce_Red_Movements_Disorienting nebula2 + Pieturp 2,presets-extra,28
From Adam FX 2 phat + Eo.S. - Bass_responce_Red_Movements_Disorienting nebula2 + Pieturp 3,presets-extra,28
From Adam FX 2 phat + Eo.S. - Bass_responce_Red_Movements_Disorienting nebula2 + Pieturp 4,presets-extra,28
From Adam FX 2 phat + Eo.S. - Bass_responce_Red_Movements_Disorienting nebula2 + Pieturp 5,presets-extra,28
From Adam FX 2 phat + Eo.S. - Bass_responce_Red_Movements_Disorienting nebula2 + Pieturp 6,presets-extra,28
From Adam FX 2 phat + Eo.S. - Bass_responce_Red_Movements_Disorienting nebula2 + Pieturp 7,presets-extra,28
From Adam FX 2 phat + Eo.S. - Bass_responce_Red_Movements_Disorienting nebula2 + Pieturp 8,presets-extra,28
From Adam FX 2 phat + Eo.S. - Bass_responce_Red_Movements_Disorienting nebula2 + Pieturp 9,presets-extra,28
"Fumbling_Foo & Flexi, Martin, Orb, Unchained - Star Nova v7b",butterchurnPresets,
Funky Spinner,presets-extra,28
Furious Spirals,presets-extra,28
Fvese & Idiot24-7 - Angel,presets-extra,28
Fvese & Idiot24-7 - Life Out Of The box,presets-extra,28
Fvese & Idiot24-7 - Rearview Mirror,presets-extra,28
Fvese & Krash - Molten Indecision (Warp Mix),presets-extra,28
Fvese & Rovastar - Deep Mystic,presets-extra,28
Fvese & Rovastar - Life In A Box (Evolution Remix),presets-extra,28
Fvese & Rovastar - Magical Dawn,presets-extra,28
Fvese & Rovastar- X Square,presets-extra,28
Fvese & Rozzor - Emergency,presets-extra,28
Fvese -  quicksand,presets-extra,28
Fvese -  water fall,presets-extra,28
Fvese - 0 To 60,presets-extra,28
Fvese - 0 To 60 (Dark Hyperswirl Mix),presets-extra,28
Fvese - 50-50,presets-extra,28
Fvese - A Blur,presets-extra,28
Fvese - Alien Head,presets-extra,28
Fvese - Amess,presets-extra,28
Fvese - Beer Brain,presets-extra,28
Fvese - Border Magic 1,presets-extra,28
Fvese - Border Magic 2,presets-extra,28
Fvese - Border Magic 3,presets-extra,28
Fvese - Border Magic 3 (Remix),presets-extra,28
Fvese - Border Magic 4,presets-extra,28
Fvese - Bouncing Ball Playing,presets-extra,28
Fvese - Butterfly,presets-extra,28
Fvese - Darth Vader,presets-extra,28
Fvese - Executioner,presets-extra,28
Fvese - Fiberglass (Remix),presets-extra,28
Fvese - Follow The Wave,presets-extra,28
Fvese - Global Mixer,presets-extra,28
Fvese - Hard Cut,presets-extra,28
Fvese - Heart In Space,presets-extra,28
Fvese - Heartbeat,presets-extra,28
Fvese - Heartbeat Bass,presets-extra,28
Fvese - Heartbeat Constant,presets-extra,28
Fvese - Kaleidoscope,presets-extra,28
Fvese - Keeping It Simple,presets-extra,28
Fvese - Life And Global,presets-extra,28
Fvese - Life In A New Box (Begining Mix),presets-extra,28
Fvese - Life In A New Box (Confusion Mix),presets-extra,28
Fvese - Life In A New Box (Evolution Mix),presets-extra,28
Fvese - Life In A New Box (Ideal Beat To Death Mix - Final Cut),presets-extra,28
Fvese - Life In A New Box (Ideal Beat To Death Mix),presets-extra,28
Fvese - Life In A New Box (Regression Mix 2),presets-extra,28
Fvese - Life In A New Box (Regression Mix),presets-extra,28
Fvese - Life in a new box( ideal beat to death),presets-extra,28
Fvese - Life in a new box(begining),presets-extra,29
Fvese - Life in a new box(confusion),presets-extra,29
Fvese - Life in a new box(evolution),presets-extra,29
Fvese - Life in a new box(regression two),presets-extra,29
Fvese - Life in a new box(regression),presets-extra,29
Fvese - Lifesavor Anyone,presets-extra,29
Fvese - Lifesavor Anyone (Hyperswirl Mix),presets-extra,29
Fvese - Live Screen,presets-extra,29
Fvese - MV Boxing Glove,presets-extra,29
Fvese - MV Fun 1,presets-extra,29
Fvese - MV Fun 2,presets-extra,29
Fvese - MV Fun 3,presets-extra,29
Fvese - MV Fun 4,presets-extra,29
Fvese - MV Talking Head,presets-extra,29
Fvese - Meeting 2,presets-extra,29
Fvese - Moving Picture,presets-extra,29
Fvese - Multi Circle,presets-extra,29
Fvese - Mystic,presets-extra,29
Fvese - New Meeting,presets-extra,29
Fvese - New Meetings,presets-extra,29
Fvese - Nuke,presets-extra,29
Fvese - Playing Some More,presets-extra,29
Fvese - Playing Some More (Headache Mix),presets-extra,29
Fvese - Playing some more (headache),presets-extra,29
Fvese - Quicksand,presets-extra,29
Fvese - Rebirth,presets-extra,29
Fvese - Rebirth (Crawling Mix),presets-extra,29
Fvese - Rebirth (Evolution Mix),presets-extra,29
Fvese - Rebirth (Modified Evolution Mix),presets-extra,29
Fvese - Rebirth (Progression Mix),presets-extra,29
Fvese - Rebirth (Progression Rot Mix),presets-extra,29
Fvese - Rebirth (crawling),presets-extra,29
Fvese - Rebirth (evolution),presets-extra,29
Fvese - Rovastar - Eviljim-Triangle adv.beat,presets-extra,29
Fvese - Rovastar - Life in a box (evolution),presets-extra,29
Fvese - Rusty,presets-extra,29
Fvese - Rusty 2,presets-extra,29
Fvese - Rusty 3,presets-extra,29
Fvese - Rusty Fix 1,presets-extra,29
Fvese - Shagadelic,presets-extra,29
Fvese - Simple 1,presets-extra,29
Fvese - Simple 2,presets-extra,29
Fvese - Simple 3,presets-extra,29
Fvese - Snowflake Like 1,presets-extra,29
Fvese - Snowflake Like 2,presets-extra,29
Fvese - Soft Reflection,presets-extra,29
Fvese - Soft Reflection 2,presets-extra,29
Fvese - Soft Reflection2,presets-extra,29
Fvese - Split,presets-extra,29
Fvese - Stand Still!,presets-extra,29
Fvese - Star,presets-extra,29
Fvese - Still Buzzed,presets-extra,29
Fvese - Still Tripping,presets-extra,29
Fvese - Strange 1,presets-extra,29
Fvese - Strange 2,presets-extra,29
Fvese - Strange Head,presets-extra,29
Fvese - The Tunnel (Final Stage Mix),presets-extra,29
Fvese - The Tunnel (Stage One Complete Mix),presets-extra,29
Fvese - The Tunnel (Stage Three Complete Mix),presets-extra,29
Fvese - The Tunnel (Stage Two Complete Mix),presets-extra,29
Fvese - The Tunnel (Starting Line Mix),presets-extra,29
Fvese - The tunnel (Final Stage),presets-extra,29
Fvese - The tunnel (Starting Line),presets-extra,29
Fvese - The tunnel (stage three complet),presets-extra,29
Fvese - The tunnel (stage two complet),presets-extra,29
Fvese - The tunnel(stage one compet),presets-extra,29
Fvese - Thumbs Up,presets-extra,29
Fvese - Trapped In A Tunnel,presets-extra,29
Fvese - Triangle 3,presets-extra,29
Fvese - Triangle 3 shifter bdrv  remix,presets-extra,29
Fvese - Triangle Work,presets-extra,29
Fvese - Triangle Work 2,presets-extra,29
Fvese - Trianglework,presets-extra,29
Fvese - Trianglework2,presets-extra,29
Fvese - Tripping,presets-extra,29
Fvese - Valley Work 1,presets-extra,29
Fvese - Valley Work 2,presets-extra,29
Fvese - Water Fall,presets-extra,29
Fvese - What A Mess,presets-extra,29
Fvese - Window Reflection,presets-extra,29
Fvese - Window Reflection 2,presets-extra,29
Fvese - Window Reflection 3,presets-extra,29
Fvese - Window Reflection 4,presets-extra,29
Fvese - Window Reflection 5,presets-extra,29
Fvese - Window Reflection 6,presets-extra,29
Fvese - Zoom Effects (Remix 2),presets-extra,29
Fvese - Zoom Effects (Remix 3),presets-extra,29
Fvese - Zoom Effects With A Twist,presets-extra,29
Fvese - Zoom Effects With A Twist 2,presets-extra,29
Fvese - Zoom Effects With A Twist 3,presets-extra,29
Fvese - Zoom Effects With A Twist 4,presets-extra,29
Fvese - Zoom Effects with a twist2,presets-extra,29
Fvese - Zoom Effects with a twist3,presets-extra,29
Fvese - Zoom Effects with a twist4,presets-extra,29
Fvese - alienhead,presets-extra,29
Fvese - bird,presets-extra,29
Fvese - bottom of the fall,presets-extra,29
Fvese - breakout,presets-extra,29
Fvese - compass,presets-extra,29
Fvese - compass2,presets-extra,29
Fvese - darthvaider,presets-extra,29
Fvese - everyone - Bass Experience,presets-extra,29
Fvese - exicutioner,presets-extra,29
Fvese - eyepain,presets-extra,29
Fvese - gaze into the water ,presets-extra,29
Fvese - hypnotic,presets-extra,29
Fvese - idiot - Life Out of the box,presets-extra,29
Fvese - idiot - rearview mirror,presets-extra,29
Fvese - kalidascope,presets-extra,29
Fvese - lips,presets-extra,29
Fvese - magic lines,presets-extra,29
Fvese - meeting,presets-extra,29
Fvese - mvboxing glove,presets-extra,29
Fvese - mvfun,presets-extra,29
Fvese - mvfun2,presets-extra,29
Fvese - mvfun3,presets-extra,29
Fvese - mvfun4,presets-extra,29
Fvese - mvtalkinghead,presets-extra,29
Fvese - mvtalkinghead-fix,presets-extra,29
Fvese - passing gas clouds,presets-extra,29
Fvese - playing around,presets-extra,29
Fvese - simple,presets-extra,29
Fvese - simple2,presets-extra,29
Fvese - simple3,presets-extra,29
Fvese - slow blend,presets-extra,29
Fvese - snowflake like ,presets-extra,29
Fvese - snowflake like 3,presets-extra,29
Fvese - static control,presets-extra,29
Fvese - strange,presets-extra,30
Fvese - strange2,presets-extra,30
Fvese - strangehead,presets-extra,30
Fvese - strech,presets-extra,30
Fvese - valleywork,presets-extra,30
Fvese - valleywork2,presets-extra,30
Fvese - window reflection2,presets-extra,30
Fvese - window reflection3,presets-extra,30
Fvese - window reflection4,presets-extra,30
Fvese - window reflection5,presets-extra,30
Fvese - window reflection6,presets-extra,30
Fvese - wood floor close up,presets-extra,30
Fvese - work model,presets-extra,30
Fvese - zoom effects,presets-extra,30
Fvese - zoom effects (remix 1),presets-extra,30
Fvese -amess,presets-extra,30
Fvese and Rovastar - Deep Mystic,presets-extra,30
Fvese and Rovastar - Liberator,presets-extra,30
Fvese and Rovastar - Magicial Dawn,presets-extra,30
Fvese and Rozzor - Emergency,presets-extra,30
Fvese and Zylot - Hypnotic (Star),presets-extra,30
Fvese and Zylot - Hypnotic (Sun),presets-extra,30
Fvese and idiot24-7 -- Angel,presets-extra,30
Fvese&Rovastar-LifeInABox(EvolutionRe,presets-extra,30
Fvese&idiot24-7-angel,presets-extra,30
Fvese&idiot24-7-lifeoutofthebox,presets-extra,30
Fvese&idiot24-7-rearviewmirror,presets-extra,30
Fvese&krash-moltenindecision(warpmix),presets-extra,30
Fvese&rovastar-deepmystic,presets-extra,30
Fvese&rovastar-lifein(evolutionremix),presets-extra,30
Fvese&rovastar-magicaldawn,presets-extra,30
Fvese&rovastar-xsquare,presets-extra,30
Fvese&rozzor-emergency,presets-extra,30
Fvese-0to60,presets-extra,30
Fvese-50-50,presets-extra,30
Fvese-LifeInANewBox(IdealBeatToDeath0,presets-extra,30
Fvese-StandStill!,presets-extra,30
Fvese-Traped in a tunnel,presets-extra,30
Fvese-ablur,presets-extra,30
Fvese-alienhead,presets-extra,30
Fvese-amess,presets-extra,30
Fvese-beerbrain,presets-extra,30
Fvese-bird,presets-extra,30
Fvese-border magic,presets-extra,30
Fvese-border magic-3,presets-extra,30
Fvese-border magic-3-tweek,presets-extra,30
Fvese-border magic-4,presets-extra,30
Fvese-border magic2,presets-extra,30
Fvese-bordermagic1,presets-extra,30
Fvese-bordermagic2,presets-extra,30
Fvese-bordermagic3,presets-extra,30
Fvese-bordermagic3(remix),presets-extra,30
Fvese-bordermagic4,presets-extra,30
Fvese-bottomofthefall,presets-extra,30
Fvese-breakout,presets-extra,30
Fvese-butterfly,presets-extra,30
Fvese-compass,presets-extra,30
Fvese-darthvader,presets-extra,30
Fvese-executioner,presets-extra,30
Fvese-eyepain,presets-extra,30
Fvese-fiberglass(remix),presets-extra,30
Fvese-followthewave,presets-extra,30
Fvese-gazeintothewater,presets-extra,30
Fvese-global mixer,presets-extra,30
Fvese-hardcut,presets-extra,30
Fvese-heart beat,presets-extra,30
Fvese-heart in space,presets-extra,30
Fvese-heartbeat,presets-extra,30
Fvese-heartbeat bass,presets-extra,30
Fvese-heartbeat constant,presets-extra,30
Fvese-heartbeatbass,presets-extra,30
Fvese-heartbeatconstant,presets-extra,30
Fvese-heartinspace,presets-extra,30
Fvese-hypnotic,presets-extra,30
Fvese-kaleidoscope,presets-extra,30
Fvese-keepingitsimple,presets-extra,30
Fvese-lifeandglobal,presets-extra,30
Fvese-lifeinanewbox(beginingmix),presets-extra,30
Fvese-lifeinanewbox(confusionmix),presets-extra,30
Fvese-lifeinanewbox(evolutionmix),presets-extra,30
Fvese-lifeinanewbox(idealbeattodeath,presets-extra,30
Fvese-lifeinanewbox(idealbeattodeathm,presets-extra,30
Fvese-lifeinanewbox(regressionmix),presets-extra,30
Fvese-lifeinanewbox(regressionmix2),presets-extra,30
Fvese-lifesavoranyone,presets-extra,30
Fvese-lips,presets-extra,30
Fvese-livescreen,presets-extra,30
Fvese-magiclines,presets-extra,30
Fvese-meeting,presets-extra,30
Fvese-meeting2,presets-extra,30
Fvese-movingpicture,presets-extra,30
Fvese-multicircle,presets-extra,30
Fvese-mvboxingglove,presets-extra,30
Fvese-mvfun1,presets-extra,30
Fvese-mvfun2,presets-extra,30
Fvese-mvfun3,presets-extra,30
Fvese-mvfun4,presets-extra,30
Fvese-mvtalkinghead,presets-extra,30
Fvese-mystic,presets-extra,30
Fvese-newmeeting,presets-extra,30
Fvese-newmeetings,presets-extra,30
Fvese-nuke,presets-extra,30
Fvese-passinggasclouds,presets-extra,30
Fvese-playingaround,presets-extra,30
Fvese-playingsomemore,presets-extra,30
Fvese-playingsomemore(headachemix),presets-extra,30
Fvese-quicksand,presets-extra,30
Fvese-rebirth,presets-extra,30
Fvese-rebirth(crawlingmix),presets-extra,30
Fvese-rebirth(evolutionmix),presets-extra,30
Fvese-rebirth(modifiedevolutionmix),presets-extra,30
Fvese-rebirth(progressionmix),presets-extra,30
Fvese-rebirth(progressionrotmix),presets-extra,30
Fvese-rusty,presets-extra,30
Fvese-rusty2,presets-extra,30
Fvese-rusty3,presets-extra,30
Fvese-rustyfix1,presets-extra,30
Fvese-shagadelic,presets-extra,30
Fvese-shaggadelic,presets-extra,30
Fvese-simple1,presets-extra,30
Fvese-simple2,presets-extra,30
Fvese-simple3,presets-extra,30
Fvese-slowblend,presets-extra,30
Fvese-snowflakelike1,presets-extra,30
Fvese-snowflakelike2,presets-extra,30
Fvese-snowflakelike3,presets-extra,31
Fvese-softreflection,presets-extra,31
Fvese-softreflection2,presets-extra,31
Fvese-split,presets-extra,31
Fvese-standstill,presets-extra,31
Fvese-star,presets-extra,31
Fvese-staticcontrol,presets-extra,31
Fvese-stillbuzzed,presets-extra,31
Fvese-stilltripping,presets-extra,31
Fvese-strange1,presets-extra,31
Fvese-strange2,presets-extra,31
Fvese-strangehead,presets-extra,31
Fvese-strech,presets-extra,31
Fvese-thetunnel(finalstagemix),presets-extra,31
Fvese-thetunnel(stageonecompletemix),presets-extra,31
Fvese-thetunnel(stagethreecompletemix,presets-extra,31
Fvese-thetunnel(stagetwocompletemix),presets-extra,31
Fvese-thetunnel(startinglinemix),presets-extra,31
Fvese-thumbsup,presets-extra,31
Fvese-trappedinatunnel,presets-extra,31
Fvese-trianglework,presets-extra,31
Fvese-trianglework2,presets-extra,31
Fvese-tripping,presets-extra,31
Fvese-valleywork1,presets-extra,31
Fvese-valleywork2,presets-extra,31
Fvese-waterfall,presets-extra,31
Fvese-whatamess,presets-extra,31
Fvese-windowreflection,presets-extra,31
Fvese-windowreflection2,presets-extra,31
Fvese-windowreflection3,presets-extra,31
Fvese-windowreflection4,presets-extra,31
Fvese-windowreflection5,presets-extra,31
Fvese-windowreflection6,presets-extra,31
Fvese-woodfloorcloseup,presets-extra,31
Fvese-workmodel,presets-extra,31
Fvese-zoomeffects,presets-extra,31
Fvese-zoomeffects(remix1),presets-extra,31
Fvese-zoomeffects(remix2),presets-extra,31
Fvese-zoomeffects(remix3),presets-extra,31
Fvese-zoomeffectswithatwist,presets-extra,31
Fvese-zoomeffectswithatwist2,presets-extra,31
Fvese-zoomeffectswithatwist3,presets-extra,31
Fvese-zoomeffectswithatwist4,presets-extra,31
Fyornulis- black hole,presets-extra,31
Fyornulis- blender4,presets-extra,31
Fyornulis- circit board,presets-extra,31
Fyornulis- circit board 2,presets-extra,31
Fyornulis- circit board 3,presets-extra,31
Fyornulis- circit board 4,presets-extra,31
Fyornulis- circit board 5,presets-extra,31
Fyornulis- circit board 6,presets-extra,31
Fyornulis- circit board towers,presets-extra,31
Fyornulis- circit boards,presets-extra,31
Fyornulis- circit boards 2,presets-extra,31
Fyornulis- circit boards 3,presets-extra,31
Fyornulis- colliding_gallaxies,presets-extra,31
Fyornulis- colliding_gallaxies 4,presets-extra,31
Fyornulis- eXis,presets-extra,31
Fyornulis- eXis 2,presets-extra,31
Fyornulis- eXis 3,presets-extra,31
Fyornulis- fabrics of reality,presets-extra,31
Fyornulis- lilly pad pond,presets-extra,31
Fyornulis- randomosisty 7,presets-extra,31
Fyornulis- rivers,presets-extra,31
Fyornulis- the S dance,presets-extra,31
Fyornulis- the big city,presets-extra,31
Fyornulis- the camouflaged starfish,presets-extra,31
Fyornulis- the circler maker,presets-extra,31
Fyornulis- the circler maker 2,presets-extra,31
Fyornulis- the color of time 5,presets-extra,31
Fyornulis- the color of time 5_Phat_Eo.S_Glowsticks_(Krash_Beat_Detection)_Bug_Eyes_mix,presets-extra,31
Fyornulis- the color of time 5_Phat_Eo.S_Glowsticks_(Krash_Beat_Detection)_Remix,presets-extra,31
Fyornulis- the color of time 5_Phat_Eo.S_Glowsticks_(Krash_Beat_Detection)_Spin_No_rotation_Smooth_Color_mix,presets-extra,31
Fyornulis- the color of time 5_Phat_Eo.S_Glowsticks_(Krash_Beat_Detection)_Spin_No_rotation_Textured_mix,presets-extra,31
Fyornulis- the color of time 5_Phat_Eo.S_Glowsticks_(Krash_Beat_Detection)_Spin_No_rotation_Textured_mix_2,presets-extra,31
Fyornulis- the color of time 5_Phat_Eo.S_Glowsticks_(Krash_Beat_Detection)_Spin_No_rotation_mix,presets-extra,31
Fyornulis- the color of time 5_Phat_Eo.S_Glowsticks_(Krash_Beat_Detection)_Spin_No_rotation_mix_2,presets-extra,31
Fyornulis- the color of time 5_Phat_Eo.S_Glowsticks_(Krash_Beat_Detection)_Spin_No_rotation_mix_3,presets-extra,31
Fyornulis- the color of time 5_Phat_Eo.S_Glowsticks_(Krash_Beat_Detection)_Spin_No_rotation_mix_4,presets-extra,31
Fyornulis- the color of time 5_Phat_Eo.S_Glowsticks_(Krash_Beat_Detection)_Spin_No_rotation_mix_4b,presets-extra,31
Fyornulis- the color of time 5_Phat_Eo.S_Glowsticks_(Krash_Beat_Detection)_Spin_mix,presets-extra,31
Fyornulis- the color of time 5_Phat_Eo.S_Glowsticks_(Krash_Beat_Detection)_Spin_mix_2,presets-extra,31
Fyornulis- the color of time 5_Phat_Eo.S_Glowsticks_(Krash_Beat_Detection)_Spin_mix_2_1,presets-extra,31
Fyornulis- the color of time 5_Phat_Eo.S_Glowsticks_(Krash_Beat_Detection)_Spin_mix_3,presets-extra,31
Fyornulis- the color of time 5_Phat_Eo.S_Glowsticks_remix_2,presets-extra,31
Fyornulis- the color of time 5_Phat_Eo.S_Glowsticks_remix_2_1,presets-extra,31
Fyornulis- the color of time 5_Phat_Eo.S_Glowsticks_remix_3,presets-extra,31
Fyornulis- the color of time 5_Phat_Eo.S_Glowsticks_remix_Blue_Shading,presets-extra,31
Fyornulis- the color of time 5_Phat_Eo.S_Glowsticks_remix_Blue_Shading_v2,presets-extra,31
Fyornulis- the color of time 5_Phat_Eo.S_Glowsticks_remix_Blue_Shading_v3,presets-extra,31
Fyornulis- the color of time 5_Phat_Eo.S_Glowsticks_remix_Blue_Shading_v4,presets-extra,31
Fyornulis- the color of time 5_Phat_Eo.S_Glowsticks_remix_Blue_Shading_v5,presets-extra,31
Fyornulis- the color of time 5_Phat_Eo.S_Glowsticks_remix_Blue_Shading_v6_vidio_echo,presets-extra,31
Fyornulis- the color of time 5_Phat_edit,presets-extra,31
Fyornulis- the color of time 5_Phat_edit_2,presets-extra,31
Fyornulis- the seasons of the flower,presets-extra,31
Fyornulis- wave patterns,presets-extra,31
Fyornulis- wave patterns 2,presets-extra,31
G AdamFX 2  Eo.S. + Phat - Emergent factors,presets-extra,31
G AdamFX 2  Eo.S. + Phat - Emergent factors 10,presets-extra,31
G AdamFX 2  Eo.S. + Phat - Emergent factors 11,presets-extra,31
G AdamFX 2  Eo.S. + Phat - Emergent factors 2,presets-extra,31
G AdamFX 2  Eo.S. + Phat - Emergent factors 3,presets-extra,31
G AdamFX 2  Eo.S. + Phat - Emergent factors 4,presets-extra,31
G AdamFX 2  Eo.S. + Phat - Emergent factors 5,presets-extra,31
G AdamFX 2  Eo.S. + Phat - Emergent factors 6,presets-extra,31
G AdamFX 2  Eo.S. + Phat - Emergent factors 7,presets-extra,31
G AdamFX 2  Eo.S. + Phat - Emergent factors 8,presets-extra,31
G AdamFX 2  Eo.S. + Phat - Emergent factors 9,presets-extra,31
Garden Sprinkler,presets-extra,31
Geiss & Rovastar - Bytes (quasiresurrected mix),presets-extra,31
Geiss & Rovastar - Julia Fractal (Vectrip Mix),presets-extra,31
Geiss & Rovastar - Notions Of Tonality,presets-extra,31
Geiss & Rovastar - Notions Of Tonality (Swirlie Mix),presets-extra,31
Geiss & Rovastar - Notions Of Tonality 2,presets-extra,31
Geiss & Rovastar - The Chaos Of Colours (sprouting dimentia mix),presets-extra,31
Geiss & Rovastar - Tokamak (Naked Intrusion Mix),presets-extra,31
Geiss & TobiasWolfBoi - Cataract Slipstream,presets-extra,31
Geiss + Flexi + Martin - disconnected,butterchurnPresets,
Geiss + Rovastar - Notions Of Tonality 2,butterchurnPresetsMD1,
Geiss + Rovastar - The Chaos Of Colours (sprouting dimentia mix),presets-extra,31
Geiss + Rovastar - Tokamak (Naked Intrusion Mix),presets-extra,31
Geiss - 3 layers (Tunnel Mix),butterchurnPresetsExtra,
Geiss - 3D - Breathing,presets-extra,31
Geiss - 3D - Convex,presets-extra,31
Geiss - 3D - Cosmic Dust,presets-extra,31
Geiss - 3D - Crater,presets-extra,31
Geiss - 3D - Cupcake,presets-extra,31
Geiss - 3D - Luz,presets-extra,31
Geiss - 3D - Monotone Ripples,presets-extra,32
Geiss - 3D - Oozing Mass,presets-extra,32
Geiss - 3D - Quasilinear Submanifolds,presets-extra,32
Geiss - 3D - Serpentine,presets-extra,32
Geiss - 3D - Shockwaves,presets-extra,32
Geiss - 3D - Spirals,presets-extra,32
Geiss - 3D - Spirals 2,presets-extra,32
Geiss - 3D - Starfish 2,presets-extra,32
Geiss - 3D - Two-Pointed Pulsagon,presets-extra,32
Geiss - 3D - Vortex,presets-extra,32
Geiss - 3D - Warp of Dali Bright,presets-extra,32
Geiss - 3D - Washboard,presets-extra,32
Geiss - Aieeeeee!!!,presets-extra,32
Geiss - Anomaly (Swirl Mix),presets-extra,32
Geiss - Anomaly 1,presets-extra,32
Geiss - Anomaly 2,presets-extra,32
Geiss - Antimatter,presets-extra,32
Geiss - Approach,presets-extra,32
Geiss - Approach (1.02 Version),presets-extra,32
Geiss - Asmyptote (1.02 Version),presets-extra,32
Geiss - Asymptote,presets-extra,32
Geiss - Asymptote (Swirl Mix (Sumpkin Tweak)),presets-extra,32
Geiss - Asymptote (Swirl Mix),presets-extra,32
Geiss - Bass Kaleidosphere,presets-extra,32
Geiss - Bass Zoom,presets-extra,32
Geiss - Bass Zoom (1.02 Version),presets-extra,32
Geiss - Bipolar (Overdrive Remix),presets-extra,32
Geiss - Bipolar (Sunshine Mix),presets-extra,32
Geiss - Bipolar 1,presets-extra,32
Geiss - Bipolar 1 (1.02 Version),presets-extra,32
Geiss - Bipolar 2,presets-extra,32
Geiss - Bipolar 2 (1.02 Version),presets-extra,32
Geiss - Bipolar 2 Enhanced,butterchurnPresetsExtra,
Geiss - Bipolar 3,presets-extra,32
Geiss - Bipolar 3  (1.02 Version),presets-extra,32
Geiss - Bipolar 4,presets-extra,32
Geiss - Bipolar X,presets-extra,32
Geiss - Bipolar Y,presets-extra,32
Geiss - Blasto,presets-extra,32
Geiss - Bonfire,presets-extra,32
Geiss - Bonfire (1.02 Version),presets-extra,32
Geiss - Brain Zoom 4,butterchurnPresetsExtra,
Geiss - Bright Fiber Matrix 1,presets-extra,32
Geiss - Bright Fiber Matrix 2,presets-extra,32
Geiss - Calligraphy,presets-extra,32
Geiss - Calligraphy (Swirl Mix),presets-extra,32
Geiss - Cartographie,presets-extra,32
Geiss - Cartographie (Sumpkin Tweak),presets-extra,32
Geiss - Casino,presets-extra,32
Geiss - Casino (1.02 Version),presets-extra,32
Geiss - Casino (Hyperdrive Mix),presets-extra,32
Geiss - Cauldron - painterly (saturation remix),butterchurnPresetsExtra,
Geiss - Cauldron - painterly 2 (saturation remix),butterchurnPresets,
Geiss - Cepiasound,presets-extra,32
Geiss - Cepiasound (1.02 Version),presets-extra,32
Geiss - Cepiasound (Spiral Mix),presets-extra,32
Geiss - Churn,presets-extra,32
Geiss - Churn (1.02 Version),presets-extra,32
Geiss - City At Night,presets-extra,32
Geiss - Color Pox (Acid Impression Mix) (color saturation remix),butterchurnPresetsExtra,
Geiss - Color Tones 1,presets-extra,32
Geiss - Color Tones 2,presets-extra,32
Geiss - Constant Velocity,presets-extra,32
Geiss - Constant Velocity (1.02 Version),presets-extra,32
Geiss - Constant Velocity (Swirl Mix),presets-extra,32
Geiss - Coral,presets-extra,32
Geiss - Coral (1.02 Version),presets-extra,32
Geiss - Coral (HyperSwirl Mix),presets-extra,32
Geiss - Corpus Callosum,presets-extra,32
Geiss - Cosmic Dust 1,presets-extra,32
Geiss - Cosmic Dust 2,presets-extra,32
Geiss - Cruzin',presets-extra,32
Geiss - Cruzin' (Dynamic Swirl Mix),presets-extra,32
Geiss - Cycloid 1,presets-extra,32
Geiss - Cycloid 2,presets-extra,32
Geiss - Davod The Pod,presets-extra,32
Geiss - De La Moutard 2,presets-extra,32
Geiss - Demonic Distortion,presets-extra,32
Geiss - Demonic Distortion (1.02 Version),presets-extra,32
Geiss - Descent,presets-extra,32
Geiss - Desert Rose 4,butterchurnPresetsExtra,
Geiss - Destruction,presets-extra,32
Geiss - Destruction (1.02 Version),presets-extra,32
Geiss - Diffraction,presets-extra,32
Geiss - Digital Smoke,presets-extra,32
Geiss - Downward Spiral,presets-extra,32
Geiss - Downward Spiral (1.02 Version),presets-extra,32
Geiss - Downward Spiral (Voyage Mix),presets-extra,32
Geiss - Drift,presets-extra,32
Geiss - Drift (1.02 Version),presets-extra,32
Geiss - Dynamic Swirls 1,presets-extra,32
Geiss - Dynamic Swirls 2,presets-extra,32
Geiss - Eddies 1,presets-extra,32
Geiss - Eddies 2,presets-extra,32
Geiss - Eggs,butterchurnPresetsMD1,
Geiss - El Cubismo,butterchurnPresetsMD1,
Geiss - Electric Swirl,presets-extra,32
Geiss - Feedback,presets-extra,32
Geiss - Feedback 2,butterchurnPresetsExtra2,
Geiss - Festive,presets-extra,32
Geiss - Festive (1.02 Version),presets-extra,32
Geiss - Fiberglass,presets-extra,32
Geiss - Flames,presets-extra,32
Geiss - Flotsam,presets-extra,32
Geiss - Flotsam_Phat_edit,presets-extra,32
Geiss - Flower,presets-extra,32
Geiss - Flower Blossom,presets-extra,32
Geiss - Flower Blossom (1.02 Version),presets-extra,32
Geiss - Fog Tunnel,presets-extra,32
Geiss - Fog Tunnel (1.02 Version),presets-extra,32
Geiss - Four Kinds of Amphetamines,presets-extra,32
Geiss - Galaxy 1,presets-extra,32
Geiss - Galaxy 2,presets-extra,32
Geiss - Game of Life 3,butterchurnPresetsExtra,
Geiss - Greenland,presets-extra,32
Geiss - Greenland (1.02 Version),presets-extra,32
Geiss - Greenland (Blue Swirl Mix),presets-extra,32
Geiss - Happy Drops,presets-extra,32
Geiss - Happy Drops  (1.02 Version),presets-extra,32
Geiss - Heavenly 1,presets-extra,32
Geiss - Heavenly 2,presets-extra,32
Geiss - Heavenly 3,presets-extra,32
Geiss - High Dynamic Range,presets-extra,32
Geiss - Hovering,presets-extra,32
Geiss - Hovering  (1.02 Version),presets-extra,32
Geiss - Hurricane,butterchurnPresetsMD1,
Geiss - Hurricane (1.02 Version),presets-extra,32
Geiss - Hurricane (Hyperswirl Mix),presets-extra,32
Geiss - Hyperion,presets-extra,32
Geiss - Inkblot,presets-extra,32
Geiss - Inverted,presets-extra,32
Geiss - Inverted 1,presets-extra,32
Geiss - Inverted 2,presets-extra,32
Geiss - Iris,presets-extra,32
Geiss - Iris (1.02 Version),presets-extra,32
Geiss - Journey,presets-extra,33
Geiss - Julia Fractal 1,presets-extra,33
Geiss - Julia Fractal 1 (1.02 Version),presets-extra,33
Geiss - Julia Fractal 2,presets-extra,33
Geiss - Julia Fractal 2 (1.02 Version),presets-extra,33
Geiss - Luz,presets-extra,33
Geiss - Many Colors (Dynamic Swirl Mix),presets-extra,33
Geiss - Many Colors 1,presets-extra,33
Geiss - Many Colors 2,presets-extra,33
Geiss - Many Colors in the Homo Rainbow,presets-extra,33
Geiss - Mega Swirl 1,presets-extra,33
Geiss - Mega Swirl 2,presets-extra,33
Geiss - Mega Swirl 3,presets-extra,33
Geiss - Microcosm,presets-extra,33
Geiss - Microcosm (1.02 Version),presets-extra,33
Geiss - Monotone Ripples,presets-extra,33
Geiss - Music Box,presets-extra,33
Geiss - Music Box 1,presets-extra,33
Geiss - Music Box 2,presets-extra,33
Geiss - Myriad Mosaics,butterchurnPresetsExtra,
Geiss - Nautilus,presets-extra,33
Geiss - Octopus,presets-extra,33
Geiss - Octopus (Hyperdrive Mix),presets-extra,33
Geiss - Octopus Blue,presets-extra,33
Geiss - Octopus Ever Changing,presets-extra,33
Geiss - Octopus Fat and Ancient,presets-extra,33
Geiss - Octopus Fat and Ever Changing,presets-extra,33
Geiss - Octopus Gold,presets-extra,33
Geiss - Octopus Gold with Dots,presets-extra,33
Geiss - Octopus Toon,presets-extra,33
Geiss - Oldskool,presets-extra,33
Geiss - Oldskool (Swirl Mix),presets-extra,33
Geiss - Oldskool Mellowstyle,presets-extra,33
Geiss - Oozing Mass,presets-extra,33
Geiss - Pastel,presets-extra,33
Geiss - Pelota De Fuego,presets-extra,33
Geiss - Pinch,presets-extra,33
Geiss - Pistons,presets-extra,33
Geiss - Planet 1,butterchurnPresetsExtra,
Geiss - Planet 1 (1.02 Version),presets-extra,33
Geiss - Planet 2,presets-extra,33
Geiss - Planet 2 (1.02 Version),presets-extra,33
Geiss - Quasilinear Submanifolds,presets-extra,33
Geiss - Reaction Diffusion (Relief Mix),butterchurnPresetsExtra2,
Geiss - Reaction Diffusion 2,butterchurnPresets,
Geiss - Reaction Diffusion 3,butterchurnPresetsExtra,
Geiss - Reaction Diffusion 3 (Lichen Mix),butterchurnPresetsExtra,
Geiss - Reducto Absurdum,presets-extra,33
Geiss - Reducto Ad Nauseum,presets-extra,33
Geiss - Rocket,presets-extra,33
Geiss - Runoff,presets-extra,33
Geiss - Scary,presets-extra,33
Geiss - Scary (1.02 Version),presets-extra,33
Geiss - Script,presets-extra,33
Geiss - Script (1.02 Version),presets-extra,33
Geiss - Serpent,presets-extra,33
Geiss - Serpent (1.02 Version),presets-extra,33
Geiss - Shake,presets-extra,33
Geiss - Shake (1.02 Version),presets-extra,33
Geiss - Skin Dots Multi-layer 3,butterchurnPresetsExtra,
Geiss - Smoke,presets-extra,33
Geiss - Smoke Chaser,presets-extra,33
Geiss - Solar Flare,presets-extra,33
Geiss - Solar Flare (1.02 Version),presets-extra,33
Geiss - Solar Flare (Blue),presets-extra,33
Geiss - Solar Flare (Blue) (1.02 Version),presets-extra,33
Geiss - Solar Flare (Reptile),presets-extra,33
Geiss - Solar Flare (Reptile) (1.02 Version),presets-extra,33
Geiss - Sound And The Fury,presets-extra,33
Geiss - Sound And The Fury (1.02 Version),presets-extra,33
Geiss - Space Voyage,presets-extra,33
Geiss - Space Voyage (High-Warp),presets-extra,33
Geiss - Space Voyage Bright,presets-extra,33
Geiss - Spacedust,presets-extra,33
Geiss - Spiral Artifact,butterchurnPresets,
Geiss - Spirals (Vortex Mix),presets-extra,33
Geiss - Starfish 1,presets-extra,33
Geiss - Starfish 2,presets-extra,33
Geiss - Sunsets,presets-extra,33
Geiss - Supernova 1,presets-extra,33
Geiss - Supernova 2,presets-extra,33
Geiss - Surface,presets-extra,33
Geiss - Surface (1.02 Version),presets-extra,33
Geiss - Swirl 1,presets-extra,33
Geiss - Swirl 2,presets-extra,33
Geiss - Swirlie (Velvet),presets-extra,33
Geiss - Swirlie 1,presets-extra,33
Geiss - Swirlie 1 (1.02 Version),presets-extra,33
Geiss - Swirlie 3,presets-extra,33
Geiss - Swirlie 4,presets-extra,33
Geiss - Swirlie 5,presets-extra,33
Geiss - Symmetry,presets-extra,33
Geiss - The Fatty Lumpkin Sunkle Tweaker,presets-extra,33
Geiss - The Fatty Lumpkin Sunkle Tweaker (1.02 Version),presets-extra,33
Geiss - The Fatty Lumpkin Sunkle Tweaker (Hyperdrive Mix),presets-extra,33
Geiss - The Fatty Lumpkin Sunkle Tweaker (Inverted),presets-extra,33
Geiss - Three And A Half Kinds Of Amphetamines,presets-extra,33
Geiss - Three Kinds Of Amphetamines,presets-extra,33
Geiss - Thumb Drum,butterchurnPresets,
Geiss - Tokamak,presets-extra,33
Geiss - Tokamak Plus 2,butterchurnPresetsExtra,
Geiss - Tornado,presets-extra,33
Geiss - Toy,presets-extra,33
Geiss - Toy (1.02 Version),presets-extra,33
Geiss - Trampoline,presets-extra,33
Geiss - Trampoline (1.02 Version),presets-extra,33
Geiss - Tube,presets-extra,33
Geiss - Tube (Dark Spiral Mix),presets-extra,33
Geiss - Two Pointed Pulsagon,presets-extra,33
Geiss - Two-Pointed Pulsagon,presets-extra,33
Geiss - Two-Pointed Pulsagon - mash0000 - bubonic super-fluid centrifuge,butterchurnPresetsExtra,
Geiss - Ultrafast,presets-extra,33
Geiss - Vapor Echo,presets-extra,33
Geiss - Volume Zoom,presets-extra,33
Geiss - Vortex (Inverted),presets-extra,33
Geiss - Vortex 1,presets-extra,33
Geiss - Vortex 1 (1.02 Version),presets-extra,33
Geiss - Vortex 2,presets-extra,33
Geiss - Warp Of Dali 1,presets-extra,33
Geiss - Warp Of Dali 2,presets-extra,33
Geiss - Warp Of Dali Bright,presets-extra,33
Geiss - Watching,presets-extra,33
Geiss - Waterfall,presets-extra,33
Geiss - Waterfall (1.02 Version),presets-extra,33
Geiss - Waterfall (Living Wall Mix (Sumpkin Tweak)),presets-extra,33
Geiss - Waterfall (Living Wall Mix),presets-extra,33
Geiss - Zygote,presets-extra,33
Geiss and Rovastar  - Dynamic Spheres,presets-extra,33
Geiss and Rovastar - Approach (Vectrip Mix),presets-extra,33
Geiss and Rovastar - Bipolar 2 (Vectrip mix),presets-extra,33
Geiss and Rovastar - Dynamic Swirls (Vectrip Mix),presets-extra,33
Geiss and Rovastar - Galaxy (Vectrip Mix),presets-extra,33
Geiss and Rovastar - Many More Colours,presets-extra,33
Geiss and Rovastar - Many More Colours (Vectrip Mix),presets-extra,33
Geiss and Rovastar - Music Box (Vectrip Mix),presets-extra,33
Geiss and Rovastar - Octotrip,presets-extra,34
Geiss and Rovastar - Octotrip (Deadly BT Mix),presets-extra,34
Geiss and Rovastar - Pastel (Vectrip Mix),presets-extra,34
Geiss and Rovastar - Surface (Vectrip Mix),presets-extra,34
Geiss and Rovastar - The Chaos Of Colours (sprouting dimentia mix),presets-extra,34
Geiss feat. Loadus - Passive Fractals 1,presets-extra,34
Geiss feat. Loadus - Passive Fractals 2,presets-extra,34
Geiss&rovastar-notionsoftonality2,presets-extra,34
"Geiss, Flexi + Stahlregen - Thumbdrum Tokamak [crossfiring aftermath jelly mashup]",butterchurnPresets,
Geiss-3d-breathing,presets-extra,34
Geiss-3d-convex,presets-extra,34
Geiss-3d-cosmicdust,presets-extra,34
Geiss-3d-crater,presets-extra,34
Geiss-3d-cupcake,presets-extra,34
Geiss-3d-luz,presets-extra,34
Geiss-3d-monotoneripples,presets-extra,34
Geiss-3d-oozingmass,presets-extra,34
Geiss-3d-quasilinearsubmanifolds,presets-extra,34
Geiss-3d-serpentine,presets-extra,34
Geiss-3d-shockwaves,presets-extra,34
Geiss-3d-spirals,presets-extra,34
Geiss-3d-spirals2,presets-extra,34
Geiss-3d-starfish2,presets-extra,34
Geiss-3d-two-pointedpulsagon,presets-extra,34
Geiss-3d-vortex,presets-extra,34
Geiss-3d-warpofdalibright,presets-extra,34
Geiss-3d-washboard,presets-extra,34
Geiss-Approach(1.02Version),presets-extra,34
Geiss-Asmyptote(1.02Version),presets-extra,34
Geiss-BassZoom(1.02Version),presets-extra,34
Geiss-Bipolar1(1.02Version),presets-extra,34
Geiss-Bipolar2(1.02Version),presets-extra,34
Geiss-Bipolar3(1.02Version),presets-extra,34
Geiss-Bonfire(1.02Version),presets-extra,34
Geiss-Casino(1.02Version),presets-extra,34
Geiss-Cepiasound(1.02Version),presets-extra,34
Geiss-Churn(1.02Version),presets-extra,34
Geiss-ConstantVelocity(1.02Version),presets-extra,34
Geiss-Coral(1.02Version),presets-extra,34
Geiss-DemonicDistortion(1.02Version),presets-extra,34
Geiss-Destruction(1.02Version),presets-extra,34
Geiss-DownwardSpiral(1.02Version),presets-extra,34
Geiss-Drift(1.02Version),presets-extra,34
Geiss-Festive(1.02Version),presets-extra,34
Geiss-FlowerBlossom(1.02Version),presets-extra,34
Geiss-FogTunnel(1.02Version),presets-extra,34
Geiss-Greenland(1.02Version),presets-extra,34
Geiss-HappyDrops(1.02Version),presets-extra,34
Geiss-Hovering(1.02Version),presets-extra,34
Geiss-Hurricane(1.02Version),presets-extra,34
Geiss-Iris(1.02Version),presets-extra,34
Geiss-JuliaFractal1(1.02Version),presets-extra,34
Geiss-JuliaFractal2(1.02Version),presets-extra,34
Geiss-Microcosm(1.02Version),presets-extra,34
Geiss-Planet1(1.02Version),presets-extra,34
Geiss-Planet2(1.02Version),presets-extra,34
Geiss-Scary(1.02Version),presets-extra,34
Geiss-Script(1.02Version),presets-extra,34
Geiss-Serpent(1.02Version),presets-extra,34
Geiss-Shake(1.02Version),presets-extra,34
Geiss-SolarFlare(1.02Version),presets-extra,34
Geiss-SolarFlare(Blue)(1.02Version),presets-extra,34
Geiss-SolarFlare(Reptile)(1.02Version,presets-extra,34
Geiss-SoundAndTheFury(1.02Version),presets-extra,34
Geiss-Surface(1.02Version),presets-extra,34
Geiss-Swirlie1(1.02Version),presets-extra,34
Geiss-TheFattyLumpkinSunkleTweaker(1.,presets-extra,34
Geiss-TheFattyLumpkinSunkleTweaker(In,presets-extra,34
Geiss-Toy(1.02Version),presets-extra,34
Geiss-Trampoline(1.02Version),presets-extra,34
Geiss-Vortex1(1.02Version),presets-extra,34
Geiss-Waterfall(1.02Version),presets-extra,34
Geiss-aieeeeee!!,presets-extra,34
Geiss-anomaly1,presets-extra,34
Geiss-anomaly2,presets-extra,34
Geiss-antimatter,presets-extra,34
Geiss-approach,presets-extra,34
Geiss-approach(102version),presets-extra,34
Geiss-asmyptote(102version),presets-extra,34
Geiss-asymptote,presets-extra,34
Geiss-basskaleidosphere,presets-extra,34
Geiss-basszoom,presets-extra,34
Geiss-basszoom(102version),presets-extra,34
Geiss-bipolar1,presets-extra,34
Geiss-bipolar1v(102ersion),presets-extra,34
Geiss-bipolar2,presets-extra,34
Geiss-bipolar2v(102ersion),presets-extra,34
Geiss-bipolar3,presets-extra,34
Geiss-bipolar3v(102ersion),presets-extra,34
Geiss-bipolar4,presets-extra,34
Geiss-bipolar5,presets-extra,34
Geiss-blasto,presets-extra,34
Geiss-bonfire,presets-extra,34
Geiss-bonfire(102version),presets-extra,34
Geiss-brightfibermatrix1,presets-extra,34
Geiss-brightfibermatrix2,presets-extra,34
Geiss-calligraphy,presets-extra,34
Geiss-cartographie,presets-extra,34
Geiss-casino,presets-extra,34
Geiss-casino(102version),presets-extra,34
Geiss-cepiasound,presets-extra,34
Geiss-cepiasound(102version),presets-extra,34
Geiss-churn,presets-extra,34
Geiss-churn(102version),presets-extra,34
Geiss-cityatnight,presets-extra,34
Geiss-colortones1,presets-extra,34
Geiss-colortones2,presets-extra,34
Geiss-constantvelocity,presets-extra,34
Geiss-constantvelocity(102version),presets-extra,34
Geiss-coral,presets-extra,34
Geiss-coral(102version),presets-extra,34
Geiss-corpuscallosum,presets-extra,34
Geiss-cosmicdust1,presets-extra,34
Geiss-cosmicdust2,presets-extra,34
Geiss-cruzin,presets-extra,34
Geiss-cycloid1,presets-extra,34
Geiss-cycloid2,presets-extra,34
Geiss-davodthepod,presets-extra,34
Geiss-delamoutard1,presets-extra,34
Geiss-delamoutard2,presets-extra,34
Geiss-demonicdistortion,presets-extra,34
Geiss-demonicdistortion(102version),presets-extra,34
Geiss-descent,presets-extra,34
Geiss-destruction,presets-extra,34
Geiss-destruction(102version),presets-extra,34
Geiss-diffraction,presets-extra,34
Geiss-digitalsmoke,presets-extra,34
Geiss-downwardspiral,presets-extra,34
Geiss-downwardspiral(102version),presets-extra,34
Geiss-drift,presets-extra,35
Geiss-drift(102version),presets-extra,35
Geiss-dynamicswirls1,presets-extra,35
Geiss-dynamicswirls2,presets-extra,35
Geiss-eddies1,presets-extra,35
Geiss-eddies2,presets-extra,35
Geiss-eggs,presets-extra,35
Geiss-elcubismo,presets-extra,35
Geiss-festive,presets-extra,35
Geiss-festive(102version),presets-extra,35
Geiss-fiberglass,presets-extra,35
Geiss-flames,presets-extra,35
Geiss-flotsam,presets-extra,35
Geiss-flower,presets-extra,35
Geiss-flowerblossom,presets-extra,35
Geiss-flowerblossom(102version),presets-extra,35
Geiss-fogtunnel,presets-extra,35
Geiss-fogtunnel(102version),presets-extra,35
Geiss-fourkindsofamphetamines,presets-extra,35
Geiss-galaxy1,presets-extra,35
Geiss-galaxy2,presets-extra,35
Geiss-greenland,presets-extra,35
Geiss-greenland(102version),presets-extra,35
Geiss-happydrops,presets-extra,35
Geiss-happydrops(102version),presets-extra,35
Geiss-heavenly1,presets-extra,35
Geiss-heavenly2,presets-extra,35
Geiss-heavenly3,presets-extra,35
Geiss-hovering,presets-extra,35
Geiss-hovering(102version),presets-extra,35
Geiss-hurricane,presets-extra,35
Geiss-hurricane(102version),presets-extra,35
Geiss-hyperion,presets-extra,35
Geiss-inkblot,presets-extra,35
Geiss-inverted,presets-extra,35
Geiss-inverted2,presets-extra,35
Geiss-iris,presets-extra,35
Geiss-iris(102version),presets-extra,35
Geiss-journey,presets-extra,35
Geiss-juliafractal1,presets-extra,35
Geiss-juliafractal1(102version),presets-extra,35
Geiss-juliafractal2,presets-extra,35
Geiss-juliafractal2(102version),presets-extra,35
Geiss-luz,presets-extra,35
Geiss-manycolors1,presets-extra,35
Geiss-manycolors2,presets-extra,35
Geiss-manycolorsinthehomorainbow,presets-extra,35
Geiss-megaswirl1,presets-extra,35
Geiss-megaswirl2,presets-extra,35
Geiss-megaswirl3,presets-extra,35
Geiss-microcosm,presets-extra,35
Geiss-microcosm(102version),presets-extra,35
Geiss-monotoneripples,presets-extra,35
Geiss-musicbox1,presets-extra,35
Geiss-musicbox2,presets-extra,35
Geiss-nautilus,presets-extra,35
Geiss-octopus,presets-extra,35
Geiss-octopusblue,presets-extra,35
Geiss-octopuseverchanging,presets-extra,35
Geiss-octopusfatandancient,presets-extra,35
Geiss-octopusfatandeverchanging,presets-extra,35
Geiss-octopusgold,presets-extra,35
Geiss-octopusgoldwithdots,presets-extra,35
Geiss-octopustoon,presets-extra,35
Geiss-oldskool,presets-extra,35
Geiss-oldskoolmellowstyle,presets-extra,35
Geiss-oozingmass,presets-extra,35
Geiss-pastel,presets-extra,35
Geiss-pelotadefuego,presets-extra,35
Geiss-pinch,presets-extra,35
Geiss-pistons,presets-extra,35
Geiss-planet1,presets-extra,35
Geiss-planet1v(102ersion),presets-extra,35
Geiss-planet2,presets-extra,35
Geiss-planet2v(102ersion),presets-extra,35
Geiss-quasilinearsubmanifolds,presets-extra,35
Geiss-reductoabsurdum,presets-extra,35
Geiss-reductoadnauseum,presets-extra,35
Geiss-rocket,presets-extra,35
Geiss-runoff,presets-extra,35
Geiss-scary,presets-extra,35
Geiss-scary(102version),presets-extra,35
Geiss-script,presets-extra,35
Geiss-script(102version),presets-extra,35
Geiss-serpent,presets-extra,35
Geiss-serpent(102version),presets-extra,35
Geiss-shake,presets-extra,35
Geiss-shake(102version),presets-extra,35
Geiss-shift,presets-extra,35
Geiss-sinews1,presets-extra,35
Geiss-sinews2,presets-extra,35
Geiss-smoke,presets-extra,35
Geiss-smokechaser,presets-extra,35
Geiss-solarflare,presets-extra,35
Geiss-solarflare(102version),presets-extra,35
Geiss-solarflare(blue),presets-extra,35
Geiss-solarflare(blue)(102version),presets-extra,35
Geiss-solarflare(reptile),presets-extra,35
Geiss-solarflare(reptile)(102version),presets-extra,35
Geiss-soundandthefury,presets-extra,35
Geiss-soundandthefury(102version),presets-extra,35
Geiss-spacedust,presets-extra,35
Geiss-spacevoyage,presets-extra,35
Geiss-spacevoyage(high-warp),presets-extra,35
Geiss-spacevoyagebright,presets-extra,35
Geiss-starfish1,presets-extra,35
Geiss-starfish2,presets-extra,35
Geiss-sunsets,presets-extra,35
Geiss-supernova1,presets-extra,35
Geiss-supernova2,presets-extra,35
Geiss-surface,presets-extra,35
Geiss-surface(102version),presets-extra,35
Geiss-swirl1,presets-extra,35
Geiss-swirl2,presets-extra,35
Geiss-swirlie1,presets-extra,35
Geiss-swirlie1v(102ersion),presets-extra,35
Geiss-swirlie2,presets-extra,35
Geiss-swirlie3,presets-extra,35
Geiss-swirlie4,presets-extra,35
Geiss-swirlie5,presets-extra,35
Geiss-symmetry,presets-extra,35
Geiss-thefattylumpkinsunk(102version),presets-extra,35
Geiss-thefattylumpkinsunkle(inverted),presets-extra,35
Geiss-thefattylumpkinsunkletweaker,presets-extra,35
Geiss-threeandahalfkindsofamphetamine,presets-extra,35
Geiss-threekindsofamphetamines,presets-extra,35
Geiss-tokamak,presets-extra,35
Geiss-tornado,presets-extra,35
Geiss-toy,presets-extra,36
Geiss-toy(102version),presets-extra,36
Geiss-trampoline,presets-extra,36
Geiss-trampoline(102version),presets-extra,36
Geiss-tube,presets-extra,36
Geiss-two-pointedpulsagon,presets-extra,36
Geiss-ultrafast,presets-extra,36
Geiss-vaporecho,presets-extra,36
Geiss-volumezoom,presets-extra,36
Geiss-vortex(inverted),presets-extra,36
Geiss-vortex1,presets-extra,36
Geiss-vortex1v(102ersion),presets-extra,36
Geiss-vortex2,presets-extra,36
Geiss-warpofdali1,presets-extra,36
Geiss-warpofdali2,presets-extra,36
Geiss-warpofdalibright,presets-extra,36
Geiss-watching,presets-extra,36
Geiss-waterfall,presets-extra,36
Geiss-waterfall(102version),presets-extra,36
Geiss-zygote,presets-extra,36
Gemstone Factory,presets-extra,36
Ghostly Export,presets-extra,36
Ghostly Figure,presets-extra,36
Ghostly Figure 2,presets-extra,36
Giga Sun ,presets-extra,36
Global Earthquake,presets-extra,36
Goa,presets-extra,36
God of the Game,presets-extra,36
Godhead,presets-extra,36
Goo Kung Fu,presets-extra,36
Goody - A Reaction in Color,presets-extra,36
Goody - Ego Decontructor,butterchurnPresetsExtra,
Goody - Intension,presets-extra,36
Goody - LSD Zoomtunnel,presets-extra,36
Goody - The Wild Vort,butterchurnPresets,
Goody - Unstable Sonic Reactor (Inside the REACTor remix - aspect fix),presets-extra,36
Goody - Unstable Sonic Reactor - Final,presets-extra,36
"Goody on mushrooms + Hexcollie, Phat n Aderrasi - Cellsmokis (Heterodon Nasicus mix)",presets-extra,36
Goody on mushrooms - Cellsmokis,presets-extra,36
Goody on mushrooms - Checkernator,presets-extra,36
Goody on mushrooms- Cellsmosis,presets-extra,36
Goody's LSD Zoomtunnel,presets-extra,36
Goody's LSD Zoomtunnel (sharp),presets-extra,36
Goody's Thing Which Dwells Between Worlds,presets-extra,36
Goody's Unstable Sonic Reactor,presets-extra,36
Goody's Unstable Sonic Reactor (Inside of it all remix - aspect fix),presets-extra,36
Goody's Unstable Sonic Reactor (Inside of it all remix),presets-extra,36
Goody's Unstable Sonic Reactor (Reality Binding remix),presets-extra,36
Grand Odyssey mod,presets-extra,36
Grand odyssey,presets-extra,36
GreatWho - Lasershow,butterchurnPresetsExtra,
GreenOlive - Electrical Surge,presets-extra,36
GreenOlive - Electrical Surge (Sumpkin Tweak),presets-extra,36
GreenSlime,presets-extra,36
Greenolive-electricalsurge,presets-extra,36
Hair and Silk,presets-extra,36
Halcyon Dreams 2,presets-extra,36
Halcyon Dreams 3,presets-extra,36
Halcyon Dreams II,presets-extra,36
Half Eye,presets-extra,36
Halfbreak - Digital Operator,presets-extra,36
Halfbreak - Spectrum 2,presets-extra,36
Halfbreak - Spectrum 3,presets-extra,36
Hampton GER - Answer.0815 (Original Mix),presets-extra,36
Hampton GER - Answer.0815 (Remake),presets-extra,36
Hampton GER - Answer.0815 (Version 1.01),presets-extra,36
Hampton GER - Answer.0815(Remake),presets-extra,36
Hampton GER - Answer.0815(Version 1.01),presets-extra,36
Hampton GER - Answer.0815(original),presets-extra,36
Hampton GER - FrameMove No. 1,presets-extra,36
Hampton GER - FrameMove No. 2,presets-extra,36
Hampton GER - FrameMove No. 3,presets-extra,36
Hampton GER - Frames No. 1,presets-extra,36
Hampton GER - Hypnotic Spirale No.1,presets-extra,36
Hampton GER - Hypnotic Spirale No.2,presets-extra,36
Hampton GER - Hypnotic Spirale No.3,presets-extra,36
Hampton GER - Kaleidoskope,presets-extra,36
Hampton GER - Painting Wonder No. 1,presets-extra,36
Hampton GER - Painting Wonder No. 2,presets-extra,36
Hampton GER - Painting Wonder No. 3,presets-extra,36
Hampton GER - Randomnity,presets-extra,36
Hampton GER - Randomnity (Adjustable Mix),presets-extra,36
Hampton GER - Randomnity (adjustable),presets-extra,36
Hampton GER - Randomnity No. 2,presets-extra,36
Hampton GER - Star Way,presets-extra,36
HamptonGER-Answer.0815(Remake),presets-extra,36
HamptonGER-Answer.0815(Version1.01),presets-extra,36
HamptonGER-FrameMoveNo.1,presets-extra,36
HamptonGER-FrameMoveNo.2,presets-extra,36
HamptonGER-FrameMoveNo.3,presets-extra,36
HamptonGER-FramesNo.1,presets-extra,36
HamptonGER-HypnoticSpiraleNo.1,presets-extra,36
HamptonGER-HypnoticSpiraleNo.2,presets-extra,36
HamptonGER-HypnoticSpiraleNo.3,presets-extra,36
HamptonGER-PaintingWonderNo.1,presets-extra,36
HamptonGER-PaintingWonderNo.2,presets-extra,36
HamptonGER-PaintingWonderNo.3,presets-extra,36
HamptonGER-RandomnityNo.2,presets-extra,36
Hamptonger-answer0815(originalmix),presets-extra,36
Hamptonger-answer0815(remake),presets-extra,36
Hamptonger-answer0815(version101),presets-extra,36
Hamptonger-framemoveno1,presets-extra,36
Hamptonger-framemoveno2,presets-extra,36
Hamptonger-framemoveno3,presets-extra,36
Hamptonger-framesno1,presets-extra,36
Hamptonger-hypnoticspiraleno1,presets-extra,36
Hamptonger-hypnoticspiraleno2,presets-extra,36
Hamptonger-hypnoticspiraleno3,presets-extra,36
Hamptonger-kaleidoskope,presets-extra,36
Hamptonger-paintingwonderno1,presets-extra,36
Hamptonger-paintingwonderno2,presets-extra,36
Hamptonger-paintingwonderno3,presets-extra,36
Hamptonger-randomnity,presets-extra,36
Hamptonger-randomnity(adjustablemix),presets-extra,36
Hamptonger-randomnityno2,presets-extra,36
Hamptonger-starway,presets-extra,36
Happening,presets-extra,36
Happy drops,presets-extra,36
Harlequin's Delight,presets-extra,36
Harmonic Bliss,presets-extra,36
Harmonic Irradiateing Ball,presets-extra,36
Harmony,presets-extra,36
"Heart Of Fire, Mind Of Light",presets-extra,36
Hexcollie + Aderrasi - Brainwave massage,presets-extra,36
"Hexcollie + Aderrasi, Bdrv n Telek - Shamana tetremana",presets-extra,36
Hexcollie - Abduction (personal mash),presets-extra,36
Hexcollie - Abyssal Dreamscape,presets-extra,36
Hexcollie - Abyssal Dreamscape Nightshade Twist,presets-extra,36
Hexcollie - Acid Bubble,presets-extra,36
Hexcollie - Ahem,presets-extra,37
Hexcollie - Amorphous Magic carpet,presets-extra,37
Hexcollie - Angels Wings,presets-extra,37
Hexcollie - Beautiful World,presets-extra,37
Hexcollie - Bigosh,presets-extra,37
Hexcollie - Binaural swirl,presets-extra,37
Hexcollie - Bottlecap,presets-extra,37
Hexcollie - Bubblefish,presets-extra,37
Hexcollie - Cell division,butterchurnPresetsExtra2,
Hexcollie - Curly Que,presets-extra,37
Hexcollie - Curly Que (1),presets-extra,37
Hexcollie - Demonic Afterimages,presets-extra,37
Hexcollie - Digital flower,presets-extra,37
Hexcollie - Digital flower_1,presets-extra,37
Hexcollie - Dragon Box (Orgy Mix),presets-extra,37
Hexcollie - Dragon Box2 (Orgy Mix),presets-extra,37
Hexcollie - Dragon face,presets-extra,37
Hexcollie - Dragonfly,presets-extra,37
Hexcollie - Duality,presets-extra,37
Hexcollie - Egyptian vibration of success,presets-extra,37
Hexcollie - Everyone Hates it,presets-extra,37
Hexcollie - Feedback phantom,presets-extra,37
Hexcollie - Finger painting,presets-extra,37
Hexcollie - First,presets-extra,37
Hexcollie - First time in a long time,presets-extra,37
Hexcollie - FocUSs,presets-extra,37
Hexcollie - FocUSs (neon),presets-extra,37
Hexcollie - Follow me,presets-extra,37
Hexcollie - FreakOUT,presets-extra,37
Hexcollie - Freedom,presets-extra,37
Hexcollie - Freedom2,presets-extra,37
Hexcollie - Glug,presets-extra,37
Hexcollie - Gradient Warp,presets-extra,37
Hexcollie - HELL,presets-extra,37
Hexcollie - Hail to the llama,presets-extra,37
Hexcollie - Hallucination Blues,presets-extra,37
Hexcollie - He Loves His Thai noodles,presets-extra,37
Hexcollie - Hollogram,presets-extra,37
Hexcollie - Holy llama day tripper,presets-extra,37
Hexcollie - Holy llama day tripper tyedye,presets-extra,37
Hexcollie - Holy llama windowpanes,presets-extra,37
Hexcollie - House Broken,presets-extra,37
Hexcollie - How could we be bored,presets-extra,37
Hexcollie - ICU,presets-extra,37
Hexcollie - In Orbit,presets-extra,37
Hexcollie - In Orbit2,presets-extra,37
Hexcollie - In your face,presets-extra,37
Hexcollie - In your face_1,presets-extra,37
Hexcollie - Intensity,presets-extra,37
Hexcollie - Intravenous Caffeine,presets-extra,37
Hexcollie - Just something different,presets-extra,37
Hexcollie - K Hole,presets-extra,37
Hexcollie - K Hole2,presets-extra,37
Hexcollie - K and X produced,presets-extra,37
Hexcollie - Kinetic,presets-extra,37
Hexcollie - Kinetic liger,presets-extra,37
Hexcollie - Labor of Love,presets-extra,37
Hexcollie - Lame Pupil,presets-extra,37
Hexcollie - Lightshow of the future,presets-extra,37
Hexcollie - Lightshow of the future2,presets-extra,37
Hexcollie - Lotus Plumage in Flight,presets-extra,37
Hexcollie - Mashup Orgy,presets-extra,37
Hexcollie - Mashup Orgy2,presets-extra,37
Hexcollie - Meatball,presets-extra,37
Hexcollie - Mindnumbing,presets-extra,37
Hexcollie - Moleculecular Interaction,presets-extra,37
Hexcollie - Muffin Puncher the second,presets-extra,37
Hexcollie - Mummification (personal mash),presets-extra,37
Hexcollie - Mushroom Odyssey,presets-extra,37
Hexcollie - Nautalisk,presets-extra,37
"Hexcollie - Nautalisk - mash0000 - but officer, my fingerprint always changes",butterchurnPresetsExtra2,
Hexcollie - No sense to be made,presets-extra,37
Hexcollie - No sense to be made2,presets-extra,37
Hexcollie - Not so lame Pupil,presets-extra,37
Hexcollie - Novocaine for the soul,presets-extra,37
Hexcollie - Ocelot,presets-extra,37
Hexcollie - Octoslosh,presets-extra,37
Hexcollie - Pipeline Lowres,presets-extra,37
Hexcollie - Poi,presets-extra,37
Hexcollie - Powerful simplicity,presets-extra,37
Hexcollie - Pretty wrong,presets-extra,37
Hexcollie - Psychadelic Glue Sniffin Hillbillies (personal mash),presets-extra,37
Hexcollie - Psychadelic Glue Sniffin Hillbillies the 2nd (personal mash),presets-extra,37
Hexcollie - Psychedelic Wermy,presets-extra,37
Hexcollie - Puddin Head teh Window Licker,presets-extra,37
Hexcollie - Puddin Head teh Window Licker (vanashing borders),presets-extra,37
Hexcollie - Pudding Head,presets-extra,37
Hexcollie - Pulsing Insanity,presets-extra,37
Hexcollie - Reincarnate,presets-extra,37
Hexcollie - Robot bloodstream,presets-extra,37
Hexcollie - Ruffled feathers,presets-extra,37
Hexcollie - Ruffled feathers_1,presets-extra,37
Hexcollie - Salamander (personal mash),presets-extra,37
Hexcollie - Scaly Clouds,presets-extra,37
Hexcollie - Sensitive Pupil,presets-extra,37
Hexcollie - Separation anxiety,presets-extra,37
Hexcollie - Separation anxiety_1,presets-extra,37
Hexcollie - Signature of a failure,presets-extra,37
Hexcollie - Signature of a failure Egypt,presets-extra,37
Hexcollie - Sparkle Spiral,presets-extra,37
Hexcollie - Spooky,presets-extra,37
Hexcollie - Springtime Sunshine,presets-extra,37
Hexcollie - SpyroFUCK,presets-extra,37
Hexcollie - SpyroFUCK Nausium Mix (Give it time I Dare you),presets-extra,37
Hexcollie - SpyroWars,presets-extra,37
Hexcollie - Swaying Escher Trance ,presets-extra,37
Hexcollie - Synisthesia,presets-extra,37
Hexcollie - Tentacles,presets-extra,37
Hexcollie - Tentacles2,presets-extra,37
Hexcollie - The Brain Shivers,presets-extra,37
Hexcollie - The Journey of a Mosquito (personal mash),presets-extra,37
Hexcollie - The Kuku Clock of doom,presets-extra,37
Hexcollie - The Kuku Clock of doom2,presets-extra,37
Hexcollie - This Ghost is our Friend,presets-extra,37
Hexcollie - This Ghost is our Friend too,presets-extra,37
Hexcollie - This is where we begin,presets-extra,37
Hexcollie - This is where we begin Fluffy,presets-extra,37
Hexcollie - This is where we begin Without direction,presets-extra,37
Hexcollie - This is where we begin stripped,presets-extra,37
Hexcollie - Thru the looking glass (personal mash),presets-extra,37
Hexcollie - Timewarp,presets-extra,37
Hexcollie - Tommy the Cat (personal mash),presets-extra,37
Hexcollie - Tracer Dancer,presets-extra,37
Hexcollie - Trajic Simplicity,presets-extra,37
Hexcollie - Tribute to infinity,presets-extra,37
Hexcollie - Tribute to infinity2,presets-extra,37
Hexcollie - Trilobite,presets-extra,37
Hexcollie - Ultra blackhole sun,presets-extra,37
Hexcollie - Ultra blackhole sun (sickly rmx),presets-extra,37
Hexcollie - Ultra color twist,presets-extra,38
Hexcollie - Ultra daze2,presets-extra,38
Hexcollie - Ultra worble (personal mash),presets-extra,38
Hexcollie - Unreal,presets-extra,38
Hexcollie - Unreal2,presets-extra,38
Hexcollie - Unreal2.1,presets-extra,38
Hexcollie - Virtual LSD,presets-extra,38
Hexcollie - Wacked,presets-extra,38
Hexcollie - Where to begin,presets-extra,38
Hexcollie - Wistle,presets-extra,38
Hexcollie - as the seasons change,presets-extra,38
Hexcollie - broken lcd,presets-extra,38
Hexcollie - bugeyed and starstruck,presets-extra,38
Hexcollie - cant tell exactly what im seeing,presets-extra,38
Hexcollie - christmas lights,presets-extra,38
Hexcollie - come closer,presets-extra,38
Hexcollie - come closer sweet rmx,presets-extra,38
Hexcollie - do the twist,presets-extra,38
Hexcollie - forever warp,presets-extra,38
Hexcollie - fuzzy friends,presets-extra,38
Hexcollie - hairy colors,presets-extra,38
Hexcollie - idiometry,presets-extra,38
Hexcollie - larva,presets-extra,38
Hexcollie - liquid gong,presets-extra,38
Hexcollie - lost the point,presets-extra,38
Hexcollie - monument,presets-extra,38
Hexcollie - omegatron,presets-extra,38
Hexcollie - one more Lotus plumage ,presets-extra,38
Hexcollie - one more hit,presets-extra,38
Hexcollie - pearl,presets-extra,38
Hexcollie - poison,presets-extra,38
"Hexcollie - seriously, 198 sugar cubes",presets-extra,38
Hexcollie - shoud i save it,presets-extra,38
Hexcollie - shoud i save it_1,presets-extra,38
Hexcollie - shwag,presets-extra,38
Hexcollie - shwag_1,presets-extra,38
Hexcollie - smurfuzion,presets-extra,38
Hexcollie - splaining,presets-extra,38
Hexcollie - this is my soul,presets-extra,38
Hexcollie - threadmare,presets-extra,38
Hexcollie - wings,presets-extra,38
Hexcollie - wings_1,presets-extra,38
Hexcollie Eo.S n Phat - Legos on Shroomz,presets-extra,38
"Hexcollie Idiot n Melalol - OK, who's smoking crack in here",presets-extra,38
Hexcollie Personal mash + Krash - Magnetic Projections From the Sun,presets-extra,38
Hexcollie Personal mash + Krash - Radioactive Projections From the Sun,presets-extra,38
Hexcollie Personal mash + Melalol - Milkdrop glasses anyone,presets-extra,38
Hexcollie Rovastar & 3dRaGoNs - goOOoo0oOgley ball of auditory emotions,presets-extra,38
Hexcollie n BDRV - Funk Spliff,presets-extra,38
Hexcollie n EOS - Armagedon,presets-extra,38
Hexcollie n EOS - Not Quite Armagedon,presets-extra,38
Hexcollie n Eo.S. - sunburst baboon,presets-extra,38
Hexcollie n Fvese - The Manchurian Jumbotron + Unknown Warp,presets-extra,38
Hexcollie n Rovastar - Fractopiatardation,presets-extra,38
Hexcollie n Rovastar - Fractopiatardation earth fire and water mix,presets-extra,38
Hexcollie n bdrv - not dun,presets-extra,38
"Hexcollie, 3dRaGoNs, Aderassi, n baked - sweeeeet",presets-extra,38
"Hexcollie, 3dRaGoNs, Aderassi, n baked - sweeeeet perfected",presets-extra,38
"Hexcollie, 3dRaGoNs, Aderassi, n baked - sweeeeet the second",presets-extra,38
"Hexcollie, Aderrasi N BDRV - Beat Magnet Polar Migration",presets-extra,38
"Hexcollie, Aderrasi N BDRV - Beat Magnet Polar Orgasm",presets-extra,38
"Hexcollie, Aderrasi N BDRV - Beat Magnet bloom",presets-extra,38
"Hexcollie, Aderrasi, 3dRaGoNs & Idiot - The path of broken glass",presets-extra,38
"Hexcollie, Aderrasi, phat + Eo.S. - Tiedye Gecko Spots",presets-extra,38
"Hexcollie, BDRV, Flexi, Stahlregan, Phat - Feed the brain",presets-extra,38
"Hexcollie, Bdrv n Aderrasi - Dandilion Poofball",presets-extra,38
"Hexcollie, Bdrv n Aderrasi - Oil spot",presets-extra,38
"Hexcollie, Bdrv n Aderrasi - Oil vibrations",presets-extra,38
"Hexcollie, Bdrv n Aderrasi - Oil vibrations (ultra sensitive)",presets-extra,38
"Hexcollie, Bdrv n Aderrasi - Spiralific splifftastical",presets-extra,38
"Hexcollie, Bdrv n Aderrasi - We waste death together",presets-extra,38
"Hexcollie, Bdrv n Aderrasi - We waste death together but i waste life alone",presets-extra,38
"Hexcollie, Bdrv n Eo.S - Smuddle",presets-extra,38
"Hexcollie, Bdrv n Eo.S. - Dorsal Ganglion",presets-extra,38
"Hexcollie, Bdrv n Eo.S. - Dorsal Ganglion 2",presets-extra,38
"Hexcollie, Bdrv n Rova - Conquering Mr Danger",presets-extra,38
"Hexcollie, Bdrv, Eo.S., Phat n Aderrasi - Fire up the plasma cutter I need to light this spliff",presets-extra,38
"Hexcollie, Bdrv, Goody, Eo.S. n Phat - Space (crack) Rock!",presets-extra,38
"Hexcollie, Bdrv, Goody, Esotic, Eo.S. n Phat - Space (crack) Rock! (#2)",presets-extra,38
"Hexcollie, Bdrv, Phat n Raron - psi emitter",presets-extra,38
"Hexcollie, Dbleja, Eo.S.n Phat - Too much freedumb",presets-extra,38
"Hexcollie, Dbleja, Eo.S.n Phat - Too much freedumb + geiss n studiomusic",presets-extra,38
"Hexcollie, DemonLD, Flexi, Bdrv n malalol - Shnarsh",presets-extra,38
"Hexcollie, Eo.S n Redi - Metal esophagus",presets-extra,38
"Hexcollie, Eo.S. n Phat - Just an object",presets-extra,38
"Hexcollie, Eo.S. n Redi - Ribbon painting",presets-extra,38
"Hexcollie, Eo.s n Phat - Lurching Spunnel",presets-extra,38
"Hexcollie, Eo.s, Phat, bdrv n Aderrasi - What a party",presets-extra,38
"Hexcollie, Flexi Eo.S, Esotic, Krash.n Phat - But none will ever be as sexy as flexi",presets-extra,38
"Hexcollie, Flexi Eo.S.n Phat - Parasitic Reverberation",presets-extra,38
"Hexcollie, Flexi n Eo.S. - Squable",presets-extra,38
"Hexcollie, Flexi, Rova, Phat n Zylot - This is why those bloodsuckers don't bite me",presets-extra,38
"Hexcollie, Geiss n Flexi - An important part of my collective brain is missing",presets-extra,38
"Hexcollie, Geiss n Mstress - What do you do in your time off",presets-extra,38
"Hexcollie, Geiss, Rozzer, Esotic n Mstress - What do you do in your time off (funk twist)",presets-extra,38
"Hexcollie, Geiss, Rozzer, Estoc n Mstress - What do you do in your time off",presets-extra,38
"Hexcollie, Idiot n Inventive Software - Another alien to add to the list",presets-extra,38
"Hexcollie, Krash, Inventive software n Pithlit - That is pretty intense",presets-extra,38
"Hexcollie, Krash, bdrv n aderassi - Bioluminescent Dance",presets-extra,38
"Hexcollie, Krash, bdrv, eo.s n aderassi - Epileptic Fractal rebirth",presets-extra,38
"Hexcollie, Krash, bdrv, eo.s n aderassi - Fractal rebirth",presets-extra,38
"Hexcollie, Krash, bdrv, eo.s n aderassi - Fractastical",presets-extra,38
"Hexcollie, Orb, Phat n Ondras - My Nightly Prayer to Western Union",presets-extra,38
"Hexcollie, Phat n Ondras - My Dinner Prayer to Western Union",presets-extra,38
"Hexcollie, Phat n Rozzor - Lost in the darkness",presets-extra,38
"Hexcollie, Phat n Rozzor - Tidal collision",presets-extra,38
"Hexcollie, Phat n Shifter - Tidal endocrine inhibition",presets-extra,38
"Hexcollie, Phat n unchained - The love of a silent echo",presets-extra,38
"Hexcollie, Phat, Eo.S. n Mstress - Man I need to find someone to sell me a sack in Michigan",presets-extra,38
"Hexcollie, PieturP n Telek - Self induced psychosis",presets-extra,38
"Hexcollie, Pieturp n Orb - This may be my favorite preset ever",presets-extra,38
"Hexcollie, Pieturp n Orb - This one needs some TLC",presets-extra,38
"Hexcollie, Pieturp n Phat - Free amphetamines to those willing to take them",presets-extra,38
"Hexcollie, Pieturp, Rozzor n Phat - This isnt cool, but it is crazy =)",presets-extra,38
"Hexcollie, Redi, Rova n Krash - Kangaroos stole my pipe",presets-extra,38
"Hexcollie, Redi, Rova n Krash - Kangaroos stole my pipe (pretty colors)",presets-extra,38
"Hexcollie, Rova n EOS - Flatliner",presets-extra,38
"Hexcollie, Rova n EOS - Flatliner (flexi shaded2)",presets-extra,38
"Hexcollie, Rova n EOS - In or Out",presets-extra,38
"Hexcollie, Rozzer n Rovastar - I like shiney objects that light up",presets-extra,38
"Hexcollie, Rozzer n Rovastar - I like shiney objects that light up 2",presets-extra,38
"Hexcollie, Rozzor n Yin - God I love spirals",presets-extra,38
"Hexcollie, Rozzor, Rova n Ondras - Thunderfuck and say ahhhh",presets-extra,39
"Hexcollie, Stahlregan + Triptastic - Dancing Triptastically",presets-extra,39
"Hexcollie, Stahlregan n shifter - Galactic bubble or crystal ball thingy",presets-extra,39
"Hexcollie, Syst3mfailure n Unchained - Every Good Boy Deserves Religious Sacrifice",presets-extra,39
"Hexcollie, Telek + Ultramix - Hallway of illusion",presets-extra,39
"Hexcollie, Telek n Zylot - Knotwerk Fractal",presets-extra,39
"Hexcollie, Unchained n shifter - Cycloptic smiles",presets-extra,39
"Hexcollie, Zylot n Phat - It has to be wrong to have this much fun without any talent",presets-extra,39
"Hexcollie, bdrv n aderassi - echoze",presets-extra,39
"Hexcollie, bdrv n unchained - Home",presets-extra,39
"Hexcollie, bdrv n unchained - Home compounded",presets-extra,39
"Hexcollie, bdrv n unchained - Phenomenal",presets-extra,39
"Hexcollie, bdrv n unchained - The hive",presets-extra,39
"Hexcollie, suksma, Eo.S, Ultramix, Bdrv n Flexi - The underlying complexity of love",presets-extra,39
"Hexcollie, yin n Phat - Ball of yarn",presets-extra,39
Hexcollie. Unchained n Yin - Chakronik,presets-extra,39
Hexcollie. Unchained n Yin - Mekkachakra,presets-extra,39
Highway to Heaven,presets-extra,39
History Spin,presets-extra,39
Holium Effect,presets-extra,39
Hollow Shell,presets-extra,39
Hopi-Magic,presets-extra,39
Hyperspace,presets-extra,39
Hyperspace JD,presets-extra,39
Hyperspace Variant,presets-extra,39
Hypnotic poltergeist,presets-extra,39
I Ate The Whole Sheet,presets-extra,39
I Like It Hard,presets-extra,39
I Like It Loud,presets-extra,39
I see Light!,presets-extra,39
I think someone was smoking pot in here,presets-extra,39
Idiot & Boz - Superk.....Mod,presets-extra,39
Idiot & Che - Color Trap (Remix),presets-extra,39
Idiot & Che - Various Abstract Effects,presets-extra,39
Idiot & Che - Various Abstract Effects (Remix),presets-extra,39
Idiot & Lightspeed - Dune (Remix),presets-extra,39
Idiot & Rovastar - Altars Of Madness 2 (X.42 Mix),presets-extra,39
Idiot & Rovastar - Cosmic Mantas,presets-extra,39
Idiot & Rovastar - Harlequin Trapped In Marphet's Vortex 2,presets-extra,39
Idiot & Rovastar - Harlequin Trapped in Marphet's Vortex,presets-extra,39
Idiot & Rovastar - Rainpainting (Cave Remix (Remix 2)),presets-extra,39
Idiot & Rovastar - Rainpainting (Cave Remix (Remix)),presets-extra,39
Idiot & Rovastar - Rainpainting (Cave Remix),presets-extra,39
Idiot & Rovastar - Sully's Trip (Gone Worse Mix),presets-extra,39
Idiot & Unchained - Oddnezz (Inside Myself Mix),presets-extra,39
Idiot & Unchained - Oddnezz Abstract Art,presets-extra,39
Idiot & Zylot - Block Of Sound (Crazy Factal Mix 2),presets-extra,39
Idiot & Zylot - Block Of Sound (Crazy Factal Mix),presets-extra,39
Idiot & Zylot - Block Of Sound (Work Dammit Mix),presets-extra,39
Idiot & Zylot - Focal Point,presets-extra,39
Idiot & Zylot - Force Feild Generator v2.0,presets-extra,39
Idiot & Zylot - Force Feild Generator v3.0,presets-extra,39
Idiot & Zylot - Hall Of Reflections (Melting Inside The Factal Mix),presets-extra,39
Idiot & Zylot - Hall Of Reflections (Seeker's Exit Mix),presets-extra,39
Idiot & Zylot - Hall Of Reflections (Unknown Exit Mix),presets-extra,39
Idiot & Zylot - I think the square...,presets-extra,39
Idiot & Zylot - Unhealthy Love (Idiot's STDs Mix),presets-extra,39
Idiot - 2 Presets In 1,presets-extra,39
Idiot - 9-7-02,presets-extra,39
Idiot - 9-7-02 (Remix 2),presets-extra,39
Idiot - 9-7-02 (Remix),presets-extra,39
Idiot - 9-7-02 (Remix) (sustain fixed),presets-extra,39
Idiot - 9-7-02 (Tweak),presets-extra,39
Idiot - Abstraciphobia,presets-extra,39
Idiot - Abstraciphobia (Super Grid Mix),presets-extra,39
Idiot - Alternating Wave (Border Mix 1),presets-extra,39
Idiot - Alternating Wave (Border Mix 1.1),presets-extra,39
Idiot - Alternating Wave (Border Mix 1.2),presets-extra,39
Idiot - Another Depressing Preset,presets-extra,39
Idiot - Another Depressing Preset (Remix 2),presets-extra,39
Idiot - Another Depressing Preset (Remix),presets-extra,39
Idiot - Aphex Skin (A Bit More Mix),presets-extra,39
Idiot - Appalling Code,presets-extra,39
Idiot - Appalling Code (Light Show Remix),presets-extra,39
Idiot - Appalling Code (Remix),presets-extra,39
Idiot - Area 03,presets-extra,39
Idiot - Area 03 (Restricted Zone Mix),presets-extra,39
Idiot - Away From The Norm (Dafhi Mix),presets-extra,39
Idiot - Before School Fun (Abstract Art Mix),presets-extra,39
Idiot - Before School Fun (Alien Symbols Mix 2),presets-extra,39
Idiot - Before School Fun (Alien Symbols Mix 3),presets-extra,39
Idiot - Before School Fun (Alien Symbols Mix 4),presets-extra,39
Idiot - Before School Fun (Alien Symbols Mix),presets-extra,39
Idiot - Before School Fun (Puzzle Peices Mix),presets-extra,39
Idiot - Before School Fun (Remix 5),presets-extra,39
Idiot - Cortex (Spiritual Visions Mix 2),presets-extra,39
Idiot - Cortex (Spiritual Visions Mix),presets-extra,39
Idiot - Eye Of The Hurricane (Remix 2) ,presets-extra,39
Idiot - Flux (Crazy Mix),presets-extra,39
Idiot - Flux (Tweak Mix),presets-extra,39
Idiot - Fractal Fun,presets-extra,39
Idiot - Fractal Fun (Holy Water Mix),presets-extra,39
Idiot - Great Tulip Majesty (Txtr Wrap Mix),presets-extra,39
Idiot - Hall Of Reflections,presets-extra,39
Idiot - Hall Of Reflections (Astral Visions Inside The Fracta Mixl),presets-extra,39
Idiot - Hall Of Reflections (Astral Visions Mix),presets-extra,39
Idiot - Hall Of Reflections (Dual Reflection Mix),presets-extra,39
Idiot - Hall Of Reflections (Inside The Fractal Mix 2),presets-extra,39
Idiot - Hall Of Reflections (Inside The Fractal Mix),presets-extra,39
Idiot - Hall Of Reflections (Marphet's Tornado Mix),presets-extra,39
Idiot - Havoc Moon,presets-extra,39
Idiot - MOTIVATION!,presets-extra,39
Idiot - Madness Within The Void (Remix 2),presets-extra,39
Idiot - Marphets Surreal Dream (Hypnotic Spiral Mix),butterchurnPresetsMD1,
Idiot - Marphets Surreal Dream (Looming Madness Mix),presets-extra,39
Idiot - Merchandise,presets-extra,39
Idiot - Mindless Sarcasm,presets-extra,39
Idiot - Nothing Yet Intro,presets-extra,39
Idiot - Nu Space,presets-extra,39
Idiot - Remnants Of The Castle (Unfinished),presets-extra,39
Idiot - Sanctum,presets-extra,39
Idiot - Scrambled Eggs,presets-extra,39
Idiot - Scrambled Eggs (More Reactive (Oops) Mix),presets-extra,39
Idiot - Scrambled Eggs (More Reactive Mix),presets-extra,39
Idiot - Scrambled Eggs (Oops Mix),presets-extra,39
Idiot - Scrambled Eggs (Remix),presets-extra,39
Idiot - Session 09,presets-extra,39
Idiot - Shifting Squares Of Idiot,presets-extra,39
Idiot - Sinful Code (Unchained Style Mix 2),presets-extra,39
Idiot - Sinful Code (Unchained Style Mix),presets-extra,39
Idiot - Slow-Motion Machine,presets-extra,39
Idiot - Slow-Motion Machine (HyperSpace Color Mix),presets-extra,39
Idiot - Slow-Motion Machine (Marphets Darkened Soul Mix),presets-extra,39
Idiot - Some Big Word I Learned,presets-extra,39
Idiot - Star Of Annon,butterchurnPresets,
Idiot - Subnormal Trance (Remix),presets-extra,39
Idiot - TV Store,presets-extra,39
Idiot - TV Store (Remix),presets-extra,40
Idiot - Tectonic Hell,presets-extra,40
Idiot - Tectonic Hell (Remix 2),presets-extra,40
Idiot - Tectonic Hell (Remix),presets-extra,40
Idiot - Tectonic Shift ,presets-extra,40
Idiot - Tectonic Shift (Remix),presets-extra,40
Idiot - Texture Boxes,presets-extra,40
Idiot - Texture Boxes (Remix 2),presets-extra,40
Idiot - Texture Boxes (Remix),presets-extra,40
Idiot - The Worst Of The Pack,presets-extra,40
Idiot - Typomatic,presets-extra,40
Idiot - Typomatic (Laser Fun Remix),presets-extra,40
Idiot - Typomatic (Remix 2),presets-extra,40
Idiot - Typomatic Dyslexia,presets-extra,40
Idiot - Un-stable Core,presets-extra,40
Idiot - Version 4,presets-extra,40
Idiot - Version 4 (Remix),presets-extra,40
Idiot - Waterfalls,presets-extra,40
Idiot - Waterfalls (Remix 2),presets-extra,40
Idiot - Waterfalls (Remix),presets-extra,40
Idiot - What Is,presets-extra,40
Idiot - What Shall Come,presets-extra,40
Idiot - When I Get Bored,presets-extra,40
Idiot 24-7 & Rovastar - Electromagnetic Discharge (New Energy Mix),presets-extra,40
Idiot&Boz-Superk.....Mod,presets-extra,40
Idiot&Che-VariousAbstractEffects(Remi,presets-extra,40
Idiot&Rovastar-AltarsOfMadness2(X.42M,presets-extra,40
Idiot&Rovastar-HarlequinTrappedinMar0,presets-extra,40
Idiot&Rovastar-Rainpainting(CaveRemi,presets-extra,40
Idiot&Rovastar-Rainpainting(CaveRemix,presets-extra,40
Idiot&Rovastar-Sully'sTrip(GoneWorseM,presets-extra,40
Idiot&Zylot-BlockOfSound(CrazyFactal0,presets-extra,40
Idiot&Zylot-BlockOfSound(CrazyFactalM,presets-extra,40
Idiot&Zylot-BlockOfSound(WorkDammitMi,presets-extra,40
Idiot&Zylot-ForceFeildGeneratorv2.0,presets-extra,40
Idiot&Zylot-ForceFeildGeneratorv3.0,presets-extra,40
Idiot&Zylot-HallOfReflections(Seeker',presets-extra,40
Idiot&Zylot-HallOfReflections(Unknown,presets-extra,40
Idiot&Zylot-Ithinkthesquare...,presets-extra,40
Idiot&Zylot-UnhealthyLove(Idiot'sSTDs,presets-extra,40
Idiot&boz-superk....mod,presets-extra,40
Idiot&che-colortrap(remix),presets-extra,40
Idiot&che-variousabstracteffec(remix),presets-extra,40
Idiot&che-variousabstracteffects,presets-extra,40
Idiot&lightspeed-dune(remix),presets-extra,40
Idiot&rovastar-altarsofmadne2(x42mix),presets-extra,40
Idiot&rovastar-cosmicmantas,presets-extra,40
Idiot&rovastar-harlequintrappedinmar2,presets-extra,40
Idiot&rovastar-harlequintrappedinmarp,presets-extra,40
Idiot&rovastar-rainpaintin(caveremix),presets-extra,40
Idiot&rovastar-rainpainting(c(remix2),presets-extra,40
Idiot&rovastar-rainpainting(ca(remix),presets-extra,40
Idiot&rovastar-sullystr(goneworsemix),presets-extra,40
Idiot&unchained-oddnezz(insidemyselfm,presets-extra,40
Idiot&unchained-oddnezzabstractart,presets-extra,40
Idiot&zylot-blockofso(crazyfactalmix),presets-extra,40
Idiot&zylot-blockofsou(workdammitmix),presets-extra,40
Idiot&zylot-blockofsound(crazyfacta2),presets-extra,40
Idiot&zylot-focalpoint,presets-extra,40
Idiot&zylot-forcefeildgeneratorv20,presets-extra,40
Idiot&zylot-forcefeildgeneratorv30,presets-extra,40
Idiot&zylot-hallofref(unknownexitmix),presets-extra,40
Idiot&zylot-hallofreflections(melting,presets-extra,40
Idiot&zylot-ithinkthesquare..,presets-extra,40
Idiot&zylot-unhealthyl(idiotsstdsmix),presets-extra,40
Idiot-2presetsin1,presets-extra,40
Idiot-9-7-02,presets-extra,40
Idiot-9-7-02(remix),presets-extra,40
Idiot-9-7-02(remix2),presets-extra,40
Idiot-9-7-02(tweak),presets-extra,40
Idiot-AlternatingWave(BorderMix1.1),presets-extra,40
Idiot-AlternatingWave(BorderMix1.2),presets-extra,40
Idiot-BeforeSchoolFun(AlienSymbols,presets-extra,40
Idiot-BeforeSchoolFun(AlienSymbolsM,presets-extra,40
Idiot-BeforeSchoolFun(AlienSymbolsMi,presets-extra,40
Idiot-HallOfReflections(InsideTheFra0,presets-extra,40
Idiot-HallOfReflections(Marphet'sTorn,presets-extra,40
Idiot-MOTIVATION!,presets-extra,40
Idiot-ScrambledEggs(MoreReactive(Oops,presets-extra,40
Idiot-Waterfalls(Remix00,presets-extra,40
Idiot-abstraciphobia,presets-extra,40
Idiot-abstraciphobia(supergridmix),presets-extra,40
Idiot-alphagrid,presets-extra,40
Idiot-alphagrid2,presets-extra,40
Idiot-alternatingwave(bordermix1),presets-extra,40
Idiot-alternatingwave(bordermix11),presets-extra,40
Idiot-alternatingwave(bordermix12),presets-extra,40
Idiot-anotherdepressingpreset,presets-extra,40
Idiot-anotherdepressingpreset(remix),presets-extra,40
Idiot-anotherdepressingpreset(remix2),presets-extra,40
Idiot-aphexskin,presets-extra,40
Idiot-aphexskin(abitmoremix),presets-extra,40
Idiot-aphexskin(diamondremix),presets-extra,40
Idiot-aphexskin(remix),presets-extra,40
Idiot-aphexskin(remix2),presets-extra,40
Idiot-appallingcode,presets-extra,40
Idiot-appallingcode(lightshowremix),presets-extra,40
Idiot-appallingcode(remix),presets-extra,40
Idiot-area03,presets-extra,40
Idiot-area03(restrictedzonemix),presets-extra,40
Idiot-awayfromthenorm,presets-extra,40
Idiot-awayfromthenorm(dafhimix),presets-extra,40
Idiot-beforeschoolfun,presets-extra,40
Idiot-beforeschoolfun(abstractartmix),presets-extra,40
Idiot-beforeschoolfun(aliensymbolsm2),presets-extra,40
Idiot-beforeschoolfun(aliensymbolsm3),presets-extra,40
Idiot-beforeschoolfun(aliensymbolsm4),presets-extra,40
Idiot-beforeschoolfun(aliensymbolsmix,presets-extra,40
Idiot-beforeschoolfun(puzzlepeicesmix,presets-extra,40
Idiot-beforeschoolfun(remix),presets-extra,40
Idiot-beforeschoolfun(remix2),presets-extra,40
Idiot-beforeschoolfun(remix3),presets-extra,40
Idiot-beforeschoolfun(remix4),presets-extra,40
Idiot-beforeschoolfun(remix5),presets-extra,40
Idiot-cortex,presets-extra,40
Idiot-cortex(spiritualvisionsmix),presets-extra,40
Idiot-cortex(spiritualvisionsmix2),presets-extra,40
Idiot-diamonfactory,presets-extra,40
Idiot-diamonfactory(remix),presets-extra,40
Idiot-dwarfofannon(beforethestar),presets-extra,40
Idiot-eyeofthehurricane,presets-extra,40
Idiot-eyeofthehurricane(remix),presets-extra,40
Idiot-eyeofthehurricane(remix2),presets-extra,40
Idiot-flux,presets-extra,40
Idiot-flux(crazymix),presets-extra,40
Idiot-flux(tweakmix),presets-extra,40
Idiot-flux2,presets-extra,40
Idiot-fortysixand2,presets-extra,41
Idiot-fortysixand2(lategoodbyemix),presets-extra,41
Idiot-fortysixand2(pushit),presets-extra,41
Idiot-fractalfun,presets-extra,41
Idiot-fractalfun(holywatermix),presets-extra,41
Idiot-greattulipmajesty,presets-extra,41
Idiot-greattulipmajesty(remix),presets-extra,41
Idiot-greattulipmajesty(txtrwrapmix),presets-extra,41
Idiot-hallofreflections,presets-extra,41
Idiot-hallofreflections(astralvision,presets-extra,41
Idiot-hallofreflections(astralvisions,presets-extra,41
Idiot-hallofreflections(dualreflectio,presets-extra,41
Idiot-hallofreflections(insidethefr2),presets-extra,41
Idiot-hallofreflections(insidethefrac,presets-extra,41
Idiot-hallofreflections(marphetstorna,presets-extra,41
Idiot-havocmoon,presets-extra,41
Idiot-madnesswithinthevoid,presets-extra,41
Idiot-madnesswithinthevoid(remix),presets-extra,41
Idiot-madnesswithinthevoid(remix2),presets-extra,41
Idiot-manifestation,presets-extra,41
Idiot-marphetssurrealdream(hypnoticsp,presets-extra,41
Idiot-marphetssurrealdream(loomingmad,presets-extra,41
Idiot-merchandise,presets-extra,41
Idiot-mindlesssarcasm,presets-extra,41
Idiot-motivation,presets-extra,41
Idiot-nothingyetintro,presets-extra,41
Idiot-nucleus,presets-extra,41
Idiot-nuspace,presets-extra,41
Idiot-oldskoolblendremake,presets-extra,41
Idiot-onalowerlevel,presets-extra,41
Idiot-quadfractal,presets-extra,41
Idiot-randomwatercolours,presets-extra,41
Idiot-randomwatercolours(justifymystu,presets-extra,41
Idiot-randomwatercolours(remix),presets-extra,41
Idiot-remnantsofthecastle(unfinished),presets-extra,41
Idiot-sanctum,presets-extra,41
Idiot-scrambledeggs,presets-extra,41
Idiot-scrambledeggs(morereactiv(oops),presets-extra,41
Idiot-scrambledeggs(morereactivemix),presets-extra,41
Idiot-scrambledeggs(oopsmix),presets-extra,41
Idiot-scrambledeggs(remix),presets-extra,41
Idiot-session09,presets-extra,41
Idiot-shadowsofannon,presets-extra,41
Idiot-shiftingsquaresofidiot,presets-extra,41
Idiot-sinfulcode,presets-extra,41
Idiot-sinfulcode(deadlymist),presets-extra,41
Idiot-sinfulcode(unchainedstylemix),presets-extra,41
Idiot-sinfulcode(unchainedstylemix2),presets-extra,41
Idiot-slow-motionmachine,presets-extra,41
Idiot-slow-motionmachine(hyperspaceco,presets-extra,41
Idiot-slow-motionmachine(marphetsdark,presets-extra,41
Idiot-somebigwordilearned,presets-extra,41
Idiot-spectrum,presets-extra,41
Idiot-starofannon,presets-extra,41
Idiot-subnormaltrance,presets-extra,41
Idiot-subnormaltrance(remix),presets-extra,41
Idiot-tectonichell,presets-extra,41
Idiot-tectonichell(remix),presets-extra,41
Idiot-tectonichell(remix2),presets-extra,41
Idiot-tectonicshift,presets-extra,41
Idiot-tectonicshift(remix),presets-extra,41
Idiot-teenagedreams,presets-extra,41
Idiot-textureboxes,presets-extra,41
Idiot-textureboxes(remix),presets-extra,41
Idiot-textureboxes(remix2),presets-extra,41
Idiot-theworstofthepack,presets-extra,41
Idiot-timeforbed,presets-extra,41
Idiot-timeforbed(remix),presets-extra,41
Idiot-timeforbed(remix2),presets-extra,41
Idiot-tvstore,presets-extra,41
Idiot-tvstore(remix),presets-extra,41
Idiot-typomatic,presets-extra,41
Idiot-typomatic(laserfunremix),presets-extra,41
Idiot-typomatic(remix),presets-extra,41
Idiot-typomatic(remix2),presets-extra,41
Idiot-typomatic(remix3),presets-extra,41
Idiot-un-stablecore,presets-extra,41
Idiot-unhealthylove,presets-extra,41
Idiot-verbalassaualt,presets-extra,41
Idiot-version3,presets-extra,41
Idiot-version4,presets-extra,41
Idiot-version4(remix),presets-extra,41
Idiot-waterfall(remix2),presets-extra,41
Idiot-waterfalls,presets-extra,41
Idiot-waterfalls(remix),presets-extra,41
Idiot-waterfalls(remix2),presets-extra,41
Idiot-whatis,presets-extra,41
Idiot-whatneverwas,presets-extra,41
Idiot-whatoncewas,presets-extra,41
Idiot-whatshallcome,presets-extra,41
Idiot-whenigetbored,presets-extra,41
Idiot24-7 & EvilJim - Fireplace (Better Flame Mix),presets-extra,41
Idiot24-7 & Fvese - Chess Pie,presets-extra,41
Idiot24-7 & Fvese - Dark Regression,presets-extra,41
Idiot24-7 & Fvese - Life In A Box,presets-extra,41
Idiot24-7 & Illusion - A New Eye,presets-extra,41
Idiot24-7 & Illusion - Bad Writing,presets-extra,41
Idiot24-7 & Illusion - Chrome Swirl,presets-extra,41
Idiot24-7 & Illusion - Electric Touch Ball,presets-extra,41
Idiot24-7 & Illusion - Rave (Living Ka Mix),presets-extra,41
Idiot24-7 & Illusion - Shadow Tremor 22,presets-extra,41
Idiot24-7 & Illusion - Think On It,presets-extra,41
Idiot24-7 & Krash  - Rainpainting vs Cyberia 1,presets-extra,41
Idiot24-7 & Krash  - Rainpainting vs Cyberia 2,presets-extra,41
Idiot24-7 & Krash  - Rainpainting vs Cyberia 3,presets-extra,41
Idiot24-7 & Krash - Dazzling Fury,presets-extra,41
Idiot24-7 & Krash - Disappearing Wave,presets-extra,41
Idiot24-7 & Krash - Don't Ask Me,presets-extra,41
Idiot24-7 & Krash - Indecisive Mosaic (Abstract Mix 2),presets-extra,41
Idiot24-7 & Krash - Indecisive Mosaic (Abstract Mix),presets-extra,41
Idiot24-7 & Krash - Indecisive Mosaic (Color Inside Mix),presets-extra,41
Idiot24-7 & Krash - Indecisive Mosaic (Laser Beam Mix),presets-extra,41
Idiot24-7 & Rovastar - A Million Miles From Earth (Twisted Path Mix),presets-extra,41
Idiot24-7 & Rovastar - Abstract Psychaos,presets-extra,41
Idiot24-7 & Rovastar - Abstract Psychaos (Dot Mix),presets-extra,41
Idiot24-7 & Rovastar - Bass Tube Of Light (Blistered Eyes Mix),presets-extra,41
Idiot24-7 & Rovastar - Bass Tube Of Light (Unreliable Source Mix 1),presets-extra,41
Idiot24-7 & Rovastar - Bass Tube Of Light (Unreliable Source Mix 2),presets-extra,41
Idiot24-7 & Rovastar - Better Off Alone 1,presets-extra,41
Idiot24-7 & Rovastar - Better Off Alone 2,presets-extra,41
Idiot24-7 & Rovastar - Cosmic Echoes (Remix),presets-extra,41
Idiot24-7 & Rovastar - Galaxy,presets-extra,41
Idiot24-7 & Rovastar - Harlequin Gone Bad,presets-extra,41
Idiot24-7 & Rovastar - Harlequin Is God,presets-extra,41
Idiot24-7 & Rovastar - Harlequin On Drugs,presets-extra,41
Idiot24-7 & Rovastar - Hyper Ball Wrap 1,presets-extra,41
Idiot24-7 & Rovastar - Hyper Ball Wrap 2,presets-extra,41
Idiot24-7 & Rovastar - Self-Destruct,presets-extra,41
Idiot24-7 & Rovastar - The New Source,presets-extra,42
Idiot24-7 & Unchained - A Little Too Unchainedish,presets-extra,42
Idiot24-7 & Unchained - Celestial Moon,presets-extra,42
Idiot24-7 & Unchained - I Don't Get It,presets-extra,42
Idiot24-7 & Unchained - Mind Bending Beat Demo,presets-extra,42
Idiot24-7 & Unchained - NES Cartridge,presets-extra,42
Idiot24-7 & Unchained - Nuclear Reactor,presets-extra,42
Idiot24-7 & Unchained - Who The Hell Is Morat 1,presets-extra,42
Idiot24-7 & Unchained - Who The Hell Is Morat 2,presets-extra,42
Idiot24-7 & Unchained - Your Second preset,presets-extra,42
Idiot24-7 & Zylot - A Star Is Born,presets-extra,42
Idiot24-7 & Zylot - I think the square on top of cool shape in the world!!,presets-extra,42
Idiot24-7 & Zylot - I think the square...,presets-extra,42
Idiot24-7 & Zylot - Narell's New Tower,presets-extra,42
Idiot24-7 & Zylot - Narell's new tower (Under Attack Mix),presets-extra,42
Idiot24-7 & Zylot - Orb of Worlds,presets-extra,42
Idiot24-7 & Zylot - Path To Hell (Harlequin's Demise Mix),presets-extra,42
Idiot24-7 & Zylot - Pulsar,presets-extra,42
Idiot24-7 & Zylot - Rainbow Planet's Last Breath,presets-extra,42
Idiot24-7 & Zylot - Rainbow Planet's Last Breath (Explosion Eminent),presets-extra,42
Idiot24-7 & Zylot - Why,presets-extra,42
Idiot24-7 & Zylot- Shift Of Reality (Dimensional Rip A Mix),presets-extra,42
Idiot24-7 & Zylot- Shift Of Reality (Dimensional Rip Mix),presets-extra,42
Idiot24-7 & sysRq - The Rotor Project (Bass Reflex Mix),presets-extra,42
Idiot24-7 & sysRq - The Rotor Project (Bass Reflex Motion Mix),presets-extra,42
Idiot24-7 & sysRq - The Rotor Project (Bass Reflex Zoom Mix),presets-extra,42
Idiot24-7 & sysRq - The Rotor Project (Elvis AVS Original Mix),presets-extra,42
Idiot24-7 & sysRq - The Rotor Project (Free Rotation Mix),presets-extra,42
Idiot24-7 & sysRq - The Rotor Project (Treble Reflex Mix),presets-extra,42
Idiot24-7 & sysRq - The Rotor Project (Treble Reflex Zoom Mix 2),presets-extra,42
Idiot24-7 & sysRq - The Rotor Project (Treble Reflex Zoom Mix 3),presets-extra,42
Idiot24-7 & sysRq - The Rotor Project (Treble Reflex Zoom Mix),presets-extra,42
Idiot24-7 & sysRq - The Rotor Project (Treble Zoom Mix),presets-extra,42
Idiot24-7 & theaftershock - A New Afterlife (Idiot's Overhaul Mix),presets-extra,42
Idiot24-7 - Absctract Goo,presets-extra,42
Idiot24-7 - Abstract 1,presets-extra,42
Idiot24-7 - Alternating Wave (Border Mix 1),presets-extra,42
Idiot24-7 - Alternating Wave (Border Mix 1) (remix 2),presets-extra,42
Idiot24-7 - Alternating Wave (Border Mix 1)(remix),presets-extra,42
Idiot24-7 - Ascending To Heaven 1,presets-extra,42
Idiot24-7 - Ascending to heaven,presets-extra,42
Idiot24-7 - Ascending to heaven 2,presets-extra,42
Idiot24-7 - Black Hole (Dynamic Wave 1),presets-extra,42
Idiot24-7 - Black Hole (Dynamic Wave 2),presets-extra,42
Idiot24-7 - Black Hole (Dynamic Wave 3),presets-extra,42
Idiot24-7 - Black Hole (Dynamic Wave),presets-extra,42
Idiot24-7 - Black Hole 2,presets-extra,42
Idiot24-7 - Blue Flame,presets-extra,42
Idiot24-7 - By George,presets-extra,42
Idiot24-7 - Can We Stop Now,presets-extra,42
Idiot24-7 - Chaos,presets-extra,42
Idiot24-7 - Collapsed Static 1,presets-extra,42
Idiot24-7 - Collapsed Static 2,presets-extra,42
Idiot24-7 - Core Of All Meaning 1,presets-extra,42
Idiot24-7 - Deadly Skies,presets-extra,42
Idiot24-7 - Devil Calling,presets-extra,42
Idiot24-7 - Distorted Chaos,presets-extra,42
Idiot24-7 - Do you like me,presets-extra,42
Idiot24-7 - Double Swirl,presets-extra,42
Idiot24-7 - Even More Abstract,presets-extra,42
Idiot24-7 - Falling in Nothingness,presets-extra,42
Idiot24-7 - Fault The Police,presets-extra,42
Idiot24-7 - Fault The Police (Fading Mix),presets-extra,42
Idiot24-7 - Fight Scene Background,presets-extra,42
Idiot24-7 - Flame Of Colors,presets-extra,42
Idiot24-7 - Flicker,presets-extra,42
Idiot24-7 - Gas Chamber (Unchained Beat Code),presets-extra,42
Idiot24-7 - Getting There,presets-extra,42
Idiot24-7 - Ghostly Figures,presets-extra,42
Idiot24-7 - Ghostly Figures 2,presets-extra,42
Idiot24-7 - Goht's Third eye,presets-extra,42
Idiot24-7 - Grid Of All Knowing,presets-extra,42
Idiot24-7 - Grid Of All Knowing 2,presets-extra,42
Idiot24-7 - Groovy,presets-extra,42
Idiot24-7 - Hazy Lifestyle,presets-extra,42
Idiot24-7 - Hazy Lifestyle (Much To Hazy Mix),presets-extra,42
Idiot24-7 - Heaven Rejected,presets-extra,42
Idiot24-7 - Heaven has rejected you,presets-extra,42
Idiot24-7 - Hell's Gate,presets-extra,42
Idiot24-7 - Hell's Gate (bigger),presets-extra,42
Idiot24-7 - Hell's Gate 1,presets-extra,42
Idiot24-7 - Hell's Gate 2,presets-extra,42
Idiot24-7 - Hippies,presets-extra,42
Idiot24-7 - Hyper Ball Remix,presets-extra,42
Idiot24-7 - Hyper Ball Remix 1,presets-extra,42
Idiot24-7 - Hyper Ball Remix 2,presets-extra,42
Idiot24-7 - Hyper Ball Swirl,presets-extra,42
Idiot24-7 - Hyper Travel,presets-extra,42
Idiot24-7 - Hyper Travel (Solarized Mix),presets-extra,42
Idiot24-7 - I Love,presets-extra,42
Idiot24-7 - I think im getting there,presets-extra,42
Idiot24-7 - Icy Hell (Tweak 1),presets-extra,42
Idiot24-7 - Icy Hell (Tweak 2),presets-extra,42
Idiot24-7 - Icy Hell (Vector Drift Mix),presets-extra,42
Idiot24-7 - Idiot's Accident 1,presets-extra,42
Idiot24-7 - Idiot's Accident 2,presets-extra,42
Idiot24-7 - Idiot's Alter Ego,presets-extra,42
Idiot24-7 - Idiot's Alter Ego Gone Bad,presets-extra,42
Idiot24-7 - Idiot's Bass Effect Mod,presets-extra,42
Idiot24-7 - Idiot's Rainbow Tube 1,presets-extra,42
Idiot24-7 - Idiot's Rainbow Tube 2,presets-extra,42
Idiot24-7 - In Your Face 1,presets-extra,42
Idiot24-7 - In Your Face 2,presets-extra,42
Idiot24-7 - Inner Self,presets-extra,42
Idiot24-7 - Inner Self (Mixed Desires 2 Mix),presets-extra,42
Idiot24-7 - Inner Self (Mixed Desires Mix),presets-extra,42
Idiot24-7 - Inner Self (Unknown Feelings 2 Mix),presets-extra,42
Idiot24-7 - Inner Self (Unknown Feelings Mix),presets-extra,42
Idiot24-7 - It's A Ghost,presets-extra,42
Idiot24-7 - Just Plain Cool 1,presets-extra,42
Idiot24-7 - Just plain cool,presets-extra,42
Idiot24-7 - Just plain cool 2,presets-extra,42
Idiot24-7 - Just plain cool 3,presets-extra,42
Idiot24-7 - Late Night Chat,presets-extra,42
Idiot24-7 - Late Night Chat (Texture Wrap Off Mix),presets-extra,42
Idiot24-7 - Late Night Chat 2,presets-extra,42
Idiot24-7 - Living Sound (T-Wave Mix),presets-extra,42
Idiot24-7 - Living Sound (Travelling Accident Mix 1),presets-extra,42
Idiot24-7 - Living Sound (Travelling Accident Mix 2) ,presets-extra,42
Idiot24-7 - Marphet's Awakening,presets-extra,42
Idiot24-7 - Marphet's Eye,presets-extra,42
Idiot24-7 - Marphet's Meteor,presets-extra,42
Idiot24-7 - Marphet's Vortex,presets-extra,42
Idiot24-7 - Marphet's Vortex Collapsing,presets-extra,42
Idiot24-7 - Marphet's Weapon,presets-extra,42
Idiot24-7 - Maybe A Fractal,presets-extra,42
Idiot24-7 - Meeting place,presets-extra,43
Idiot24-7 - Milk & Cookies,presets-extra,43
Idiot24-7 - Mimic,presets-extra,43
Idiot24-7 - Mimic 2,presets-extra,43
Idiot24-7 - Mind Bender 1,presets-extra,43
Idiot24-7 - Mind Bender 2,presets-extra,43
Idiot24-7 - Mind Bender 3,presets-extra,43
Idiot24-7 - Mind Bender 4,presets-extra,43
Idiot24-7 - Mind Bender 5 ,presets-extra,43
Idiot24-7 - Mind Bender 6 (The Last Revelation Mix),presets-extra,43
Idiot24-7 - Mind Bender 7 (Super Bend Mix 1),presets-extra,43
Idiot24-7 - Mind Bender 7 (Super Bend Mix 2),presets-extra,43
Idiot24-7 - Mind Bender 7 (Super Bend Mix 3),presets-extra,43
Idiot24-7 - Mixed Emotions (More Sad Times Mix),presets-extra,43
Idiot24-7 - More Turbulent,presets-extra,43
Idiot24-7 - Morphing Grid ,presets-extra,43
Idiot24-7 - Morphing Grid (Unreleased Mix 1),presets-extra,43
Idiot24-7 - Morphing Grid (Unreleased Mix 2),presets-extra,43
Idiot24-7 - Morphing Grid (Unreleased Mix 3),presets-extra,43
Idiot24-7 - Morphing Grid 2,presets-extra,43
Idiot24-7 - Morphing Grid 3,presets-extra,43
Idiot24-7 - My Best Yet,presets-extra,43
Idiot24-7 - My Best Yet (Solar Mix),presets-extra,43
Idiot24-7 - Mysterious Raving Landscape (Mysterious Foreground Shift),presets-extra,43
Idiot24-7 - Nebula 1,presets-extra,43
Idiot24-7 - New Flavor,presets-extra,43
Idiot24-7 - New Flavor (Eye Tunnel Mix),presets-extra,43
Idiot24-7 - New Flavor (Uncontrolled Mix),presets-extra,43
Idiot24-7 - Nocturnal illusion,presets-extra,43
Idiot24-7 - Only 14,presets-extra,43
Idiot24-7 - Pain,presets-extra,43
Idiot24-7 - Phenoix Awakens,presets-extra,43
Idiot24-7 - Prophecy 1,presets-extra,43
Idiot24-7 - Psychadelic 1,presets-extra,43
Idiot24-7 - Psychadelic 2,presets-extra,43
Idiot24-7 - Pulsar,presets-extra,43
Idiot24-7 - Pushing The Limit (Breaking Point Mix),presets-extra,43
Idiot24-7 - Rainbow Blade (Idiots Accidental Coolness 1),presets-extra,43
Idiot24-7 - Random Thoughts (More colorful thoughts Mix),presets-extra,43
Idiot24-7 - Ripoff 1,presets-extra,43
Idiot24-7 - Ripoff 2,presets-extra,43
Idiot24-7 - Ripoff 3,presets-extra,43
Idiot24-7 - Ripoff 4,presets-extra,43
Idiot24-7 - Rotor Attempt (Elvis Original Mix),presets-extra,43
Idiot24-7 - Satan is calling you....,presets-extra,43
Idiot24-7 - Shake,presets-extra,43
Idiot24-7 - Shattered Dreams 1,presets-extra,43
Idiot24-7 - Shifting Tunnel Of Light,presets-extra,43
Idiot24-7 - Simplicity Is The Key (Inverted Mix),presets-extra,43
Idiot24-7 - Solice Of The Mind,presets-extra,43
Idiot24-7 - Space Rave (Vector Mix),presets-extra,43
Idiot24-7 - Speaker (Wave Mix),presets-extra,43
Idiot24-7 - Stained Glass Window,presets-extra,43
Idiot24-7 - Strobe (Crazy Lines Mix 1),presets-extra,43
Idiot24-7 - Strobe (Crazy Lines Mix 2),presets-extra,43
Idiot24-7 - The Blob,presets-extra,43
Idiot24-7 - The Monkey Ate It,presets-extra,43
Idiot24-7 - Too Good.....,presets-extra,43
Idiot24-7 - Trail Of Destruction (Crazy Bubbles Mix),presets-extra,43
Idiot24-7 - Trail Of Destruction 2 (Dual Ego Mix),presets-extra,43
Idiot24-7 - Tri Wave 1,presets-extra,43
Idiot24-7 - Trip,presets-extra,43
Idiot24-7 - Trippin' 1,presets-extra,43
Idiot24-7 - Trippin' 2,presets-extra,43
Idiot24-7 - Trippy Rings,presets-extra,43
Idiot24-7 - Try This On,presets-extra,43
Idiot24-7 - Turbulence,presets-extra,43
Idiot24-7 - Turbulence Shrink Wrap,presets-extra,43
Idiot24-7 - Velvet Road,presets-extra,43
Idiot24-7 - Version 1,presets-extra,43
Idiot24-7 - Vertigo (No Alpha Mix),presets-extra,43
Idiot24-7 - Virus In The System,presets-extra,43
Idiot24-7 - Weird Cartoon,presets-extra,43
Idiot24-7 - Whale,presets-extra,43
Idiot24-7 - Which Way,presets-extra,43
Idiot24-7 - Wrapped On A Ball,presets-extra,43
Idiot24-7 - Wrapped on a Ball.,presets-extra,43
Idiot24-7 - Xeon's Meteor,presets-extra,43
Idiot24-7 - Xeons Portal,presets-extra,43
Idiot24-7 - Xeons Portal (Unstable Mix),presets-extra,43
Idiot24-7 - Zork,presets-extra,43
Idiot24-7 - i-love,presets-extra,43
Idiot24-7 -....Siitting here....,presets-extra,43
Idiot24-7 and Rovastar - Hyper Ball Wrap rmx by idiot,presets-extra,43
Idiot24-7 and Rovastar - Seismic Shift,presets-extra,43
Idiot24-7&EvilJim-Fireplace(BetterFla,presets-extra,43
Idiot24-7&Krash-Don'tAskMe,presets-extra,43
Idiot24-7&Krash-IndecisiveMosaic(Abs0,presets-extra,43
Idiot24-7&Krash-IndecisiveMosaic(Abst,presets-extra,43
Idiot24-7&Krash-IndecisiveMosaic(Colo,presets-extra,43
Idiot24-7&Krash-IndecisiveMosaic(Lase,presets-extra,43
Idiot24-7&Krash-RainpaintingvsCyber,presets-extra,43
Idiot24-7&Krash-RainpaintingvsCyberi,presets-extra,43
Idiot24-7&Krash-RainpaintingvsCyberia,presets-extra,43
Idiot24-7&Rovastar-AMillionMilesFromE,presets-extra,43
Idiot24-7&Rovastar-AbstractPsychaos(D,presets-extra,43
Idiot24-7&Rovastar-BassTubeOfLight(Bl,presets-extra,43
Idiot24-7&Rovastar-BassTubeOfLight(U0,presets-extra,43
Idiot24-7&Rovastar-BassTubeOfLight(Un,presets-extra,43
Idiot24-7&Rovastar-CosmicEchoes(Remix,presets-extra,43
Idiot24-7&Rovastar-ElectromagneticDis,presets-extra,43
Idiot24-7&Unchained-IDon'tGetIt,presets-extra,43
Idiot24-7&Unchained-WhoTheHellIsMora,presets-extra,43
Idiot24-7&Unchained-WhoTheHellIsMorat,presets-extra,43
Idiot24-7&Zylot-Ithinkthesquare...,presets-extra,43
Idiot24-7&Zylot-Narell'sNewTower,presets-extra,43
Idiot24-7&Zylot-Narell'snewtower(Unde,presets-extra,43
Idiot24-7&Zylot-PathToHell(Harlequin',presets-extra,43
Idiot24-7&Zylot-RainbowPlanet'sLastB0,presets-extra,43
Idiot24-7&Zylot-RainbowPlanet'sLastBr,presets-extra,43
Idiot24-7&Zylot-ShiftOfReality(Dimen0,presets-extra,43
Idiot24-7&eviljim-fir(betterflamemix),presets-extra,43
Idiot24-7&fvese-chesspie,presets-extra,43
Idiot24-7&fvese-darkregression,presets-extra,43
Idiot24-7&illusion-aneweye,presets-extra,43
Idiot24-7&illusion-badwriting,presets-extra,43
Idiot24-7&illusion-chromeswirl,presets-extra,43
Idiot24-7&illusion-electrictouchball,presets-extra,43
Idiot24-7&illusion-rave(livingkamix),presets-extra,43
Idiot24-7&illusion-thinkonit,presets-extra,43
Idiot24-7&krash-dazzlingfury,presets-extra,43
Idiot24-7&krash-disappearingwave,presets-extra,43
Idiot24-7&krash-dontaskme,presets-extra,43
Idiot24-7&krash-indec(colorinsidemix),presets-extra,43
Idiot24-7&krash-indecis(abstractmix2),presets-extra,43
Idiot24-7&krash-indecis(laserbeammix),presets-extra,43
Idiot24-7&krash-indecisi(abstractmix),presets-extra,43
Idiot24-7&krash-rainpaintingvscyberi1,presets-extra,44
Idiot24-7&krash-rainpaintingvscyberi2,presets-extra,44
Idiot24-7&krash-rainpaintingvscyberi3,presets-extra,44
Idiot24-7&rovastar-(blisteredeyesmix),presets-extra,44
Idiot24-7&rovastar-abstractps(dotmix),presets-extra,44
Idiot24-7&rovastar-abstractpsychaos,presets-extra,44
Idiot24-7&rovastar-am(twistedpathmix),presets-extra,44
Idiot24-7&rovastar-basstubeoflight(1),presets-extra,44
Idiot24-7&rovastar-basstubeoflight(2),presets-extra,44
Idiot24-7&rovastar-betteroffalone1,presets-extra,44
Idiot24-7&rovastar-betteroffalone2,presets-extra,44
Idiot24-7&rovastar-cosmicechoe(remix),presets-extra,44
Idiot24-7&rovastar-elec(newenergymix),presets-extra,44
Idiot24-7&rovastar-galaxy,presets-extra,44
Idiot24-7&rovastar-harlequingonebad,presets-extra,44
Idiot24-7&rovastar-harlequinisgod,presets-extra,44
Idiot24-7&rovastar-harlequinondrugs,presets-extra,44
Idiot24-7&rovastar-hyperballwrap1,presets-extra,44
Idiot24-7&rovastar-hyperballwrap2,presets-extra,44
Idiot24-7&rovastar-self-destruct,presets-extra,44
Idiot24-7&rovastar-thenewsource,presets-extra,44
Idiot24-7&sysRq-TheRotorProject(Bass,presets-extra,44
Idiot24-7&sysRq-TheRotorProject(Bass0,presets-extra,44
Idiot24-7&sysRq-TheRotorProject(Color,presets-extra,44
Idiot24-7&sysRq-TheRotorProject(FreeR,presets-extra,44
Idiot24-7&sysRq-TheRotorProject(Movem,presets-extra,44
Idiot24-7&sysRq-TheRotorProject(Tr,presets-extra,44
Idiot24-7&sysRq-TheRotorProject(Tre,presets-extra,44
Idiot24-7&sysRq-TheRotorProject(Treb,presets-extra,44
Idiot24-7&sysRq-TheRotorProject(Treb0,presets-extra,44
Idiot24-7&sysrq-th(bassreflexzoommix),presets-extra,44
Idiot24-7&sysrq-ther(freerotationmix),presets-extra,44
Idiot24-7&sysrq-ther(treblereflexmix),presets-extra,44
Idiot24-7&sysrq-therot(bassreflexmix),presets-extra,44
Idiot24-7&sysrq-therot(movementtweak),presets-extra,44
Idiot24-7&sysrq-therot(treblezoommix),presets-extra,44
Idiot24-7&sysrq-therotorp(colortweak),presets-extra,44
Idiot24-7&sysrq-therotorproject(bassr,presets-extra,44
Idiot24-7&sysrq-therotorproject(elvis,presets-extra,44
Idiot24-7&sysrq-therotorproject(tre2),presets-extra,44
Idiot24-7&sysrq-therotorproject(tre3),presets-extra,44
Idiot24-7&sysrq-therotorproject(trebl,presets-extra,44
Idiot24-7&theafter(idiotsoverhaulmix),presets-extra,44
Idiot24-7&theaftershock-ANewAfterlife,presets-extra,44
Idiot24-7&unchained-alittletoounchain,presets-extra,44
Idiot24-7&unchained-celestialmoon,presets-extra,44
Idiot24-7&unchained-idontgetit,presets-extra,44
Idiot24-7&unchained-mindbendingbeatde,presets-extra,44
Idiot24-7&unchained-nescartridge,presets-extra,44
Idiot24-7&unchained-nuclearreactor,presets-extra,44
Idiot24-7&unchained-whothehellismora1,presets-extra,44
Idiot24-7&unchained-whothehellismora2,presets-extra,44
Idiot24-7&unchained-yoursecondpreset,presets-extra,44
Idiot24-7&zylot-astarisborn,presets-extra,44
Idiot24-7&zylot-ithinkthesquare..,presets-extra,44
Idiot24-7&zylot-ithinkthesquareontopo,presets-extra,44
Idiot24-7&zylot-narel(underattackmix),presets-extra,44
Idiot24-7&zylot-narellsnewtower,presets-extra,44
Idiot24-7&zylot-orbofworlds,presets-extra,44
Idiot24-7&zylot-pathtohell(harlequins,presets-extra,44
Idiot24-7&zylot-pulsar,presets-extra,44
Idiot24-7&zylot-rai(explosioneminent),presets-extra,44
Idiot24-7&zylot-rainbowplanetslastbre,presets-extra,44
Idiot24-7&zylot-sh(dimensionalripmix),presets-extra,44
Idiot24-7&zylot-shiftofreality(dimens,presets-extra,44
Idiot24-7&zylot-why,presets-extra,44
Idiot24-7-....Siittinghere....,presets-extra,44
Idiot24-7-...siittinghere....,presets-extra,44
Idiot24-7-20inchride,presets-extra,44
Idiot24-7-FollowTheBouncingWave(Lette,presets-extra,44
Idiot24-7-Goht'sThirdeye,presets-extra,44
Idiot24-7-Hell'sGate1,presets-extra,44
Idiot24-7-Hell'sGate2,presets-extra,44
Idiot24-7-Idiot'sAccident1,presets-extra,44
Idiot24-7-Idiot'sAccident2,presets-extra,44
Idiot24-7-Idiot'sAlterEgo,presets-extra,44
Idiot24-7-Idiot'sAlterEgoGoneBad,presets-extra,44
Idiot24-7-Idiot'sBassEffectMod,presets-extra,44
Idiot24-7-Idiot'sRainbowTube1,presets-extra,44
Idiot24-7-Idiot'sRainbowTube2,presets-extra,44
Idiot24-7-It'sAGhost,presets-extra,44
Idiot24-7-LivingSound(TravellingAcci0,presets-extra,44
Idiot24-7-LivingSound(TravellingAccid,presets-extra,44
Idiot24-7-Marphet'sAwakening,presets-extra,44
Idiot24-7-Marphet'sEye,presets-extra,44
Idiot24-7-Marphet'sMeteor,presets-extra,44
Idiot24-7-Marphet'sVortex,presets-extra,44
Idiot24-7-Marphet'sVortexCollapsing,presets-extra,44
Idiot24-7-Marphet'sWeapon,presets-extra,44
Idiot24-7-MixedEmotions(IdiotsSadnes,presets-extra,44
Idiot24-7-MorphingGrid(UnreleasedMix1,presets-extra,44
Idiot24-7-MorphingGrid(UnreleasedMix2,presets-extra,44
Idiot24-7-MorphingGrid(UnreleasedMix3,presets-extra,44
Idiot24-7-MysteriousRavingLandscape(0,presets-extra,44
Idiot24-7-RainbowBlade(IdiotsAcciden,presets-extra,44
Idiot24-7-RainbowBlade(IdiotsAcciden0,presets-extra,44
Idiot24-7-RainbowBlade(IdiotsAccident,presets-extra,44
Idiot24-7-Simp0leBeatCartoon(Simp0leR,presets-extra,44
Idiot24-7-SimplicityIsTheKey(Inverted,presets-extra,44
Idiot24-7-TooGood.....,presets-extra,44
Idiot24-7-TrailOfDestruction(CrazyBub,presets-extra,44
Idiot24-7-TrailOfDestruction2(DualEgo,presets-extra,44
Idiot24-7-Trippin'1,presets-extra,44
Idiot24-7-Trippin'2,presets-extra,44
Idiot24-7-Xeon'sMeteor,presets-extra,44
Idiot24-7-absctractgoo,presets-extra,44
Idiot24-7-abstract1,presets-extra,44
Idiot24-7-abstract2,presets-extra,44
Idiot24-7-abstract3,presets-extra,44
Idiot24-7-abstract4,presets-extra,44
Idiot24-7-abstract5,presets-extra,44
Idiot24-7-accident,presets-extra,44
Idiot24-7-alternatingwave,presets-extra,44
Idiot24-7-alternatingwave(bordermix1),presets-extra,44
Idiot24-7-alternatingwave(bordermix2),presets-extra,44
Idiot24-7-ascendingtoheaven1,presets-extra,44
Idiot24-7-ascendingtoheaven2,presets-extra,44
Idiot24-7-beammeupscotty,presets-extra,44
Idiot24-7-blackhole,presets-extra,44
Idiot24-7-blackhole(dynamicwave1),presets-extra,44
Idiot24-7-blackhole(dynamicwave2),presets-extra,44
Idiot24-7-blackhole(dynamicwave3),presets-extra,44
Idiot24-7-blackhole2,presets-extra,44
Idiot24-7-blueflame,presets-extra,44
Idiot24-7-bottomlesspit,presets-extra,44
Idiot24-7-bygeorge,presets-extra,44
Idiot24-7-canwestopnow,presets-extra,44
Idiot24-7-chaos,presets-extra,44
Idiot24-7-collapsedstatic1,presets-extra,45
Idiot24-7-collapsedstatic2,presets-extra,45
Idiot24-7-coreofallmeaning1,presets-extra,45
Idiot24-7-coreofallmeaning2,presets-extra,45
Idiot24-7-crazyspikes(supereyemod),presets-extra,45
Idiot24-7-cropcircles,presets-extra,45
Idiot24-7-crushingforce,presets-extra,45
Idiot24-7-deadlyskies,presets-extra,45
Idiot24-7-defrag,presets-extra,45
Idiot24-7-defrag(colorfulmix),presets-extra,45
Idiot24-7-devilcalling,presets-extra,45
Idiot24-7-distortedchaos,presets-extra,45
Idiot24-7-doubleswirl,presets-extra,45
Idiot24-7-doyoulikeme,presets-extra,45
Idiot24-7-evenmoreabstract,presets-extra,45
Idiot24-7-eyecandy,presets-extra,45
Idiot24-7-eyeofxeon,presets-extra,45
Idiot24-7-fallinginnothingness,presets-extra,45
Idiot24-7-faultthepolice,presets-extra,45
Idiot24-7-faultthepolice(fadingmix),presets-extra,45
Idiot24-7-fightscenebackground,presets-extra,45
Idiot24-7-flameofcolors,presets-extra,45
Idiot24-7-flicker,presets-extra,45
Idiot24-7-followthebounci(letterxmix),presets-extra,45
Idiot24-7-followthebouncingwave,presets-extra,45
Idiot24-7-frustration,presets-extra,45
Idiot24-7-frustration(uncontrolledzoo,presets-extra,45
Idiot24-7-gaschamber(unchainedbeatcod,presets-extra,45
Idiot24-7-gettingthere,presets-extra,45
Idiot24-7-ghostlyfigures,presets-extra,45
Idiot24-7-ghostlyfigures2,presets-extra,45
Idiot24-7-gohtsthirdeye,presets-extra,45
Idiot24-7-gridofallknowing,presets-extra,45
Idiot24-7-gridofallknowing2,presets-extra,45
Idiot24-7-groovy,presets-extra,45
Idiot24-7-hazylifestyle,presets-extra,45
Idiot24-7-hazylifestyle(muchtohazymix,presets-extra,45
Idiot24-7-heavenrejected,presets-extra,45
Idiot24-7-hellsgate1,presets-extra,45
Idiot24-7-hellsgate2,presets-extra,45
Idiot24-7-hippies,presets-extra,45
Idiot24-7-houseofmirrors,presets-extra,45
Idiot24-7-houseofmirrors(manicdepress,presets-extra,45
Idiot24-7-houseofmirrors(remix),presets-extra,45
Idiot24-7-hydrogen,presets-extra,45
Idiot24-7-hyperballremix1,presets-extra,45
Idiot24-7-hyperballremix2,presets-extra,45
Idiot24-7-hyperballswirl,presets-extra,45
Idiot24-7-hypertravel,presets-extra,45
Idiot24-7-hypertravel(solarizedmix),presets-extra,45
Idiot24-7-icetravel,presets-extra,45
Idiot24-7-icyhell,presets-extra,45
Idiot24-7-icyhell(tweak1),presets-extra,45
Idiot24-7-icyhell(tweak2),presets-extra,45
Idiot24-7-icyhell(vectordriftmix),presets-extra,45
Idiot24-7-idiotsaccident1,presets-extra,45
Idiot24-7-idiotsaccident2,presets-extra,45
Idiot24-7-idiotsalterego,presets-extra,45
Idiot24-7-idiotsalteregogonebad,presets-extra,45
Idiot24-7-idiotsbasseffectmod,presets-extra,45
Idiot24-7-idiotsrainbowtube1,presets-extra,45
Idiot24-7-idiotsrainbowtube2,presets-extra,45
Idiot24-7-ilove,presets-extra,45
Idiot24-7-innerself,presets-extra,45
Idiot24-7-innerself(mixeddesires2mix),presets-extra,45
Idiot24-7-innerself(unknownfeelings2m,presets-extra,45
Idiot24-7-innerself(unknownfeelingsmi,presets-extra,45
Idiot24-7-insertnamehere,presets-extra,45
Idiot24-7-inyourface1,presets-extra,45
Idiot24-7-inyourface2,presets-extra,45
Idiot24-7-itsaghost,presets-extra,45
Idiot24-7-justplaincool1,presets-extra,45
Idiot24-7-justplaincool2,presets-extra,45
Idiot24-7-justplaincool3,presets-extra,45
Idiot24-7-latenightchat,presets-extra,45
Idiot24-7-latenightchat(texturewrapof,presets-extra,45
Idiot24-7-latenightchat2,presets-extra,45
Idiot24-7-latenightchat2(texturewrapo,presets-extra,45
Idiot24-7-livingabstractness,presets-extra,45
Idiot24-7-livingsound,presets-extra,45
Idiot24-7-livingsound(t-wavemix),presets-extra,45
Idiot24-7-livingsound(travellingacc1),presets-extra,45
Idiot24-7-livingsound(travellingacc2),presets-extra,45
Idiot24-7-majesticillusion,presets-extra,45
Idiot24-7-marphetsawakening,presets-extra,45
Idiot24-7-marphetseye,presets-extra,45
Idiot24-7-marphetsmeteor,presets-extra,45
Idiot24-7-marphetsvortex,presets-extra,45
Idiot24-7-marphetsvortexcollapsing,presets-extra,45
Idiot24-7-marphetsweapon,presets-extra,45
Idiot24-7-maybeafractal,presets-extra,45
Idiot24-7-meetingplace,presets-extra,45
Idiot24-7-milk&cookies,presets-extra,45
Idiot24-7-mimic,presets-extra,45
Idiot24-7-mimic2,presets-extra,45
Idiot24-7-mindbender1,presets-extra,45
Idiot24-7-mindbender2,presets-extra,45
Idiot24-7-mindbender3,presets-extra,45
Idiot24-7-mindbender4,presets-extra,45
Idiot24-7-mindbender5,presets-extra,45
Idiot24-7-mindbender6(thelastrevelati,presets-extra,45
Idiot24-7-mindbender7(superbendmix1),presets-extra,45
Idiot24-7-mindbender7(superbendmix2),presets-extra,45
Idiot24-7-mindbender7(superbendmix3),presets-extra,45
Idiot24-7-mixedemotion(idiotssadness),presets-extra,45
Idiot24-7-mixedemotions,presets-extra,45
Idiot24-7-mixedemotions(idiotsdeepdep,presets-extra,45
Idiot24-7-mixedemotions(idiotssadness,presets-extra,45
Idiot24-7-mixedemotions(moresadtimesm,presets-extra,45
Idiot24-7-moreturbulent,presets-extra,45
Idiot24-7-morphinggrid,presets-extra,45
Idiot24-7-morphinggrid(unreleasedmi1),presets-extra,45
Idiot24-7-morphinggrid(unreleasedmi2),presets-extra,45
Idiot24-7-morphinggrid(unreleasedmi3),presets-extra,45
Idiot24-7-morphinggrid2,presets-extra,45
Idiot24-7-morphinggrid3,presets-extra,45
Idiot24-7-mybestyet,presets-extra,45
Idiot24-7-mybestyet(solarmix),presets-extra,45
Idiot24-7-mysterious(mysteriousshift),presets-extra,45
Idiot24-7-mysteriousravinglandscape,presets-extra,45
Idiot24-7-mysteriousravinglandscape(m,presets-extra,45
Idiot24-7-nebula1,presets-extra,45
Idiot24-7-nebula2,presets-extra,45
Idiot24-7-newflavor,presets-extra,45
Idiot24-7-newflavor(eyetunnelmix),presets-extra,45
Idiot24-7-newflavor(uncontrolledmix),presets-extra,45
Idiot24-7-nocturnalillusion,presets-extra,45
Idiot24-7-obscuraabstractica,presets-extra,46
Idiot24-7-only14,presets-extra,46
Idiot24-7-pain,presets-extra,46
Idiot24-7-peacock,presets-extra,46
Idiot24-7-phenoixawakens,presets-extra,46
Idiot24-7-pothole,presets-extra,46
Idiot24-7-prophecy2,presets-extra,46
Idiot24-7-psychadelic1,presets-extra,46
Idiot24-7-psychadelic2,presets-extra,46
Idiot24-7-pulsar,presets-extra,46
Idiot24-7-pushingthelimit,presets-extra,46
Idiot24-7-pushingthelimit(breakingpoi,presets-extra,46
Idiot24-7-quadshift,presets-extra,46
Idiot24-7-rainbowblade,presets-extra,46
Idiot24-7-rainbowblade(idiotsaccide1),presets-extra,46
Idiot24-7-rainbowblade(idiotsaccide2),presets-extra,46
Idiot24-7-rainbowblade(idiotsaccide3),presets-extra,46
Idiot24-7-rainbowexplosion,presets-extra,46
Idiot24-7-randomthoughts,presets-extra,46
Idiot24-7-randomthoughts(morecolorful,presets-extra,46
Idiot24-7-ripoff1,presets-extra,46
Idiot24-7-ripoff2,presets-extra,46
Idiot24-7-ripoff3,presets-extra,46
Idiot24-7-ripoff4,presets-extra,46
Idiot24-7-ripples,presets-extra,46
Idiot24-7-rotorattempt(elvisoriginalm,presets-extra,46
Idiot24-7-roughsurface,presets-extra,46
Idiot24-7-rust,presets-extra,46
Idiot24-7-scanner,presets-extra,46
Idiot24-7-shake,presets-extra,46
Idiot24-7-shattereddreams1,presets-extra,46
Idiot24-7-shattereddreams2,presets-extra,46
Idiot24-7-shiftingtunneloflight,presets-extra,46
Idiot24-7-simp0lebea(simp0lerevision),presets-extra,46
Idiot24-7-simp0lebeatcartoon,presets-extra,46
Idiot24-7-simplicityisth(invertedmix),presets-extra,46
Idiot24-7-simplicityisthekey,presets-extra,46
Idiot24-7-slowreturn,presets-extra,46
Idiot24-7-slowreturn(remix),presets-extra,46
Idiot24-7-slowreturn(remix2),presets-extra,46
Idiot24-7-soliceofthemind,presets-extra,46
Idiot24-7-spacedust,presets-extra,46
Idiot24-7-spacerave(vectormix),presets-extra,46
Idiot24-7-speaker,presets-extra,46
Idiot24-7-speaker(wavemix),presets-extra,46
Idiot24-7-stainedglasswindow,presets-extra,46
Idiot24-7-strobe,presets-extra,46
Idiot24-7-strobe(crazylinesmix1),presets-extra,46
Idiot24-7-strobe(crazylinesmix2),presets-extra,46
Idiot24-7-takingadvantageofabadeffect,presets-extra,46
Idiot24-7-tectonicplates,presets-extra,46
Idiot24-7-theblob,presets-extra,46
Idiot24-7-themonkeyateit,presets-extra,46
Idiot24-7-tikigod,presets-extra,46
Idiot24-7-toogood....,presets-extra,46
Idiot24-7-toomuchforillusion,presets-extra,46
Idiot24-7-trailofdes(crazybubblesmix),presets-extra,46
Idiot24-7-trailofdestruc2(dualegomix),presets-extra,46
Idiot24-7-trailofdestruction,presets-extra,46
Idiot24-7-trailofdestruction2,presets-extra,46
Idiot24-7-trip,presets-extra,46
Idiot24-7-trippin1,presets-extra,46
Idiot24-7-trippin2,presets-extra,46
Idiot24-7-trippyrings,presets-extra,46
Idiot24-7-triwave1,presets-extra,46
Idiot24-7-triwave2,presets-extra,46
Idiot24-7-triwave3,presets-extra,46
Idiot24-7-trythison,presets-extra,46
Idiot24-7-turbulence,presets-extra,46
Idiot24-7-turbulenceshrinkwrap,presets-extra,46
Idiot24-7-ty3dy3,presets-extra,46
Idiot24-7-unstableearth,presets-extra,46
Idiot24-7-vectorflower,presets-extra,46
Idiot24-7-vectrip#1,presets-extra,46
Idiot24-7-vectrip#1(remix),presets-extra,46
Idiot24-7-velvetroad,presets-extra,46
Idiot24-7-version1,presets-extra,46
Idiot24-7-vertigo,presets-extra,46
Idiot24-7-vertigo(noalphamix),presets-extra,46
Idiot24-7-violation,presets-extra,46
Idiot24-7-virusinthesystem,presets-extra,46
Idiot24-7-void,presets-extra,46
Idiot24-7-weirdcartoon,presets-extra,46
Idiot24-7-whale,presets-extra,46
Idiot24-7-whichway,presets-extra,46
Idiot24-7-wrappedonaball,presets-extra,46
Idiot24-7-xeonsawakening,presets-extra,46
Idiot24-7-xeonsmeteor,presets-extra,46
Idiot24-7-xeonsmight,presets-extra,46
Idiot24-7-xeonsportal,presets-extra,46
Idiot24-7-xeonsportal(unstablemix),presets-extra,46
Idiot24-7-zork,presets-extra,46
Illusion & Aderrasi - Blackened Echo,presets-extra,46
Illusion & Aderrasi - Formation Of Galaxies,presets-extra,46
Illusion & Aderrasi - Galaxy Of Echoes,presets-extra,46
Illusion & Aderrasi - Into The Wind,presets-extra,46
Illusion & Aderrasi - Shifting Formula,presets-extra,46
Illusion & Aderrasi - Tribute To Spiderman,presets-extra,46
Illusion & Aderrasi - What In The World,presets-extra,46
Illusion & Boz - Hot Air Balloon,presets-extra,46
Illusion & Boz - Living In Paradise,presets-extra,46
Illusion & Boz - Lord Of Stars 1,presets-extra,46
Illusion & Boz - Lord Of Stars 2,presets-extra,46
Illusion & Boz - Remnants Of Paradise,presets-extra,46
Illusion & Che - Coming Forward,presets-extra,46
Illusion & Che - Cube Of Contortion,presets-extra,46
Illusion & Che - Living Landscape,presets-extra,46
Illusion & Che - Return Of The King,presets-extra,46
Illusion & Che - Scope Of Wings,presets-extra,46
Illusion & Che - The Piper,presets-extra,46
Illusion & Dbleja - Crazed Grid,presets-extra,46
Illusion & Fvese - Living Arrows,presets-extra,46
Illusion & Fvese - Multi-Directional,presets-extra,46
Illusion & Fvese - Rainbow Wheel,presets-extra,46
Illusion & Fvese - World Of Patterns,presets-extra,46
Illusion & Idiot - Dance Of The Unknown Planets,presets-extra,46
Illusion & Idiot - Fallen Worlds,presets-extra,46
Illusion & Idiot 24-7 - Deadlier Skies,presets-extra,46
Illusion & Idiot24-7 - Living Kaleidoscope,presets-extra,46
Illusion & Idiot24-7 - Magical Kaleidoscope,presets-extra,46
Illusion & Idiot24-7 - Puzzle Pieces,presets-extra,46
Illusion & Idiot24-7 - Rainbow Web,presets-extra,46
Illusion & Idiot24-7 - Rave (Living Ka mix) 2,presets-extra,46
Illusion & Idiot24-7 - Secret Canyon 2,presets-extra,46
Illusion & Idiot24-7 - Spiral Blade,presets-extra,46
Illusion & Idiot24-7 - Wish Upon A Star,presets-extra,46
Illusion & Idiot24-7 - puzzle pieces (uncontrolled mix),presets-extra,46
Illusion & Krash - Exploding Skies,presets-extra,47
Illusion & Krash - Grand Odyssey 1,presets-extra,47
Illusion & Krash - Grand Odyssey 2,presets-extra,47
Illusion & Krash - Look Twice,presets-extra,47
Illusion & Krash - Major Stars,presets-extra,47
Illusion & Krash - Pass The Ace,presets-extra,47
Illusion & Krash - Rainbow Cycles,presets-extra,47
Illusion & Krash - Rainbow Waves,presets-extra,47
Illusion & Krash - Shaky Return,presets-extra,47
Illusion & Krash - Spiral Movement,presets-extra,47
Illusion & Krash - The Garden Path,presets-extra,47
Illusion & Krash - The Milky Way,presets-extra,47
Illusion & Krash - The Mountain Ranges,presets-extra,47
Illusion & Mstress - Storm Control,presets-extra,47
Illusion & Rovastar - Abacus Making Music,presets-extra,47
Illusion & Rovastar - Amazing Flow,presets-extra,47
Illusion & Rovastar - Blitz In All Directions,presets-extra,47
Illusion & Rovastar - Clouded Bottle,presets-extra,47
Illusion & Rovastar - Clouded Mind,presets-extra,47
Illusion & Rovastar - Contact,presets-extra,47
Illusion & Rovastar - Crossover Clouds,presets-extra,47
Illusion & Rovastar - Decitrip,presets-extra,47
Illusion & Rovastar - Diamond Deflection,presets-extra,47
Illusion & Rovastar - Diamond Slice,presets-extra,47
Illusion & Rovastar - Dotty Mad,presets-extra,47
Illusion & Rovastar - Dotty Mad Space,presets-extra,47
Illusion & Rovastar - Dual Layer Blitz,presets-extra,47
Illusion & Rovastar - Dual Tube,presets-extra,47
Illusion & Rovastar - Faded Spirals,presets-extra,47
Illusion & Rovastar - Flame Cone,presets-extra,47
Illusion & Rovastar - Further Basic Electronica,presets-extra,47
Illusion & Rovastar - Good Moods,presets-extra,47
Illusion & Rovastar - Great Moods,presets-extra,47
Illusion & Rovastar - Growing From The Centre,presets-extra,47
Illusion & Rovastar - Harlequin's Insanity,presets-extra,47
Illusion & Rovastar - Harlequin's Rainbow Spiral,presets-extra,47
Illusion & Rovastar - Hole Of Colour,presets-extra,47
Illusion & Rovastar - In A Spin,presets-extra,47
Illusion & Rovastar - Merging Flowers,presets-extra,47
Illusion & Rovastar - Mind Over Machine,presets-extra,47
Illusion & Rovastar - Mirror Maze,presets-extra,47
Illusion & Rovastar - My Judgement,presets-extra,47
Illusion & Rovastar - Nothing Is Lost,presets-extra,47
Illusion & Rovastar - Radiant Split,presets-extra,47
Illusion & Rovastar - Snowflake,presets-extra,47
Illusion & Rovastar - Snowflake Delight,presets-extra,47
Illusion & Rovastar - Snowflake Return,presets-extra,47
Illusion & Rovastar - Spherical Twist,presets-extra,47
Illusion & Rovastar - Waves Of Grandeur,presets-extra,47
Illusion & Rovastar - Web Splitter,presets-extra,47
Illusion & StudioMusic - Allied Way,presets-extra,47
Illusion & StudioMusic - Alternative Way,presets-extra,47
Illusion & StudioMusic - Charged Bliss,presets-extra,47
Illusion & StudioMusic - Imbibe Power,presets-extra,47
Illusion & StudioMusic - Rainbow Tunnel,presets-extra,47
Illusion & Telek - City Of Corrosion,presets-extra,47
Illusion & Unchained - Breathing In,presets-extra,47
Illusion & Unchained - Frozen Eye 1,presets-extra,47
Illusion & Unchained - Frozen Eye 2,presets-extra,47
Illusion & Unchained - Hazy Dots,presets-extra,47
Illusion & Unchained - Invade My Mind,presets-extra,47
Illusion & Unchained - Jagged Xeon,presets-extra,47
Illusion & Unchained - New Strategy,presets-extra,47
Illusion & Unchained - Outside The Square,presets-extra,47
Illusion & Unchained - Re-Enter Homeworld,presets-extra,47
Illusion & Unchained - Square Motion,presets-extra,47
Illusion & Unchained - Twisting Dots,presets-extra,47
Illusion & Unchained - Wave Of Dots,presets-extra,47
Illusion & Zylot - Divine Tactics,presets-extra,47
Illusion & Zylot - Smooth Grid,presets-extra,47
Illusion + Dbleja - Crazed Grid,presets-extra,47
Illusion + Idiot + Zylot - Forgotten Worlds,presets-extra,47
Illusion + Idiot - Fallen Worlds,presets-extra,47
Illusion + Rovastar - Crossover Clouds,presets-extra,47
Illusion + Rovastar - Diamond Deflection,presets-extra,47
Illusion + Rovastar - Web Splitter,presets-extra,47
Illusion - Blitzing Eights,presets-extra,47
Illusion - Crayak's Diagonal,presets-extra,47
Illusion - Crazy Eights,presets-extra,47
Illusion - Dance Of The Planets,presets-extra,47
Illusion - Dual Spin,presets-extra,47
Illusion - Ellimist's Flower,presets-extra,47
Illusion - Enchantment,presets-extra,47
Illusion - Fading Spheres,presets-extra,47
Illusion - Figure Eight,presets-extra,47
Illusion - Heavenly Eye,presets-extra,47
Illusion - Perfect Rotation,presets-extra,47
Illusion - Rhythm Of The Sky,presets-extra,47
Illusion - Shadowy Matrix,presets-extra,47
Illusion - Smoky Clouds,presets-extra,47
Illusion - Spinning Shadows,presets-extra,47
Illusion - Twice Alive,presets-extra,47
Illusion - dual layer blitz,presets-extra,47
Illusion - shifting sphere,presets-extra,47
Illusion and Idiot24-7 - Electric Touch Ball thing that I forgot the name of.,presets-extra,47
Illusion and Krash - Major Stars,presets-extra,47
Illusion and Krash - Rainbow Waves,presets-extra,47
Illusion and StudioMusic - Imbibe Power,presets-extra,47
Illusion and StudioMusic - Imbibe Power.milk,presets-extra,47
Illusion and Unchained - Jupiter Morph,presets-extra,47
Illusion and Unchained - Logic Morph,presets-extra,47
Illusion and Unchained - Spirit Morph,presets-extra,47
Illusion and Unchained - Spirit Morph (bmel  Spacetime Blipknot),presets-extra,47
Illusion and idiot24-7 - A new eye in town,presets-extra,47
Illusion and idiot24-7 - Bad writing,presets-extra,47
Illusion and idiot24-7 - Chrome Swirl,presets-extra,47
Illusion and idiot24-7 - Think on it,presets-extra,47
Illusion&Idiot24-7-PuzzlePieces(Uncon,presets-extra,47
Illusion&Rovastar-Harlequin'sInsanity,presets-extra,47
Illusion&Rovastar-Harlequin'sRainbowS,presets-extra,47
Illusion&aderrasi-blackenedecho,presets-extra,47
Illusion&aderrasi-formationofgalaxies,presets-extra,47
Illusion&aderrasi-galaxyofechoes,presets-extra,47
Illusion&aderrasi-intothewind,presets-extra,47
Illusion&aderrasi-shiftingformula,presets-extra,47
Illusion&aderrasi-tributetospiderman,presets-extra,47
Illusion&aderrasi-whatintheworld,presets-extra,47
Illusion&boz-livinginparadise,presets-extra,47
Illusion&boz-lordofstars1,presets-extra,47
Illusion&boz-lordofstars2,presets-extra,47
Illusion&boz-remnantsofparadise,presets-extra,47
Illusion&che-comingforward,presets-extra,47
Illusion&che-cubeofcontortion,presets-extra,47
Illusion&che-livinglandscape,presets-extra,47
Illusion&che-returnoftheking,presets-extra,47
Illusion&che-scopeofwings,presets-extra,48
Illusion&che-thepiper,presets-extra,48
Illusion&dbleja-crazedgrid,presets-extra,48
Illusion&fvese-livingarrows,presets-extra,48
Illusion&fvese-multi-directional,presets-extra,48
Illusion&fvese-rainbowwheel,presets-extra,48
Illusion&fvese-worldofpatterns,presets-extra,48
Illusion&idiot-danceoftheunknownplane,presets-extra,48
Illusion&idiot-fallenworlds,presets-extra,48
Illusion&idiot24-7-deadlierskies,presets-extra,48
Illusion&idiot24-7-livingkaleidoscope,presets-extra,48
Illusion&idiot24-7-magicalkaleidoscop,presets-extra,48
Illusion&idiot24-7-p(uncontrolledmix),presets-extra,48
Illusion&idiot24-7-puzzlepieces,presets-extra,48
Illusion&idiot24-7-rainbowweb,presets-extra,48
Illusion&idiot24-7-secretcanyon2,presets-extra,48
Illusion&idiot24-7-spiralblade,presets-extra,48
Illusion&idiot24-7-wishuponastar,presets-extra,48
Illusion&krash-explodingskies,presets-extra,48
Illusion&krash-grandodyssey1,presets-extra,48
Illusion&krash-grandodyssey2,presets-extra,48
Illusion&krash-looktwice,presets-extra,48
Illusion&krash-majorstars,presets-extra,48
Illusion&krash-passtheace,presets-extra,48
Illusion&krash-rainbowcycles,presets-extra,48
Illusion&krash-rainbowwaves,presets-extra,48
Illusion&krash-recedingspiral,presets-extra,48
Illusion&krash-shakyreturn,presets-extra,48
Illusion&krash-spiralmovement,presets-extra,48
Illusion&krash-thegardenpath,presets-extra,48
Illusion&krash-themilkyway,presets-extra,48
Illusion&krash-themountainranges,presets-extra,48
Illusion&mstress-stormcontrol,presets-extra,48
Illusion&rovastar-amazingflow,presets-extra,48
Illusion&rovastar-blitzinalldirection,presets-extra,48
Illusion&rovastar-cloudedbottle,presets-extra,48
Illusion&rovastar-cloudedmind,presets-extra,48
Illusion&rovastar-crossoverclouds,presets-extra,48
Illusion&rovastar-decitrip,presets-extra,48
Illusion&rovastar-diamonddeflection,presets-extra,48
Illusion&rovastar-diamondslice,presets-extra,48
Illusion&rovastar-dottymad,presets-extra,48
Illusion&rovastar-dottymadspace,presets-extra,48
Illusion&rovastar-duallayerblitz,presets-extra,48
Illusion&rovastar-dualtube,presets-extra,48
Illusion&rovastar-fadedspirals,presets-extra,48
Illusion&rovastar-flamecone,presets-extra,48
Illusion&rovastar-goodmoods,presets-extra,48
Illusion&rovastar-greatmoods,presets-extra,48
Illusion&rovastar-growingfromthecentr,presets-extra,48
Illusion&rovastar-harlequinsinsanity,presets-extra,48
Illusion&rovastar-harlequinsrainbowsp,presets-extra,48
Illusion&rovastar-holeofcolour,presets-extra,48
Illusion&rovastar-inaspin,presets-extra,48
Illusion&rovastar-mergingflowers,presets-extra,48
Illusion&rovastar-mindovermachine,presets-extra,48
Illusion&rovastar-mirrormaze,presets-extra,48
Illusion&rovastar-myjudgement,presets-extra,48
Illusion&rovastar-nothingislost,presets-extra,48
Illusion&rovastar-radiantsplit,presets-extra,48
Illusion&rovastar-snowflake,presets-extra,48
Illusion&rovastar-snowflakedelight,presets-extra,48
Illusion&rovastar-snowflakereturn,presets-extra,48
Illusion&rovastar-sphericaltwist,presets-extra,48
Illusion&rovastar-wavesofgrandeur,presets-extra,48
Illusion&rovastar-websplitter,presets-extra,48
Illusion&studiomusic-alliedway,presets-extra,48
Illusion&studiomusic-alternativeway,presets-extra,48
Illusion&studiomusic-chargedbliss,presets-extra,48
Illusion&studiomusic-imbibepower,presets-extra,48
Illusion&studiomusic-rainbowtunnel,presets-extra,48
Illusion&techno-doublehighway,presets-extra,48
Illusion&telek-cityofcorrosion,presets-extra,48
Illusion&unchained-breathingin,presets-extra,48
Illusion&unchained-frozeneye1,presets-extra,48
Illusion&unchained-frozeneye2,presets-extra,48
Illusion&unchained-hazydots,presets-extra,48
Illusion&unchained-invademymind,presets-extra,48
Illusion&unchained-jaggedxeon,presets-extra,48
Illusion&unchained-newstrategy,presets-extra,48
Illusion&unchained-outsidethesquare,presets-extra,48
Illusion&unchained-re-enterhomeworld,presets-extra,48
Illusion&unchained-squaremotion,presets-extra,48
Illusion&zylot-divinetactics,presets-extra,48
Illusion&zylot-smoothgrid,presets-extra,48
Illusion-Crayak'sDiagonal,presets-extra,48
Illusion-Ellimist'sFlower,presets-extra,48
Illusion-aworldoflines,presets-extra,48
Illusion-blitzingeights,presets-extra,48
Illusion-breathingsphere,presets-extra,48
Illusion-crayaksdiagonal,presets-extra,48
Illusion-crazedspiral,presets-extra,48
Illusion-crazedvectors,presets-extra,48
Illusion-crazyeights,presets-extra,48
Illusion-danceoftheplanets,presets-extra,48
Illusion-dualspin,presets-extra,48
Illusion-ellimistsflower,presets-extra,48
Illusion-enchantment,presets-extra,48
Illusion-expandingdiamond,presets-extra,48
Illusion-fadingspheres,presets-extra,48
Illusion-figureeight,presets-extra,48
Illusion-growingdiamond,presets-extra,48
Illusion-heavenlyeye,presets-extra,48
Illusion-multirotation,presets-extra,48
Illusion-perfectrotation,presets-extra,48
Illusion-rhythmofthesky,presets-extra,48
Illusion-shadowymatrix,presets-extra,48
Illusion-shiftingmatrix,presets-extra,48
Illusion-smokyclouds,presets-extra,48
Illusion-spinningshadows,presets-extra,48
Illusion-tunnelmorph,presets-extra,48
Illusion-twicealive,presets-extra,48
Imbibe,presets-extra,48
Imus&rovastar-theshro(psilobellummix),presets-extra,48
Imus&t-miles-halflife3(pbagupdatemix),presets-extra,48
In The Wake Of Madness,presets-extra,48
In the Age of Ugly,presets-extra,48
InCUbuS - Our Destiny,presets-extra,48
InCUbuS - Silky's Tale,presets-extra,48
InCUbuS - Soft Fractal,presets-extra,48
InCUbuS - Soft Fractal (Throwed Milk mix),presets-extra,48
Infinite Possibilities,presets-extra,48
Inkblot Crisis,presets-extra,48
Inner As The Soul,presets-extra,48
Inner Plane Boundary,presets-extra,48
Inscrutable World,presets-extra,48
Inside-Outside,presets-extra,49
Inventive Software - Audibly Twisted Vortex,presets-extra,49
Inventive Software - Colour Feast In The Tunnel,presets-extra,49
Inventive Software - Colour Feast In The Tunnel 2,presets-extra,49
Inventive Software - Colour Feast In The Tunnel 3,presets-extra,49
Inventive Software - Dot Matrix Gone Mad,presets-extra,49
Inventive Software - Inside The Loudness Modulator,presets-extra,49
Inventive Software - LCD In 4 Dimensions,presets-extra,49
Inventive Software - LCD Warped In The 5th Dimension,presets-extra,49
Inventive Software - Lightning Always Strikes Twice,presets-extra,49
Inventive Software - Madness In A Waveform,presets-extra,49
Inventive Software - Madness Trapped In A Waveform,presets-extra,49
Inventive Software - Making Ripples With Nothing Much,presets-extra,49
Inventive Software - Mathemagical Madness,presets-extra,49
Inventive Software - Ripples In The Searchlight,presets-extra,49
Inventive Software - Ripples In The Searchlight (Colour Remix),presets-extra,49
Inventive Software - Ripples In The Searchlight (Subtlety Remix),presets-extra,49
Inventive Software - Subtlety Slowly Redefined,presets-extra,49
Inventive Software - Subtlety Slowly Redefined 2,presets-extra,49
Inventive Software - Sun Storm,presets-extra,49
Inventive Software - The Eye Of The Storm,presets-extra,49
Inventive Software - The Forming Of Idealisation,presets-extra,49
Inventive Software - The Milkdrop Power Generator,presets-extra,49
Inventive Software - The Mysteries Of Turbulence,presets-extra,49
Inventive Software - The Power Of Musical Genius,presets-extra,49
Inventive Software - The Waveblend Machine,presets-extra,49
Inventive Software - Trippy Geometrics,presets-extra,49
Inventive Software - Undecided Fate,presets-extra,49
Inventive Software - Undecided Fate 2,presets-extra,49
Ion,presets-extra,49
Ishan - Anuera,butterchurnPresetsExtra2,
Jaded Emotion,presets-extra,49
Jaiph - Turbulence,presets-extra,49
Jaiph - Undertow,presets-extra,49
Jaiph and Rovastar - Subnubus,presets-extra,49
Jaiph and Rovastar - Turbulent Travel,presets-extra,49
Jaiph-turbulence,presets-extra,49
Jaiph-undertow,presets-extra,49
Java,presets-extra,49
Jc - Golden Gift,presets-extra,49
Jc - Into The Light,presets-extra,49
Jc - Life,presets-extra,49
Jc - Lungs,presets-extra,49
Jc - Ripplesweep,presets-extra,49
Jeanius- - Blobulate,presets-extra,49
Jeanius- - Fidgit,presets-extra,49
Jeanius- - Interatomic Magnetism,presets-extra,49
Jeanius- - Nerve,presets-extra,49
Jeanius- - Oculate,presets-extra,49
Jeanius- - Purple Haze,presets-extra,49
Jeanius- - Shrine,presets-extra,49
Jeeway - Seashell,presets-extra,49
Jeeway-seashell,presets-extra,49
Jeff & Rovastar - Chapel Of Ghouls (Crop Circles Remix),presets-extra,49
Jeff & the Milkdrop Crew - Surf,presets-extra,49
Jeff - Colorflow,presets-extra,49
Jellby - Whirling Illusions,presets-extra,49
Jellby-whirlingillusions,presets-extra,49
Jess - A Paradox,presets-extra,49
Jess - Absorbtion,presets-extra,49
Jess - Atomic Theory,presets-extra,49
Jess - Beyond The Limit,presets-extra,49
Jess - Black Hole,presets-extra,49
Jess - Bloodshot,presets-extra,49
Jess - Bloody Pool,presets-extra,49
Jess - Blue Sky On Mars,presets-extra,49
Jess - Breaking Glass,presets-extra,49
Jess - Butterfly,presets-extra,49
Jess - Decisions Decisions,presets-extra,49
Jess - Dilated Eye,presets-extra,49
Jess - Dreams Of The Insane,presets-extra,49
Jess - Electric Ball,presets-extra,49
Jess - Electric Ball (Inverted),presets-extra,49
Jess - Falling Away From Me,presets-extra,49
Jess - Heart & Ribs,presets-extra,49
Jess - Hemorhage,presets-extra,49
Jess - Hot or Cold.....,presets-extra,49
Jess - Inkblot,presets-extra,49
Jess - Inkblot 2,presets-extra,49
Jess - Inside A Cyclone,presets-extra,49
Jess - Jess 1,presets-extra,49
Jess - Jess 2,presets-extra,49
Jess - Jess 3,presets-extra,49
Jess - Jess 4,presets-extra,49
Jess - Just Really Cool,presets-extra,49
Jess - Metronome,presets-extra,49
Jess - Odd Electric Ball,presets-extra,49
Jess - Opening & Closing Portal,presets-extra,49
Jess - Power Canon,presets-extra,49
Jess - Rectangular Pupil,presets-extra,49
Jess - Spectrum Analyzer,presets-extra,49
Jess - Spider In Web,presets-extra,49
Jess - Target,presets-extra,49
Jess - Trying To Trap A Twister,presets-extra,49
Jess - Twins,presets-extra,49
Jess - Wannabe,presets-extra,49
Jess - Whirlpool,presets-extra,49
Jess - Window Of Oppurtunity,presets-extra,49
Jess - Xray,presets-extra,49
Jess 10-Decisions Decisions,presets-extra,49
Jess 11-Black Hole,presets-extra,49
Jess 12- Hemorhage,presets-extra,49
Jess 13- Hot or Cold.....,presets-extra,49
Jess 14- Electric Ball,presets-extra,49
Jess 15- Electric Ball (Inverted),presets-extra,49
Jess 16- Just Really Cool,presets-extra,49
Jess 17- Absorbtion,presets-extra,49
Jess 18- Whirlpool,presets-extra,49
Jess 19-Target,presets-extra,49
Jess 20-Rectangular Pupil,presets-extra,49
Jess 21-Bloodshot,presets-extra,49
Jess 22-Breaking Glass,presets-extra,49
Jess 23- Falling Away From Me,presets-extra,49
Jess 24-Blue Sky on Mars,presets-extra,49
Jess 25-Butterfly,presets-extra,49
Jess 26-Opening and Closing Portal,presets-extra,49
Jess 27-twins,presets-extra,49
Jess 28-Dreams of the Insane,presets-extra,49
Jess 29-Heart and Ribs,presets-extra,49
Jess 30-Window of Oppurtunity,presets-extra,49
Jess 31-A Paradox,presets-extra,49
Jess 33-Spider in Web,presets-extra,49
Jess 34-Inside a Cyclone,presets-extra,49
Jess 35-Beyond the Limit,presets-extra,49
Jess 36-Atomic Theory,presets-extra,49
Jess 37-Power Canon,presets-extra,49
Jess 39-Dilated Eye,presets-extra,49
Jess 46- Xray,presets-extra,49
Jess-HotorCold.....,presets-extra,50
Jess-absorbtion,presets-extra,50
Jess-aparadox,presets-extra,50
Jess-atomictheory,presets-extra,50
Jess-beyondthelimit,presets-extra,50
Jess-blackhole,presets-extra,50
Jess-bloodshot,presets-extra,50
Jess-bloodypool,presets-extra,50
Jess-blueskyonmars,presets-extra,50
Jess-breakingglass,presets-extra,50
Jess-butterfly,presets-extra,50
Jess-decisionsdecisions,presets-extra,50
Jess-dilatedeye,presets-extra,50
Jess-dreamsoftheinsane,presets-extra,50
Jess-electricball,presets-extra,50
Jess-electricball(inverted),presets-extra,50
Jess-fallingawayfromme,presets-extra,50
Jess-heart&ribs,presets-extra,50
Jess-hemorhage,presets-extra,50
Jess-hotorcold....,presets-extra,50
Jess-inkblot,presets-extra,50
Jess-inkblot2,presets-extra,50
Jess-insideacyclone,presets-extra,50
Jess-jess1,presets-extra,50
Jess-jess2,presets-extra,50
Jess-jess3,presets-extra,50
Jess-jess4,presets-extra,50
Jess-justreallycool,presets-extra,50
Jess-metronome,presets-extra,50
Jess-oddelectricball,presets-extra,50
Jess-opening&closingportal,presets-extra,50
Jess-powercanon,presets-extra,50
Jess-rectangularpupil,presets-extra,50
Jess-spectrumanalyzer,presets-extra,50
Jess-spiderinweb,presets-extra,50
Jess-target,presets-extra,50
Jess-tryingtotrapatwister,presets-extra,50
Jess-twins,presets-extra,50
Jess-wannabe,presets-extra,50
Jess-whirlpool,presets-extra,50
Jess-windowofoppurtunity,presets-extra,50
Jess-xray,presets-extra,50
Jess1,presets-extra,50
Jess2,presets-extra,50
Jess3,presets-extra,50
Jess3-bloody pool,presets-extra,50
Jess4,presets-extra,50
Jess5-Odd Electric Ball,presets-extra,50
Jess6-Wannabe,presets-extra,50
Jess7-Inkblot,presets-extra,50
Jess7-Inkblot2,presets-extra,50
Jess8-metronome,presets-extra,50
Jess9-Spectrum Analyzer,presets-extra,50
Jim & Geiss - bass zoom symmetry,presets-extra,50
Jim & Geiss - inverse bass zoom,presets-extra,50
Jim & Geiss - inverse bass zoom symmetry,presets-extra,50
Jim&Geiss-InverseBassZoomSymme,presets-extra,50
Jim&geiss-basszoomsymmetry,presets-extra,50
Jim&geiss-inversebasszoom,presets-extra,50
Jim&geiss-inversebasszoomsymmetry,presets-extra,50
John Scoville - Color Gears,presets-extra,50
John Scoville - Inside Outside,presets-extra,50
John Scoville - Matrix Nautilus,presets-extra,50
John Scoville - Neural Vortex,presets-extra,50
John Scoville - Quantum Foam,presets-extra,50
John Scoville - Retina,presets-extra,50
John Scoville - Retina (Beat Mix),presets-extra,50
John Scoville - Torsion,presets-extra,50
John Scoville - Window Grid,presets-extra,50
Johnscoville-colorgears,presets-extra,50
Johnscoville-insideoutside,presets-extra,50
Johnscoville-matrixnautilus,presets-extra,50
Johnscoville-neuralvortex,presets-extra,50
Johnscoville-quantumfoam,presets-extra,50
Johnscoville-retina,presets-extra,50
Johnscoville-retina(beatmix),presets-extra,50
Johnscoville-torsion,presets-extra,50
Johnscoville-windowgrid,presets-extra,50
Jordan - Rectangular Spin (dxdytest11),presets-extra,50
Julia,presets-extra,50
Jupiter Morph,presets-extra,50
Just for Now,presets-extra,50
Kaleidoscope,presets-extra,50
Kevin7 - Lighting Strike,presets-extra,50
Kevin7-lightingstrike,presets-extra,50
KnobBros - Grenadier,presets-extra,50
KnobBros - Grenadier_1,presets-extra,50
KnobBros - Janissary,presets-extra,50
KnobBros - Kazak,presets-extra,50
KnobBros - Kazak_phat_quick_boarder_edit,presets-extra,50
KnobBros - Vizier,presets-extra,50
KnobBros - Vizier_1,presets-extra,50
KnobBros -Semaphore,presets-extra,50
Krash & Fvese - Molten Indecision (Fvese Remix),presets-extra,50
Krash & Idiot - Memories Of The Castle,presets-extra,50
Krash & Illusion - Spiral Movement,presets-extra,50
Krash & Illusion - Spiral Movement (Swirl Mix (Sumpkin Tweak)),presets-extra,50
Krash & Illusion - Spiral Movement (Swirl Mix),presets-extra,50
Krash & Illusion - indecisive mosaic,presets-extra,50
Krash & Illusion - indecisive mosaic (idiots abstract mosaic 2),presets-extra,50
Krash & Illusion - indecisive mosaic (idiots abstract mosaic),presets-extra,50
Krash & Illusion - indecisive mosaic (idiots can color inside the lines),presets-extra,50
Krash & Illusion - indecisive mosaic (idiots laser beam),presets-extra,50
Krash & Nigel - Drop,presets-extra,50
Krash & Rocke - Alice (Subtle Colour Mix),presets-extra,50
Krash & Rovastar - A Million Miles from Earth (Ripple Mix),butterchurnPresetsExtra2,
Krash & Rovastar - A Million Miles from Earth (Spatial Anomaly Mix),presets-extra,50
Krash & Rovastar - Altars Of Madness (Mad Ocean Mix),presets-extra,50
Krash & Rovastar - Cerebral Demons (Distant Memory Mix),presets-extra,50
Krash & Rovastar - Cerebral Demons - Phat + Eo.S Golden Remix,presets-extra,50
Krash & Rovastar - Cerebral Demons - Phat + Eo.S Golden Remixzzz,presets-extra,50
Krash & Rovastar - Cerebral Demons - Phat + Eo.S Golden Tracer mix,presets-extra,50
Krash & Rovastar - Cerebral Demons - Phat + Eo.S Golden Tracer warp mix,presets-extra,50
Krash & Rovastar - Cerebral Demons - Phat + Eo.S Motion_mix,presets-extra,50
Krash & Rovastar - Cerebral Demons - Phat + Eo.S Tides Done Remix,presets-extra,50
Krash & Rovastar - Cerebral Demons - Phat + Eo.S Tides Inverted Remix,presets-extra,50
Krash & Rovastar - Cerebral Demons - Phat + Eo.S Tides Remix,presets-extra,50
Krash & Rovastar - Cerebral Demons - Phat + Eo.S. GoatGod Remix,presets-extra,50
Krash & Rovastar - Cerebral Demons - Phat + Eo.S. Killer Death Bunny Remix,presets-extra,50
Krash & Rovastar - Cerebral Demons - Phat + Eo.S. Moire Remix,presets-extra,50
Krash & Rovastar - Cerebral Demons - Phat + Eo.S. Moire Remix_1,presets-extra,50
Krash & Rovastar - Cerebral Demons - Phat + Eo.S. Moire Remix_2,presets-extra,50
Krash & Rovastar - Cerebral Demons - Phat + Eo.S. Moire gates Remix,presets-extra,50
Krash & Rovastar - Cerebral Demons - Phat + Eo.S. Moire sx Remix,presets-extra,50
Krash & Rovastar - Cerebral Demons - Phat + Eo.S. Moire sx tribal Remix,presets-extra,50
Krash & Rovastar - Cerebral Demons - Phat + Eo.S. Moire_dots Remix,presets-extra,50
Krash & Rovastar - Cerebral Demons - Phat + Eo.S. MuS3 Remix,presets-extra,50
Krash & Rovastar - Cerebral Demons - Phat + Eo.S. Muse Remix,presets-extra,51
Krash & Rovastar - Cerebral Demons - Phat + Eo.S. Muse_v2 Remix,presets-extra,51
Krash & Rovastar - Cerebral Demons - Phat + Eo.S. Muse_v3 Remix,presets-extra,51
Krash & Rovastar - Cerebral Demons - Phat + Eo.S. Muse_v3b Remix,presets-extra,51
Krash & Rovastar - Cerebral Demons - Phat + Eo.S. Pattern_Generater Remix,presets-extra,51
Krash & Rovastar - Cerebral Demons - Phat + Eo.S. Pattern_Generator stationary Remix,presets-extra,51
Krash & Rovastar - Cerebral Demons - Phat + Eo.S. Reality Pool Remix,presets-extra,51
Krash & Rovastar - Cerebral Demons - Phat + Eo.S. Sliced Remix,presets-extra,51
Krash & Rovastar - Cerebral Demons - Phat + Eo.S. Sliced Remix_v2,presets-extra,51
Krash & Rovastar - Cerebral Demons - Phat + Eo.S. Sliced Remix_v3,presets-extra,51
Krash & Rovastar - Cerebral Demons - Phat + Eo.S. Sliced Remix_v3 angled,presets-extra,51
Krash & Rovastar - Cerebral Demons - Phat + Eo.S. Sliced Remix_v3 angled b,presets-extra,51
Krash & Rovastar - Cerebral Demons - Phat + Eo.S. Sliced Remix_v3 angled c,presets-extra,51
Krash & Rovastar - Cerebral Demons - Phat + Eo.S. Sliced Remix_v3 angled d,presets-extra,51
Krash & Rovastar - Cerebral Demons - Phat + Eo.S. Sliced Remix_v3 angled e,presets-extra,51
Krash & Rovastar - Cerebral Demons - Phat + Eo.S. Sliced Remix_v4,presets-extra,51
Krash & Rovastar - Cerebral Demons - Phat + Eo.S. Sliced_WaterColors Remix,presets-extra,51
Krash & Rovastar - Cerebral Demons - Phat + Eo.S. Sliced_WaterColors Remix_v2,presets-extra,51
Krash & Rovastar - Cerebral Demons - Phat + Eo.S. Squares Remix,presets-extra,51
Krash & Rovastar - Cerebral Demons - Phat + Eo.S. Stars Remix,presets-extra,51
Krash & Rovastar - Cerebral Demons - Phat + Eo.S. Tug_of_War Remix,presets-extra,51
Krash & Rovastar - Cerebral Demons - Phat + Eo.S. Vortex Remix,presets-extra,51
Krash & Rovastar - Cerebral Demons - Phat + Eo.S. braindevil mix,presets-extra,51
Krash & Rovastar - Cerebral Demons - Phat + Eo.S. brainstem mix,presets-extra,51
Krash & Rovastar - Cerebral Demons - Phat + Eo.S. hall of ghouls Remix,presets-extra,51
Krash & Rovastar - Cerebral Demons - Phat + Eo.S. hall of ghouls Remix_1,presets-extra,51
Krash & Rovastar - Cerebral Demons - Phat + Eo.S. hall of ghouls noise Remix,presets-extra,51
Krash & Rovastar - Dreamtime Retold,presets-extra,51
Krash & Rovastar - Four Aces,presets-extra,51
Krash & Rovastar - Harlequin's Spirit (Fractured Psyche Mix),presets-extra,51
Krash & Rovastar - Multiverse Starfield (Indecisive Mix),presets-extra,51
Krash & Rovastar - Rainbow Orb 1,presets-extra,51
Krash & Rovastar - Rainbow Orb 2,presets-extra,51
Krash & Rovastar - Rainbow Orb 2 Peacock (Bmelgren's Compelling Vision),presets-extra,51
Krash & Rovastar - Switching Polygons,presets-extra,51
Krash & Rovastar - Terminal X (Dual Terminal Mix),presets-extra,51
Krash & Rovastar - The Devil Is In The Details,presets-extra,51
Krash & Rovastar - Trippy Sperm (Multidirection Mix),presets-extra,51
Krash & Studio Music - Spider's Heaven (Remix),presets-extra,51
Krash & StudioMusic - Apple,presets-extra,51
Krash & TEcHNO - Rhythmic Mantas,presets-extra,51
Krash & TEcHNO - Toxic Fumes,presets-extra,51
Krash & Telek - Real Noughts And Crosses (Random Ending Mix),presets-extra,51
Krash & Telek - Real Noughts and Crosses (Random Ending),presets-extra,51
Krash & Unchained - Ventilation,presets-extra,51
Krash & Zylot - Fireball Mod,presets-extra,51
Krash & Zylot - Inside The Planar Portal (Indecision Mix),presets-extra,51
Krash & Zylot - Inside The Planar Portal (Planet Seeker Remix),presets-extra,51
Krash & yin + Phat + Eo.S. - Designed to Kill,presets-extra,51
Krash & yin + Phat + Eo.S. - Designed to Kill B,presets-extra,51
Krash & yin + Phat + Eo.S. - Designed to Kill _ruby mix,presets-extra,51
Krash & yin + Phat - Electric universe (uncertainty principle)_remix,presets-extra,51
Krash & yin + Phat - Electric universe (uncertainty principle)_remix_v2,presets-extra,51
Krash & yin + Phat - Electric universe (uncertainty principle)_unknown_mix,presets-extra,51
Krash & yin - Electric universe (atomic energy),presets-extra,51
Krash & yin - Electric universe (nuclear secrets),presets-extra,51
Krash & yin - Electric universe (nuclear secrets) (Phat_Carbon_mix),presets-extra,51
Krash & yin - Electric universe (nuclear secrets) (Phat_nuleus_mix),presets-extra,51
Krash & yin - Electric universe (uncertainty principle),presets-extra,51
Krash & yin - Electric universe (variable spin - 001),presets-extra,51
Krash & yin - Electric universe (variable spin - 002),presets-extra,51
Krash & yin - Electric universe (variable spin - 003),presets-extra,51
Krash & yin - Electric universe (variable spin - 004),presets-extra,51
Krash & yin - Electric universe (variable spin),presets-extra,51
Krash (with Rozzor's adaptation of Unchained's beat engine) - heatwaves,presets-extra,51
Krash + Eo.S. - Photographic Sentinel,presets-extra,51
Krash + Eo.S. - Photographic Sentinel_1,presets-extra,51
Krash + Eo.S. - Photographic Sentinel_Phat's_Crayola_Box_mix,presets-extra,51
Krash + Eo.S. - Photographic Sentinel_Phat's_Crayola_Box_mix_v2,presets-extra,51
Krash + Eo.S. - Photographic Sentinel_Phat's_Crayola_Flash_mix,presets-extra,51
Krash + Eo.S. - Photographic Sentinel_Phat's_Doin'_It_Like_We_Do_'mix,presets-extra,51
Krash + Eo.S. - Photographic Sentinel_Phat's_Doin'_It_Like_We_Do_'mix_v2,presets-extra,51
Krash + Eo.S. - Photographic Sentinel_Phat's_Doin'_It_Like_We_Do_UPDATE_mix,presets-extra,51
Krash + Eo.S. - Photographic Sentinel_Phat's_Doin'_It_Like_We_Do_UPDATE_mix_2,presets-extra,51
Krash + Illusion + Geiss - Spiral Movement (Reaction Diffusion mix),butterchurnPresetsExtra2,
Krash + Illusion - Receding Spiral,presets-extra,51
Krash + Illusion - Spiral Movement,butterchurnPresets,
Krash + Rovastar - Cerebral Demons - Phat + Eo.S. Stars Remix,presets-extra,51
Krash + Rovastar - Rainbow Orb,presets-extra,51
Krash + shifter - Witchcraft (illumination mix),presets-extra,51
Krash + shifter - Witchcraft (shifting parchment),presets-extra,51
Krash - 3D Shapes Demo,presets-extra,51
Krash - 3D Shapes Demo 2,presets-extra,51
Krash - 3D Shapes demo2,presets-extra,51
Krash - Aenema,presets-extra,51
Krash - Aenema tweak 4,presets-extra,51
Krash - Aenema tweak 6,presets-extra,51
Krash - Anemea Critter,presets-extra,51
Krash - Aquatic Ripple,presets-extra,51
Krash - Ball Of Combustion,presets-extra,51
Krash - Beat Experimental - Slow Response in Rovastar's and Evil Jim's Advanced Beat Monitor,presets-extra,51
Krash - Beat Experimental in Rovastar's and Evil Jim's Advanced Beat Monitor,presets-extra,51
Krash - Brane Heal,presets-extra,51
Krash - Cardiac Rhythm,presets-extra,51
Krash - Chronoshift,presets-extra,51
Krash - Corkscrew,presets-extra,51
Krash - Digital Flame,presets-extra,51
Krash - Digital Flame (Within The Inferno Mix),presets-extra,51
Krash - Digital Flame_Phat_Remix,presets-extra,51
Krash - Disc,presets-extra,51
Krash - Disc (Dark Spiral Mix),presets-extra,51
Krash - Dreamtime Retold,presets-extra,51
Krash - Duelling Blossoms,presets-extra,51
Krash - Dynamic Borders,presets-extra,51
Krash - Dynamic Borders 1,presets-extra,51
Krash - Dynamic Borders 1_Phat_Remix,presets-extra,51
Krash - Dynamic Borders 1_Phat_Remix_V2_(Milkdrop Beta4),presets-extra,51
Krash - Dynamic Borders 1_Phat_Remix_V3_(Milkdrop Beta4),presets-extra,51
Krash - Dynamic Borders 1_Phat_Remix_V3_Eo.S._Edit(Milkdrop Beta5),presets-extra,51
Krash - Dynamic Borders 1_Phat_Remix_V4_Eo.S._Edit(Milkdrop Beta5),presets-extra,51
Krash - Dynamic Borders 2,presets-extra,51
Krash - Dynamic Borders 3,presets-extra,51
Krash - Event Horizon,presets-extra,51
Krash - Fountain,presets-extra,51
Krash - Framed Geometry,presets-extra,51
Krash - Garden Sprinkler,presets-extra,51
Krash - Heatwaves,presets-extra,51
Krash - Hyperspace,presets-extra,51
Krash - Hypnotic Poltergeist,presets-extra,51
Krash - Hypnotic Poltergeist tweek 1,presets-extra,51
Krash - Hypnotic Poltergeist tweek 2,presets-extra,51
Krash - Indecisive Critter,presets-extra,51
Krash - Indecisive Movement,presets-extra,51
Krash - Indecisive Netting,presets-extra,51
Krash - Interwoven,presets-extra,51
Krash - Interwoven (Nightmare Weft Mix),presets-extra,51
Krash - Krash Flames,presets-extra,51
Krash - Molten Indecision,presets-extra,51
Krash - Molten Indecision (Rozzor Hot Fast tweak),presets-extra,52
Krash - Ocean Sunset,presets-extra,52
Krash - Ocean Sunset With Clouds,presets-extra,52
Krash - Octopus Duel,presets-extra,52
Krash - Oldskool Blend,presets-extra,52
Krash - Orchid Garden,presets-extra,52
Krash - Photographic Memory,presets-extra,52
Krash - Photographic Memory (Rozzor wave mod),presets-extra,52
Krash - Primitive Fireworks,presets-extra,52
Krash - Pulse,presets-extra,52
Krash - Pyrotechnia,presets-extra,52
Krash - Rainbow Reflection 1,presets-extra,52
Krash - Rainbow Reflection 2,presets-extra,52
Krash - Rainbow Reflection v2,presets-extra,52
Krash - Rainbow Reflection v2 (bmel Collisions on the Chain of Life),presets-extra,52
Krash - Rainpainting 1,presets-extra,52
Krash - Rainpainting 2,presets-extra,52
Krash - Rainpainting 2 (Quick Dry Remix),presets-extra,52
Krash - Rainpainting 2 (Responsive Rain Remix),presets-extra,52
Krash - Rainpainting 2 (Triple Sec Remix),presets-extra,52
Krash - Rainpainting 2 (Triple Sec),presets-extra,52
Krash - Schizophrenia,presets-extra,52
Krash - Schizophrenia tweek 1,presets-extra,52
Krash - Schizophrenia tweek 2,presets-extra,52
Krash - Season's Greetings 2,presets-extra,52
Krash - Seasons Greetings,presets-extra,52
Krash - Silent Ocean,presets-extra,52
Krash - Smokebox,presets-extra,52
Krash - Snail,presets-extra,52
Krash - Snowflake Halo,presets-extra,52
Krash - Swelling Spiral,presets-extra,52
Krash - Swelling Spiral (Dark Swirl Mix),presets-extra,52
Krash - Swelling Spiral 1,presets-extra,52
Krash - Swelling Spiral 2,presets-extra,52
Krash - Telomeres (Higher Power Mix),presets-extra,52
Krash - Toxic Treatment,presets-extra,52
Krash - Twisting Indecision,presets-extra,52
Krash - Vinyl Disk,presets-extra,52
Krash - Vinyl Disk (Swirl Mix),presets-extra,52
Krash - War Machine,presets-extra,52
Krash - War Machine (Shifting Complexity Mix),butterchurnPresetsExtra2,
Krash - War Machine (Shifting Complexity Mix) Eo.S. + Phat border remix,presets-extra,52
Krash - War Machine (Shifting Complexity Mix) Eo.S. + Phat music remix,presets-extra,52
Krash - War Machine (Sumpkin Mix),presets-extra,52
Krash - Window To Quasilinear Submanifolds,presets-extra,52
Krash - Windowframe To Mega Swirl (Sumpkin Mix),presets-extra,52
Krash - Windowframe To Mega Swirl 2,presets-extra,52
Krash - Zero G Combustion,presets-extra,52
Krash - Zylot's Fireball,presets-extra,52
Krash - cardiac rhythm (Swirl Mix),presets-extra,52
Krash - digital flame (within the inferno),presets-extra,52
Krash - interwoven (nightmare weft),presets-extra,52
Krash - interwoven (nightmare weft)_Phat_Edit,presets-extra,52
Krash - interwoven (nightmare weft)_Phat_Edit_test,presets-extra,52
Krash - interwoven (nightmare weft)_Phat_Eo.S_Maybe_Ill_Go_To_A_Party and dance,presets-extra,52
Krash - interwoven (nightmare weft)_Phat_Eo.S_Maybe_Ill_Go_To_A_Party and dance b,presets-extra,52
Krash - interwoven (nightmare weft)_Phat_Eo.S_Maybe_Ill_Go_To_A_Party and dance e,presets-extra,52
Krash - interwoven (nightmare weft)_Phat_Eo.S_Maybe_Ill_Go_To_A_Party and dance i light beyond,presets-extra,52
Krash - interwoven (nightmare weft)_Phat_Eo.S_Maybe_Ill_Go_To_A_Party and dance j light beyond,presets-extra,52
Krash - interwoven (nightmare weft)_Phat_Eo.S_Maybe_Ill_Go_To_A_Party and wiggle,presets-extra,52
Krash - interwoven (nightmare weft)_Phats_I_Wana_Fuck_Some_Candy_Kids...,presets-extra,52
Krash - interwoven (nightmare weft)_Phats_Maybe_Ill_Go_To_A_Party,presets-extra,52
Krash - interwoven (nightmare weft)_Phats_Maybe_Ill_Go_To_A_Party_1,presets-extra,52
Krash - molten indecision-fvese-remix,presets-extra,52
Krash - primitive firework - TEST,presets-extra,52
Krash - rainpainting,presets-extra,52
Krash - rainpainting 2 (quick dry paint),presets-extra,52
Krash - rainpainting 2 (responsive rain),presets-extra,52
Krash - systolic pressure,presets-extra,52
Krash - systolic pressure (Eo.S. remix),presets-extra,52
Krash - telomeres,presets-extra,52
Krash - telomeres (higher power),presets-extra,52
Krash - toxic treatment (Unchained color mod),presets-extra,52
Krash - vinyl disc,presets-extra,52
Krash - war machine (shifting complexity),presets-extra,52
Krash - zero-g combustion,presets-extra,52
Krash and Fvese - Molten Indecision (Fvese Remix),presets-extra,52
Krash and Nigel - drop1 (Nigel's Original Intent),presets-extra,52
Krash and Nigel - dropbow (Nigel's new intent),presets-extra,52
Krash and Nigel - dropfish (Nigel's new intent2.3 ),presets-extra,52
Krash and Pithlit - Peaceful Indecision (Rozzor Tripmaker mashup),presets-extra,52
Krash and Rocke - Alice (Subtle Colour Mix),presets-extra,52
Krash and Rovastar - Altars of Madness (Mad Ocean Mix),presets-extra,52
Krash and Rovastar - Four Aces,presets-extra,52
Krash and Rovastar - Harlequin's Spirit (Fractured Psyche Mix),presets-extra,52
Krash and Rovastar - Multiverse Starfield (indecisive mix),presets-extra,52
Krash and Rovastar - Rainbow Orb,presets-extra,52
Krash and Rovastar - Rainbow Orb (Sumpkin Answer.42 Mix),presets-extra,52
Krash and Rovastar - Rainbow Orb 2,presets-extra,52
Krash and Rovastar - Rainbow Orb 2 Peacock (Bmelgren's Compelling Vision),presets-extra,52
Krash and Rovastar - Rainbow Orb 2 Peacock (Sumpkin Tweak),presets-extra,52
Krash and Rovastar - Rainbow Orb 2 Peacock (bmel Sonic Flame),presets-extra,52
Krash and Rovastar - Rainbow Orb 2 Peacock - Bmel  Untitled,presets-extra,52
Krash and Rovastar - Rainbow Orb 2 Peacock - Bmel Centered Journey,presets-extra,52
Krash and Rovastar - Rainbow Orb 2 Peacock - Bmel Centered Journey w Mickey Ears,presets-extra,52
Krash and Rovastar - Rainbow Orb 2 Peacock - Bmel Compelling Vision,presets-extra,52
Krash and Rovastar - Rainbow Orb 2 Peacock - Bmel Finest Flight 2,presets-extra,52
Krash and Rovastar - Rainbow Orb 2 Peacock - Bmel Lonely Signal Gone Brave,presets-extra,52
Krash and Rovastar - Rainbow Orb 2 Peacock - Bmel Lonely Signal Gone Mad,presets-extra,52
Krash and Rovastar - Rainbow Orb 2 Peacock - Bmel Unknowable Source 2,presets-extra,52
Krash and Rovastar - Rainbow Orb 2 Peacock - Bmel Unknowable Source 3,presets-extra,52
Krash and Rovastar - Rainbow Orb 2 Peacock - Bmel Unknowable Source 4,presets-extra,52
Krash and Rovastar - Rainbow Orb 2 Peacock - Bmel Unknowable Source 5,presets-extra,52
Krash and Rovastar - Rainbow Orb 2 Peacock - Bmel Unknowable Source 6,presets-extra,52
Krash and Rovastar - Terminal X (twin terminal mix),presets-extra,52
Krash and Rovastar - cerebral demons (distant memory mix),presets-extra,52
Krash and T Miles - Navigator (Broken Compass),presets-extra,52
Krash and T Miles - Navigator (Reactive Compass),presets-extra,52
Krash and TEcHNO - Rhythmic Mantas,presets-extra,52
Krash and TEcHNO - Toxic Fumes,presets-extra,52
Krash and Telek - Real Noughts and Crosses,presets-extra,52
Krash and Telek - Real Noughts and Crosses (Ending),presets-extra,52
Krash and Telek - Real Noughts and Crosses (Random Ending),presets-extra,52
Krash and Telek - Real Noughts and Crosses (Tic-Tac-Toe Remix),presets-extra,52
Krash and Unchained - Ventilation,presets-extra,52
Krash and Zylot - Arcane Star,presets-extra,52
Krash and Zylot - Snowflake Halo (Ice Cube mix),presets-extra,52
Krash and idiot - Memories of the Castle,presets-extra,52
Krash and idiot24-7 - Dazzling Fury,presets-extra,52
Krash and idiot24-7 - Disappearing Wave,presets-extra,52
Krash and idiot24-7 - Dont ask me,presets-extra,52
Krash n' Unchained - Toxic Cauldron,presets-extra,52
Krash n' Unchained - Toxic Spinner,presets-extra,52
Krash vs Rovastar - Mixed Disks,presets-extra,52
Krash vs Zylot - Rainpainting vs Cyberia (by idiot 2),presets-extra,52
Krash vs Zylot - Rainpainting vs Cyberia (by idiot 3),presets-extra,52
Krash vs Zylot - Rainpainting vs Cyberia (by idiot),presets-extra,52
Krash&Rocke-Alice(SubtleColour,presets-extra,52
Krash&Rovastar-AMillionMilesf,presets-extra,53
Krash&Rovastar-AMillionMilesfr,presets-extra,53
Krash&Rovastar-AltarsofMadness,presets-extra,53
Krash&Rovastar-CerebralDemons(D,presets-extra,53
Krash&Rovastar-Harlequin'sSpirit,presets-extra,53
Krash&Rovastar-MultiverseStarfie,presets-extra,53
Krash&Rovastar-TerminalX(DualT,presets-extra,53
Krash&Rovastar-TheDevilIsInTh,presets-extra,53
Krash&Rovastar-TrippySperm(Mult,presets-extra,53
Krash&StudioMusic-Spider'sHeave,presets-extra,53
Krash&idiot-memoriesofthecastle,presets-extra,53
Krash&illusion-indecisivemosaic,presets-extra,53
Krash&nigel-drop,presets-extra,53
Krash&rocke-alice(subtlecolourmix),presets-extra,53
Krash&rovastar-altarsofm(madoceanmix),presets-extra,53
Krash&rovastar-ami(spatialanomalymix),presets-extra,53
Krash&rovastar-amillionmil(ripplemix),presets-extra,53
Krash&rovastar-cere(distantmemorymix),presets-extra,53
Krash&rovastar-dreamtimeretold,presets-extra,53
Krash&rovastar-fouraces,presets-extra,53
Krash&rovastar-ha(fracturedpsychemix),presets-extra,53
Krash&rovastar-multive(indecisivemix),presets-extra,53
Krash&rovastar-rainboworb1,presets-extra,53
Krash&rovastar-rainboworb2,presets-extra,53
Krash&rovastar-switchingpolygons,presets-extra,53
Krash&rovastar-terminalx(dualterminal,presets-extra,53
Krash&rovastar-thedevilisinthedetails,presets-extra,53
Krash&rovastar-trippysperm(multidirec,presets-extra,53
Krash&studiomusic-apple,presets-extra,53
Krash&studiomusic-spidersheave(remix),presets-extra,53
Krash&techno-rhythmicmantas,presets-extra,53
Krash&techno-toxicfumes,presets-extra,53
Krash&telek-realnoug(randomendingmix),presets-extra,53
Krash&unchained-ventilation,presets-extra,53
Krash&zylot-fireballmod,presets-extra,53
Krash&zylot-insidethep(indecisionmix),presets-extra,53
Krash-3dshapesdemo,presets-extra,53
Krash-3dshapesdemo2,presets-extra,53
Krash-DigitalFlame(WithinTheInf,presets-extra,53
Krash-Rainpainting2(QuickDryRem,presets-extra,53
Krash-Rainpainting2(ResponsiveRa,presets-extra,53
Krash-Rainpainting2(TripleSecRe,presets-extra,53
Krash-Season'sGreetings2,presets-extra,53
Krash-WindowToQuasilinearSubmani,presets-extra,53
Krash-aenema,presets-extra,53
Krash-anemeacritter,presets-extra,53
Krash-aquaticripple,presets-extra,53
Krash-ballofcombustion,presets-extra,53
Krash-braneheal,presets-extra,53
Krash-cardiacrhythm,presets-extra,53
Krash-chronoshift,presets-extra,53
Krash-corkscrew,presets-extra,53
Krash-digitalflame,presets-extra,53
Krash-digitalflame(withintheinfernomi,presets-extra,53
Krash-disc,presets-extra,53
Krash-duellingblossoms,presets-extra,53
Krash-dynamicborders1,presets-extra,53
Krash-dynamicborders2,presets-extra,53
Krash-dynamicborders3,presets-extra,53
Krash-eventhorizon,presets-extra,53
Krash-fountain,presets-extra,53
Krash-framedgeometry,presets-extra,53
Krash-gardensprinkler,presets-extra,53
Krash-heatwaves,presets-extra,53
Krash-hyperspace,presets-extra,53
Krash-hypnoticpoltergeist,presets-extra,53
Krash-indecisivecritter,presets-extra,53
Krash-indecisivemovement,presets-extra,53
Krash-indecisivenetting,presets-extra,53
Krash-interwoven,presets-extra,53
Krash-interwoven(nightmareweftmix),presets-extra,53
Krash-krashflames,presets-extra,53
Krash-moltenindecision,presets-extra,53
Krash-oceansunset,presets-extra,53
Krash-oceansunsetwithclouds,presets-extra,53
Krash-octopusduel,presets-extra,53
Krash-oldskoolblend,presets-extra,53
Krash-photographicmemory,presets-extra,53
Krash-primitivefireworks,presets-extra,53
Krash-pulse,presets-extra,53
Krash-pyrotechnia,presets-extra,53
Krash-rainbowreflection1,presets-extra,53
Krash-rainbowreflection2,presets-extra,53
Krash-rainpainting1,presets-extra,53
Krash-rainpainting2,presets-extra,53
Krash-rainpainting2(quickdryremix),presets-extra,53
Krash-rainpainting2(responsiverainrem,presets-extra,53
Krash-rainpainting2(triplesecremix),presets-extra,53
Krash-schizophrenia,presets-extra,53
Krash-seasonsgreetings,presets-extra,53
Krash-seasonsgreetings2,presets-extra,53
Krash-silentocean,presets-extra,53
Krash-smokebox,presets-extra,53
Krash-snail,presets-extra,53
Krash-snowflakehalo,presets-extra,53
Krash-swellingspiral1,presets-extra,53
Krash-swellingspiral2,presets-extra,53
Krash-systolicpressure,presets-extra,53
Krash-telomeres,presets-extra,53
Krash-telomeres(higherpowermix),presets-extra,53
Krash-toxictreatment,presets-extra,53
Krash-twistingindecision,presets-extra,53
Krash-vinyldisk,presets-extra,53
Krash-warmachine,presets-extra,53
Krash-warmachine(shiftingcomplexitymi,presets-extra,53
Krash-windowframetomegaswirl2,presets-extra,53
Krash-windowtoquasilinearsubmanifolds,presets-extra,53
Krash-zerogcombustion,presets-extra,53
Krasheos-photographicsentinel,presets-extra,53
Krasheos-photographicsentinelphatscr,presets-extra,53
Krasheos-photographicsentinelphatscra,presets-extra,53
Krasheos-photographicsentinelphatscv2,presets-extra,53
Krasheos-photographicsentinelphatsdoi,presets-extra,53
Krasheos-photographicsentinelphatsdv2,presets-extra,53
Kronos,presets-extra,53
Kronos' Twisted Spawn,presets-extra,53
LSD Bloom,presets-extra,53
LabFunk,presets-extra,53
Laced With Love,presets-extra,53
Landscape,presets-extra,53
Lava,presets-extra,53
Lense,presets-extra,53
LeuX - Finish3,presets-extra,53
Lexual Healin' - Silence Seeking Equilibrium,presets-extra,53
Light of the Path,presets-extra,53
Lightspeed & MStress - Flying Dandelions,presets-extra,53
Lightspeed - Dune,presets-extra,53
Lightspeed - Dune 0,presets-extra,53
Lightspeed - Dune 1,presets-extra,54
Lightspeed - Dune 2,presets-extra,54
Lightspeed - Dune 3,presets-extra,54
Lightspeed and Zylot - Dune (Sandstorm mix),presets-extra,54
Lightspeed and idiot - Dune (remix),presets-extra,54
Lightspeed&MStress-FlyingDandeli,presets-extra,54
Lightspeed&mstress-flyingdandelions,presets-extra,54
Lightspeed-dune,presets-extra,54
Lightspeed-dune0,presets-extra,54
Lightspeed-dune1,presets-extra,54
Lightspeed-dune2,presets-extra,54
Lightspeed-dune3,presets-extra,54
Liquardo Blitz,presets-extra,54
Liquardo Remix,presets-extra,54
Liquid Chrome,presets-extra,54
Liquid Skies,presets-extra,54
Liquido,presets-extra,54
Living Comet,presets-extra,54
Living Picture,presets-extra,54
Living Wall,presets-extra,54
LivingComet,presets-extra,54
Loadus & Geiss - Drifter,presets-extra,54
Loadus & Geiss - Drifter 2,presets-extra,54
Loadus & Geiss - Drifter 3,presets-extra,54
Loadus & Geiss - FractalDrop 10,presets-extra,54
Loadus & Geiss - FractalDrop 11,presets-extra,54
Loadus & Geiss - FractalDrop 12,presets-extra,54
Loadus & Geiss - FractalDrop 13,presets-extra,54
Loadus & Geiss - FractalDrop 14,presets-extra,54
Loadus & Geiss - FractalDrop 15,presets-extra,54
Loadus & Geiss - FractalDrop 16,presets-extra,54
Loadus & Geiss - FractalDrop 17,presets-extra,54
Loadus & Geiss - FractalDrop 18,presets-extra,54
Loadus & Geiss - FractalDrop 19,presets-extra,54
Loadus & Geiss - FractalDrop 2,presets-extra,54
Loadus & Geiss - FractalDrop 20,presets-extra,54
Loadus & Geiss - FractalDrop 21,presets-extra,54
Loadus & Geiss - FractalDrop 22,presets-extra,54
Loadus & Geiss - FractalDrop 23,presets-extra,54
Loadus & Geiss - FractalDrop 24,presets-extra,54
Loadus & Geiss - FractalDrop 25,presets-extra,54
Loadus & Geiss - FractalDrop 26,presets-extra,54
Loadus & Geiss - FractalDrop 27,presets-extra,54
Loadus & Geiss - FractalDrop 28,presets-extra,54
Loadus & Geiss - FractalDrop 29,presets-extra,54
Loadus & Geiss - FractalDrop 3,presets-extra,54
Loadus & Geiss - FractalDrop 30,presets-extra,54
Loadus & Geiss - FractalDrop 31,presets-extra,54
Loadus & Geiss - FractalDrop 32,presets-extra,54
Loadus & Geiss - FractalDrop 34,presets-extra,54
Loadus & Geiss - FractalDrop 35,presets-extra,54
Loadus & Geiss - FractalDrop 36,presets-extra,54
Loadus & Geiss - FractalDrop 37,presets-extra,54
Loadus & Geiss - FractalDrop 38,presets-extra,54
Loadus & Geiss - FractalDrop 39,presets-extra,54
Loadus & Geiss - FractalDrop 4,presets-extra,54
Loadus & Geiss - FractalDrop 40,presets-extra,54
Loadus & Geiss - FractalDrop 42,presets-extra,54
Loadus & Geiss - FractalDrop 43,presets-extra,54
Loadus & Geiss - FractalDrop 44,presets-extra,54
Loadus & Geiss - FractalDrop 45,presets-extra,54
Loadus & Geiss - FractalDrop 46,presets-extra,54
Loadus & Geiss - FractalDrop 47,presets-extra,54
Loadus & Geiss - FractalDrop 48,presets-extra,54
Loadus & Geiss - FractalDrop 49,presets-extra,54
Loadus & Geiss - FractalDrop 5,presets-extra,54
Loadus & Geiss - FractalDrop 50,presets-extra,54
Loadus & Geiss - FractalDrop 51,presets-extra,54
Loadus & Geiss - FractalDrop 52,presets-extra,54
Loadus & Geiss - FractalDrop 53,presets-extra,54
Loadus & Geiss - FractalDrop 6,presets-extra,54
Loadus & Geiss - FractalDrop 7,presets-extra,54
Loadus & Geiss - FractalDrop 8,presets-extra,54
Loadus & Geiss - FractalDrop 9,presets-extra,54
Logic Morph,presets-extra,54
Lothart's Blanket,presets-extra,54
LuX - Eureka (Blue in this World Mix),presets-extra,54
LuX - Metal Fire Nematodes,presets-extra,54
LuX - Work in Progrgegersresesss_2,presets-extra,54
LuX - shifter - spectro Remix 1.0,presets-extra,54
LuX - shifter - spectro Remix 2.0,presets-extra,54
LuX_Eureka-I_am_god,presets-extra,54
LuX_Eureka-I_am_god 2,presets-extra,54
LuX_Eureka-TheLightsinmyHead_mix_1,presets-extra,54
LuX_TheLightsRseparating,presets-extra,54
LuX_electric_pollen_being_sustained,presets-extra,54
LuxXx - Godflower,presets-extra,54
LuxXx - Godgrinders 2,presets-extra,54
LuxXx - Godgrinders 3,presets-extra,54
LuxXx - Godwheels 3 (Neon),presets-extra,54
LuxXx - GrindFace  225 mg dose  ,butterchurnPresetsExtra2,
LuxXx - Subtle HipHopFlake,butterchurnPresetsExtra2,
LuxXx - Zylot & Idiot - Face BDRV et  AL  rmx ketama mix,presets-extra,54
LuxXx - iWhat Happened Right After I Ate That Toxic Waste beta ii,butterchurnPresetsExtra2,
MStress & Lightspeed - Flying Dandelions,presets-extra,54
MStress 'n Boz - Bad mirroring,presets-extra,54
MStress&Lightspeed-FlyingDandeli,presets-extra,54
MStress'nBoz-Badmirroring,presets-extra,54
Magma Crawl,presets-extra,54
Magma Flow,presets-extra,54
Magma Vein,presets-extra,54
Magnetic Dirge,presets-extra,54
Malte - Hyper Drug Warp,presets-extra,54
Malte vs Rovastar - Circle Of Deeper Meaning,presets-extra,54
Malte vs Rovastar - Circle Of Drug Warp,presets-extra,54
Malte-hyperdrugwarp,presets-extra,54
Martin - Diabolo,butterchurnPresetsExtra,
Martin - QBikal - Surface Turbulence IIb,butterchurnPresets,
Martin - acid wiring,butterchurnPresets,
Martin - bombyx mori mix2,butterchurnPresetsExtra,
Martin - charisma,butterchurnPresets,
Martin - cool morning,butterchurnPresetsExtra2,
Martin - disco mix 3 -fast,butterchurnPresetsExtra,
Martin - disco mix 6,butterchurnPresetsExtra,
Martin - journey into space,butterchurnPresetsExtra,
Martin - liquid arrows,butterchurnPresets,
Martin N AdamFX Infusion = Phat+Yin+Eo.S_Mandala Chaser Ft AdamFX n Martin - The Beast Mandala Chaser FX H,butterchurnPresetsExtra2,
Mashup AdamFX 2 Unchained - Ambrosia Legend + Luckless + A Hardman To kill + Beyond the strife  + Demonology  + Geiss,presets-extra,54
Mefit's Miniature Meteor,presets-extra,54
MegalomaGreg - Ambitions,presets-extra,54
MegalomaGreg - Purple Haze,presets-extra,54
Megalomagreg - Learning,presets-extra,54
Megalomagreg - Searching,presets-extra,54
Megalomagreg - Stretching squarangle,presets-extra,54
Megalomagreg - Warp test,presets-extra,54
Merchant of Groove,presets-extra,54
Mercury Doughnut JD,presets-extra,54
Method Acting,presets-extra,54
Microcosm,presets-extra,54
Milk Artist At our Best - FED - SlowFast Ft AdamFX n Martin - HD CosmoFX,butterchurnPresets,
Mind Bomb,presets-extra,54
Mind Of Dr. Hoffman,presets-extra,54
Mind of Azirphaeli,presets-extra,54
Mind of Morat,presets-extra,54
Mind of Narell,presets-extra,54
Mind of Zigrot,presets-extra,54
MisterJingo - Lava,presets-extra,54
MisterJingo - Nova,presets-extra,54
Misterjingo-lava,presets-extra,54
Misterjingo-nova,presets-extra,54
Mixing Pot,presets-extra,55
Modal Rotation,presets-extra,55
Modron's Sphere,presets-extra,55
ModronsCube,presets-extra,55
Mojo In My Afro,presets-extra,55
Morat's Astral Insight,presets-extra,55
Morat's Cauldron,presets-extra,55
Morat's Disk,presets-extra,55
Morat's Soul Cage,presets-extra,55
Morphing Mass,presets-extra,55
Morphing Polygons,presets-extra,55
Mountain Snail,presets-extra,55
Movingpicture,presets-extra,55
Mr_Zoolook - Analyser (basic),presets-extra,55
Mr_Zoolook - Dart spinner,presets-extra,55
Mr_Zoolook - Electric tornado,presets-extra,55
Mr_Zoolook - Fluffy,presets-extra,55
Mr_Zoolook - Fluffy (one way or another [cls]),presets-extra,55
Mr_Zoolook - Fluffy (one way or another),presets-extra,55
Mr_Zoolook - Fluffy (pulsar),presets-extra,55
Mr_Zoolook - Fractalite,presets-extra,55
Mr_Zoolook - Fractalite (confusuion central),presets-extra,55
Mr_Zoolook - Fractalite (continuous),presets-extra,55
Mr_Zoolook - Fractalite (curly),presets-extra,55
Mr_Zoolook - Fractalite (wavey),presets-extra,55
Mr_Zoolook - Hypnodisc,presets-extra,55
Mr_Zoolook - Not so sexy scrolling voiceprint,presets-extra,55
Mr_Zoolook - Not so sexy scrolling voiceprint (tornado edit),presets-extra,55
Mr_Zoolook - Osciloscope (basic),presets-extra,55
Mr_Zoolook - Osciloscope (with beat detect),presets-extra,55
Mr_Zoolook - Pinwheel,presets-extra,55
Mr_Zoolook - Pinwheel (beat detect [synchro]),presets-extra,55
Mr_Zoolook - Pinwheel (reactive [constant spin]),presets-extra,55
Mr_Zoolook - Pinwheel (reactive),presets-extra,55
Mr_Zoolook - Race against originality,presets-extra,55
Mr_Zoolook - Spin doctor,presets-extra,55
Mr_Zoolook - System,presets-extra,55
Mr_Zoolook - Terrain,presets-extra,55
Mstress & Darius - Pursuing The Sunset,presets-extra,55
Mstress & Idiot - Trapped Swirlie,presets-extra,55
Mstress & Juppy - Dancer,presets-extra,55
Mstress & Juppy - Dancers In The Dark,presets-extra,55
Mstress & Juppy - Lonely Dancer Fantasies,presets-extra,55
Mstress & Zylot - Acid UFO,presets-extra,55
Mstress & Zylot - Acid UFO (Swirl Mix),presets-extra,55
Mstress & Zylot - Face (Music Stoned Eyes Mix),presets-extra,55
Mstress & Zylot - Trapped Swirlie (Rainbow Mix),presets-extra,55
Mstress + Zylot - Acid UFO,presets-extra,55
Mstress - Acid Universes,presets-extra,55
Mstress - Acid Universes (Big Bang Interferences Mix 2),presets-extra,55
Mstress - Acid Universes (Big Bang Interferences Mix),presets-extra,55
Mstress - Acoustic Nerve Impulses,presets-extra,55
Mstress - Acoustic Nerve Impulses (Arriving In The Brain Mix),presets-extra,55
Mstress - Acoustic Nerve Impulses (Lost In The Brain Mix),presets-extra,55
Mstress - Acoustic Nerve Impulses (Primary Colors Of Sound Mix),presets-extra,55
Mstress - Acoustic Nerve Impulses (Under Drug And Alcohol Effects Mix),presets-extra,55
Mstress - Acoustic Nerve Impulses (Under Drug Effetcs (Hypnotic Mix)),presets-extra,55
Mstress - Acoustic Nerve Impulses (Under Drug Effetcs Mix),presets-extra,55
Mstress - Aurora Boreale,presets-extra,55
Mstress - Color Eater,presets-extra,55
Mstress - Color Eater (Static Mix),presets-extra,55
Mstress - Color Eater rmx,presets-extra,55
Mstress - Color Rain,presets-extra,55
Mstress - Colored Nova,presets-extra,55
Mstress - Curtain,presets-extra,55
Mstress - Fireworks,presets-extra,55
Mstress - Flyin' In fireworks 3.24,presets-extra,55
Mstress - Flyin' in fireworks3.24,presets-extra,55
Mstress - Kaleidoscope,presets-extra,55
Mstress - Lost In Eye,presets-extra,55
Mstress - Quiet Lake3,presets-extra,55
Mstress - Snails Discoteque,presets-extra,55
Mstress - Snowing Fiber City,presets-extra,55
Mstress - Super Nova Self Control (Black Hole Mix),presets-extra,55
Mstress - Super Nova Self Control (Centrifugal Shower Mix),presets-extra,55
Mstress - Super Nova Self Control (Gamma 1 Mix),presets-extra,55
Mstress - Super nova self control,presets-extra,55
Mstress - Super nova self control (Black Hole),presets-extra,55
Mstress - Super nova self control (Gamma 1),presets-extra,55
Mstress - Super nova self control (centrifugal shower),presets-extra,55
Mstress - Toxic Storm On Acid Sea,presets-extra,55
Mstress - Toxic Storm On Acid Sea (Seasickness Remix),presets-extra,55
Mstress - Toxic Storm On Acid Sea (Smoother Lightning Mix),presets-extra,55
Mstress - Trapped Ball,presets-extra,55
Mstress - Trapped ufo,presets-extra,55
Mstress - Unreachable,presets-extra,55
Mstress - Warp,presets-extra,55
Mstress - toxic storm on acid sea (smoother lightning),presets-extra,55
Mstress and Giuppy - Don't drink to the disco! (Krash and Zylot lazer formula),presets-extra,55
Mstress and Giuppy - Don't drink to the disco! 2 (Krash and Zylot lazer formula),presets-extra,55
Mstress and Juppy - Dancer,presets-extra,55
Mstress and Juppy - Dancers in the dark,presets-extra,55
Mstress and Juppy - Lonely dancer fantasies,presets-extra,55
Mstress and Zylot - Trapped Ball (Rainbow Mix),presets-extra,55
Mstress and Zylot - toxic storm on acid sea (The End of the World reMix),presets-extra,55
Mstress and idiot - Trapped Swirlie,presets-extra,55
Mstress and idiot Zylot - Trapped Swirlie (rainbow mix),presets-extra,55
Mstress&Darius-PursuingTheSunse,presets-extra,55
Mstress&Juppy-LonelyDancerFanta,presets-extra,55
Mstress&Zylot-Face(MusicStoned,presets-extra,55
Mstress&Zylot-TrappedSwirlie(Ra,presets-extra,55
Mstress&darius-pursuingthesunset,presets-extra,55
Mstress&idiot-trappedswirlie,presets-extra,55
Mstress&juppy-dancer,presets-extra,55
Mstress&juppy-dancersinthedark,presets-extra,55
Mstress&juppy-lonelydancerfantasies,presets-extra,55
Mstress&lightspeed-flyingdandelions,presets-extra,55
Mstress&zylot-acidufo,presets-extra,55
Mstress&zylot-face(musicstonedeyesmix,presets-extra,55
Mstress&zylot-trappedswir(rainbowmix),presets-extra,55
Mstress-AcidUniverses(BigBangI,presets-extra,55
Mstress-AcidUniverses(BigBangIn,presets-extra,55
Mstress-AcousticNerveImpulses(,presets-extra,55
Mstress-AcousticNerveImpulses(Ar,presets-extra,55
Mstress-AcousticNerveImpulses(Lo,presets-extra,55
Mstress-AcousticNerveImpulses(Pr,presets-extra,55
Mstress-AcousticNerveImpulses(U,presets-extra,55
Mstress-AcousticNerveImpulses(Un,presets-extra,55
Mstress-Flyin'Infireworks3.24,presets-extra,55
Mstress-SuperNovaSelfControl(Bl,presets-extra,55
Mstress-SuperNovaSelfControl(Ce,presets-extra,55
Mstress-SuperNovaSelfControl(Ga,presets-extra,55
Mstress-ToxicStormOnAcidSea(Se,presets-extra,55
Mstress-ToxicStormOnAcidSea(Sm,presets-extra,55
Mstress-aciduniverses,presets-extra,55
Mstress-aciduniverses(bigbanginterf2),presets-extra,55
Mstress-aciduniverses(bigbanginterfer,presets-extra,55
Mstress-acousticnerveimp(hypnoticmix),presets-extra,55
Mstress-acousticnerveimpulses,presets-extra,56
Mstress-acousticnerveimpulses(arrivin,presets-extra,56
Mstress-acousticnerveimpulses(lostint,presets-extra,56
Mstress-acousticnerveimpulses(primary,presets-extra,56
Mstress-acousticnerveimpulses(underd,presets-extra,56
Mstress-acousticnerveimpulses(underdr,presets-extra,56
Mstress-auroraboreale,presets-extra,56
Mstress-coloreater,presets-extra,56
Mstress-coloreater(staticmix),presets-extra,56
Mstress-colorednova,presets-extra,56
Mstress-colorrain,presets-extra,56
Mstress-curtain,presets-extra,56
Mstress-fireworks,presets-extra,56
Mstress-flyininfireworks324,presets-extra,56
Mstress-kaleidoscope,presets-extra,56
Mstress-lostineye,presets-extra,56
Mstress-quietlake3,presets-extra,56
Mstress-snailsdiscoteque,presets-extra,56
Mstress-snowingfibercity,presets-extra,56
Mstress-supernovaselfco(blackholemix),presets-extra,56
Mstress-supernovaselfcontr(gamma1mix),presets-extra,56
Mstress-supernovaselfcontrol,presets-extra,56
Mstress-supernovaselfcontrol(centrifu,presets-extra,56
Mstress-toxicstormo(seasicknessremix),presets-extra,56
Mstress-toxicstormonacidsea,presets-extra,56
Mstress-toxicstormonacidsea(smootherl,presets-extra,56
Mstress-trappedball,presets-extra,56
Mstress-trappedufo,presets-extra,56
Mstress-unreachable,presets-extra,56
Mstress-warp,presets-extra,56
MstressandZylot-TrappedBall(Rai,presets-extra,56
Mstressandzylot-trappedba(rainbowmix),presets-extra,56
Mstressnboz-badmirroring,presets-extra,56
Murderous Orb,presets-extra,56
Music box,presets-extra,56
NB-Correction,presets-extra,56
NB-Starburst,presets-extra,56
Naked Intrusion,presets-extra,56
Narell's Corrupt Star,presets-extra,56
Narell's Fever,presets-extra,56
Nate - A Thousand Tiny Mirrors,presets-extra,56
Nate - Remnants of Black,presets-extra,56
Nauseous Checkerboard JD,presets-extra,56
NeW ADAM MASTER MASHUP FX 2 Unchained - Ambrosia Legend + Luckless,presets-extra,56
NeW ADAM MASTER MASHUP FX 2 Unchained - Ambrosia Legend + Luckless + A Hardman To kill ,presets-extra,56
NeW ADAM MASTER MASHUP FX 2 Unchained - Ambrosia Legend + Luckless + A Hardman To kill + Beyond the strife  + Demonology ,presets-extra,56
NeW ADAM MASTER MASHUP FX 2 Unchained - Ambrosia Legend + Luckless + A Hardman To kill + Beyond the strife  + Demonology Unchained ,presets-extra,56
NeW ADAM MASTER MASHUP FX 2 Unchained - Ambrosia Legend + Luckless + A Hardman To kill + Beyond the strife  nexus,presets-extra,56
NeW ADAM MASTER MASHUP FX 2 Unchained - Ambrosia Legend + Luckless + Feel Free to Fall + Beyond the strife  + Demonology Unchained ,presets-extra,56
NeW ADAM MASTER MASHUP FX 2 Unchained - Games with light and sound  + Luckless + Feel Free to Fall + Beyond the strife  + Demonology Unchained ,presets-extra,56
NeW ADAM MASTER MASHUP FX 2 Unchained - Games with light and sound  + Shifter Lenticle ,presets-extra,56
NeW ADAM MASTER MASHUP FX 2 Unchained - Games with light and sound  + making a science of it  + Beyond the strife  + Demonology Unchained ,presets-extra,56
NeW ADAM MASTER MASHUP FX 2 Unchained - Games with light and sound  + making a science of it + Picture of Exile  +  Picture of Posion,presets-extra,56
NeW ADAM MASTER MASHUP FX 2 Unchained - Games with light and sound  + making a science of it + Picture of Exile  +  Tenticle Rape ,presets-extra,56
NeW ADAM MASTER MASHUP FX 2 Unchained - Games with light and sound  + making a science of it + Picture of Exile  +  Those Who Doubted ,presets-extra,56
NeW ADAM MASTER MASHUP FX 2 Unchained - Games with light and sound  + making a science of it + Picture of Exile  +  Tribal,presets-extra,56
NeW ADAM MASTER MASHUP FX 2 Unchained - Games with light and sound  + making a science of it + Picture of Exile  + Demonology Unchained ,presets-extra,56
NeW ADAM MASTER MASHUP FX 2 Unchained - Games with light and sound  + making a science of it + Trick Gone Psycho ,presets-extra,56
NeW ADAM MASTER MASHUP FX 2 Unchained - Games with light and sound  + making a science of it + Vovan - Spoke,presets-extra,56
NeW ADAM MASTER MASHUP FX 2 Unchained - Games with light and sound  + making a science of it + telek -yellow lines,presets-extra,56
NeW ADAM MASTER MASHUP FX 2 nil + EMPR - Electron Flow (Copper Wire Mix) +  Mstress Snowing Fiber city  + Other Milkdrop artist ,presets-extra,56
NeW ADAM MASTER MASHUP FX 2 nil + EMPR - Electron Flow (Copper Wire Mix) +  Mstress Snowing Fiber city + Phat Eos ,presets-extra,56
Negative Harmony,presets-extra,56
Neuro - Fast Comet 2 (Liquid Mix),presets-extra,56
Neuro - Star Vision (Liquid Mix),presets-extra,56
Neuro - Starover2,presets-extra,56
Neuro - Tunnel Electro 2,presets-extra,56
Neuro-blackholebass,presets-extra,56
Neuro-fastcomet,presets-extra,56
Neuro-fastcomet2,presets-extra,56
Neuro-fastcomet2(liquidmix),presets-extra,56
Neuro-simple,presets-extra,56
Neuro-starvision,presets-extra,56
Neuro-starvision(liquidmix),presets-extra,56
Neuro-tunnelelectro,presets-extra,56
Neuro-tunnelelectro2,presets-extra,56
Neuro-visual,presets-extra,56
New (Blank idiot Beat detection V1),presets-extra,56
New (Bouncing Ball Code fixed),presets-extra,56
New (Indecision Code),presets-extra,56
New (Indecision code for MV),presets-extra,56
New (Rust),presets-extra,56
New (Seceret Wave),presets-extra,56
New (Unchained Beat Code -  coler code),presets-extra,56
New (Vectrip Code),presets-extra,56
New (bass treb mid) 3,presets-extra,56
New Master Mashup FX 2 Rovastar + Unchained - Voodoo Chess Magnet (Everglow Mix)+ Krash AdamOFX,presets-extra,56
New Master Mashup FX 2 Rovastar + Unchained - Voodoo Chess Magnet (Everglow Mix)+ Krash AdamOFX + Painterly ,presets-extra,56
NiGHtHawK - Eye of Gawd_Phat_Spiral_edit,presets-extra,56
NiGHtHawK - Eye of Gawd_Phat_Spiral_edit_v2,presets-extra,56
NiGHtHawK - Eye of Gawd_Phat_Stationary_Edit,presets-extra,56
NiGHtHawK - My Third Eye_phat_edit_v2,presets-extra,56
NiGHtHawK - My Third Eye_phat_edit_v2(Redi Jedi crap i put acid in my eye mix female),presets-extra,56
NiGHtHawK - My Third Eye_phat_edit_v2(Redi Jedi crap i put acid in my eye mix male),presets-extra,56
NiGHtHawK - My Third Eye_phat_edit_v2(Redi Jedi crap i put acid in my eye mix),presets-extra,56
NiGHtHawK - My Third Eye_phat_edit_v2(Redi Jedi crap i put acid in my eye mix) (milkdrop beta2),presets-extra,56
NiGHtHawK - My Third Eye_phat_edit_v2(Redi Jedi dont put acid in your eye mix),presets-extra,56
NiGHtHawK - My Third Eye_phat_edit_v2(Redi Jedi dont put acid in your other eye either mix),presets-extra,56
NiGHtHawK - My Third Eye_phat_edit_v2(Redi Jedi have you seen my eye mix),presets-extra,56
NiGHtHawK - My Third Eye_phat_edit_v2(Redi Jedi have you seen my other eye mix),presets-extra,56
NiGHtHawK - My Third Eye_phat_edit_v2(Redi Jedi i think i am high on LSD mix),presets-extra,56
NiGHtHawK - My Third Eye_phat_edit_v2(Redi Jedi i think i am high on crack mix),presets-extra,56
NiGHtHawK - My Third Eye_phat_edit_v2(Redi Jedi i think theres something in my eye mix),presets-extra,56
NiGHtHawK - My Third Eye_phat_edit_v2(Redi Jedi i think theres something in my third eye mix),presets-extra,56
NiGHtHawK - My Third Eye_phat_edit_v2(Redi Jedi logical extentions to a imaginary world) (milkdrop beta2),presets-extra,56
NiGHtHawK - My Third Eye_phat_edit_v2(Redi Jedi my third eye's blind),presets-extra,56
NiGHtHawK - My Third Eye_phat_edit_v2(redi),presets-extra,56
Nigel - Blue & Red 1,presets-extra,56
Nigel - Blue & Red 2,presets-extra,56
Nigel - Drop 1,presets-extra,56
Nigel - Drop 2,presets-extra,56
Nigel - Generic,presets-extra,56
Nigel - H2O.6,presets-extra,56
Nigel - H2colours,presets-extra,56
Nigel - Tunnel,presets-extra,56
Nigel - Undersplash,presets-extra,56
Nigel - Version 1.1,presets-extra,56
Nigel - Whatever 1,presets-extra,56
Nigel - Whatever 2,presets-extra,56
Nigel - Whatever 2 (Concentric Mix),presets-extra,56
Nigel-H2O.6,presets-extra,56
Nigel-Version1.1,presets-extra,56
Nigel-blue&red1,presets-extra,56
Nigel-blue&red2,presets-extra,56
Nigel-drop1,presets-extra,56
Nigel-drop2,presets-extra,56
Nigel-generic,presets-extra,56
Nigel-h2colours,presets-extra,57
Nigel-h2o6,presets-extra,57
Nigel-tunnel,presets-extra,57
Nigel-undersplash,presets-extra,57
Nigel-version11,presets-extra,57
Nigel-whatever2,presets-extra,57
Nigel-whatever2(concentricmix),presets-extra,57
Nil & Aderass - Curling Flower Space 2 (Electric Boogaloo Mix),presets-extra,57
Nil&Aderass-CurlingFlowerSpace,presets-extra,57
Nil&aderass-cur2(electricboogaloomix),presets-extra,57
Nil&empr-electronflow(copperwiremix),presets-extra,57
Nil&empr-firewater,presets-extra,57
Nil&empr-niceoldskool,presets-extra,57
Nil&empr-rubynirvana,presets-extra,57
Nil-Blazin'Trail,presets-extra,57
Nil-Can'tStopTheBlithering,presets-extra,57
Nil-Can'tStopTheCramming,presets-extra,57
Nil-Can'tStopTheDrifting,presets-extra,57
Nil-Can'tStopTheDripping,presets-extra,57
Nil-IsolatedAutonomousNeuralNetw,presets-extra,57
Nil-MyGodIt'sFullOfStars,presets-extra,57
Nil-Tesla'sCoils,presets-extra,57
Nil-ThinkingInsideTheBox(Overst,presets-extra,57
Nil-ThinkingInsideTheBox(Permaf,presets-extra,57
Nil-blazintrail,presets-extra,57
Nil-cantstoptheblithering,presets-extra,57
Nil-cantstopthecramming,presets-extra,57
Nil-cantstopthedrifting,presets-extra,57
Nil-cantstopthedripping,presets-extra,57
Nil-chromofuge,presets-extra,57
Nil-cidandlucy,presets-extra,57
Nil-curlingflowerspace,presets-extra,57
Nil-didyouspeakwiththeorb,presets-extra,57
Nil-discocomet,presets-extra,57
Nil-inferno,presets-extra,57
Nil-infinityofinfinities,presets-extra,57
Nil-intomyhypersphere,presets-extra,57
Nil-isolatedautonomousneuralnetwork,presets-extra,57
Nil-mygoditsfullofstars,presets-extra,57
Nil-omnipotence,presets-extra,57
Nil-researchchemicals,presets-extra,57
Nil-singularityinmyoscilloscope,presets-extra,57
Nil-teslascoils,presets-extra,57
Nil-thinkinginsidetheb(permafriedmix),presets-extra,57
Nil-thinkinginsidethebox,presets-extra,57
Nil-thinkinginsidethebox(overstressed,presets-extra,57
Nil-timlearysamazingwaterslide,presets-extra,57
Nil-troubleinthematrix,presets-extra,57
Nil-unfathomablelogic,presets-extra,57
Nil-vortexofvortices,presets-extra,57
Nil-webfluid,presets-extra,57
Nil-wyrm,presets-extra,57
Nipple Fuzz - Domestic Disturbance,presets-extra,57
Nipple Fuzz - Peering into space (When High),presets-extra,57
Nipple Fuzz - This Cage Of Mine,presets-extra,57
NippleFuzz - Where Does The Time Go,presets-extra,57
NippleFuzz-PeeringIntoSpace(Whe,presets-extra,57
Nipplefuzz-domesticdisturbance,presets-extra,57
Nipplefuzz-peeringintospace(whenhigh),presets-extra,57
Nipplefuzz-thiscageofmine,presets-extra,57
Nipplefuzz-wheredoesthetimego,presets-extra,57
Nofrat's Disc,presets-extra,57
Noltic - Neuronal Nightmare,presets-extra,57
Noltic-neuronalnightmare,presets-extra,57
Northern Lights,presets-extra,57
Northern Lights Bud,presets-extra,57
Northern Lights II,presets-extra,57
Northern Lights Throbbing Bud,presets-extra,57
NorthernLights Throb-Bud,presets-extra,57
ORB - Acid Bath,presets-extra,57
ORB - Acid Storm,presets-extra,57
ORB - Acid Storm HCL ,presets-extra,57
ORB - Acid Storm Warped Reality,presets-extra,57
ORB - Acid in my eyes,presets-extra,57
ORB - Apolo Chained in space fast,presets-extra,57
ORB - Bent Bananas,presets-extra,57
ORB - Black hole sun moon,presets-extra,57
ORB - Blowtorch,presets-extra,57
ORB - Blowtorch chill,presets-extra,57
ORB - Blue Emotion,butterchurnPresetsExtra2,
ORB - Carpet Bomb,presets-extra,57
ORB - Catharine Wheel,presets-extra,57
ORB - Catharine Wheel b,presets-extra,57
ORB - Catharine Wheel c,presets-extra,57
ORB - Cloud Scope,presets-extra,57
ORB - Comic Book Curves,presets-extra,57
ORB - Cosmic Dream,presets-extra,57
ORB - Deadly tile grout form hell,presets-extra,57
ORB - Death and Darkness,presets-extra,57
ORB - Depth Charge 2,butterchurnPresetsExtra2,
ORB - Dragon Breath,presets-extra,57
ORB - Driffting in time,presets-extra,57
ORB - Eat me,presets-extra,57
ORB - Evil Friutloops From Space ,presets-extra,57
ORB - Eye of time,presets-extra,57
ORB - Fire Poi,presets-extra,57
ORB - Fire Poi 2,presets-extra,57
ORB - Fire and Fumes,presets-extra,57
ORB - Fire and Fumes 2,butterchurnPresetsExtra2,
ORB - Fire bang,presets-extra,57
ORB - Fireworks 4,presets-extra,57
ORB - Fracture,presets-extra,57
ORB - Going nowhere,presets-extra,57
ORB - Hippie Tornado,presets-extra,57
ORB - Implosion,presets-extra,57
ORB - In my sights,presets-extra,57
ORB - Infinity,presets-extra,57
ORB - Into the depths,presets-extra,57
ORB - Into the sky,presets-extra,57
ORB - Jet Stream,presets-extra,57
ORB - Kalidescope,presets-extra,57
ORB - Lazer Lights,presets-extra,57
ORB - Looped knot,presets-extra,57
ORB - Lost Time,presets-extra,57
ORB - Lost Time Symertic,presets-extra,57
ORB - Lost To Much Time,presets-extra,57
ORB - Magma Pool,butterchurnPresetsExtra,
ORB - Mega Spectrum,presets-extra,57
ORB - Mega Spectrum 1.04,presets-extra,57
ORB - Mental jellyfish,presets-extra,57
ORB - Mental super nutcase jellyfish,presets-extra,57
ORB - Mind Warp,presets-extra,57
ORB - Nebula,presets-extra,57
ORB - Night Lights,presets-extra,57
ORB - Paper Cutouts,presets-extra,57
ORB - Pastel Primer,butterchurnPresetsExtra,
ORB - Pastel River,presets-extra,57
ORB - Planetary Alignment Acid Burn,butterchurnPresetsExtra2,
ORB - Radiation,presets-extra,57
ORB - Radiation Dark Space,presets-extra,57
ORB - Radiation Full Life,presets-extra,58
ORB - Radiation Half Life,presets-extra,58
ORB - Radiation fire and Earth,presets-extra,58
ORB - Radiation2,presets-extra,58
ORB - Sandblade,butterchurnPresetsExtra2,
ORB - Saturns Rings,presets-extra,58
ORB - Slippery Snakes,presets-extra,58
ORB - Snapshot,presets-extra,58
ORB - Solar Radiation,butterchurnPresetsExtra2,
ORB - Solar Sail,presets-extra,58
ORB - Space Time2,presets-extra,58
ORB - Space Vortex,presets-extra,58
ORB - Spikey Spin,presets-extra,58
ORB - Split Atom,presets-extra,58
ORB - Starflower,presets-extra,58
ORB - Starflower blazing sun,presets-extra,58
ORB - Starflower diff tracking,presets-extra,58
ORB - Tape Worm,presets-extra,58
ORB - Toy Snakes Starry Night,presets-extra,58
ORB - Toy snakes hectic,presets-extra,58
ORB - Toy snakes sleepy,presets-extra,58
ORB - Toy snakes ultimate,presets-extra,58
ORB - UFO,presets-extra,58
ORB - Under The Spotlight Seeing Flames,presets-extra,58
ORB - Under The Spotlight Seeing Flames 2,presets-extra,58
ORB - Waaa,butterchurnPresets,
ORB - Whats going on,presets-extra,58
ORB - Wheel of Fire,presets-extra,58
ORB - Wheel of time,presets-extra,58
ORB - Windmill,presets-extra,58
ORB - Windmill 2,presets-extra,58
ORB - Windmill 2 fix,presets-extra,58
ORB - Windmill Classic,presets-extra,58
ORB - Windmill and Water,presets-extra,58
ORB - X vortex5,presets-extra,58
ORB - X^3,presets-extra,58
ORB - Xenon,presets-extra,58
ORB and Mstress - Reach for the lazer,presets-extra,58
ORB swirl tunnel,presets-extra,58
Ocean Sunset With Clouds,presets-extra,58
Octopus Revisited,presets-extra,58
Octotrip,presets-extra,58
Once Again Deadly,presets-extra,58
Ondras - Bleeding Planet,presets-extra,58
Ondras - Bleeding Planet(redi jedi speaks to the common people of the planet),presets-extra,58
Ondras - Classic Pong,presets-extra,58
Ondras - Classic Pong (Two Balls Mix),presets-extra,58
Ondras - Death Star's Main Gun,presets-extra,58
Ondras - Eruptions,presets-extra,58
Ondras - Golden Ratio,presets-extra,58
Ondras - Hommage to Sierpinski,presets-extra,58
Ondras - Mad Horse,presets-extra,58
Ondras - Mad Horse (Disco Chess Mix),presets-extra,58
Ondras - Matrix Blockout,presets-extra,58
Ondras - Matrix Blockout (Persil Pink Power Remix),presets-extra,58
Ondras - Matrix Blockout (Spiral Mix),presets-extra,58
Ondras - Matrix Blockout (Total Lolipop Remixx),presets-extra,58
Ondras - Mosaic,presets-extra,58
Ondras - Mosaic(redi jedi's built to till),presets-extra,58
Ondras - Pulsing Shapes 1,presets-extra,58
Ondras - Pulsing Shapes 2,presets-extra,58
Ondras - Radar,presets-extra,58
Ondras - Simple,presets-extra,58
Ondras - Slow bouncer,presets-extra,58
"Ondras - Some more rotation, please",presets-extra,58
Ondras - Spiral,presets-extra,58
Ondras - Sun Above Sea,presets-extra,58
Ondras - The Prism,presets-extra,58
Ondras - VisualPlayer 2.0 for DOS,presets-extra,58
Ondras - Waveform Study,presets-extra,58
Ondras - Worm's Voyage,presets-extra,58
Ootje - Battle of the sexes,presets-extra,58
Ootje - Battle of the sexes -Eo.S.+Phat edit,presets-extra,58
Open Your Mind,presets-extra,58
Optiks - Blobulate,presets-extra,58
Optiks - Interatomic Magnetism,presets-extra,58
Optiks - Nerve,presets-extra,58
Optiks - Purple Haze,presets-extra,58
Optiks - Shrine,presets-extra,58
Orb Of Time,presets-extra,58
Orb of Chaos,presets-extra,58
Orbasonic,presets-extra,58
Over The Ocean,presets-extra,58
PP - Harlequin's hangover,presets-extra,58
Pandora's Volcano,presets-extra,58
Pasitrum Effect,presets-extra,58
Path of Time,presets-extra,58
PerfectRotation,presets-extra,58
Perverted Dialect,presets-extra,58
Phat & Emale - best halfbaked reversed (Remix),presets-extra,58
Phat + Eo.S. - Data_swimmer,presets-extra,58
Phat + Eo.S. - Swim_waveform_mix,presets-extra,58
Phat + Eo.S. - blah,presets-extra,58
Phat + Eo.S. - blah_Red_Dot_Mix,presets-extra,58
Phat + Eo.S. - blah_Smooth_Colors_Shadow_Dancer,presets-extra,58
Phat + Eo.S. - blah_Smooth_Colors_Shadow_Dancer_V2,presets-extra,58
Phat + Eo.S. - blah_Smooth_Colors_morph,presets-extra,58
Phat + Eo.S. - blah_Smooth_Colors_morph blah,presets-extra,58
Phat + Eo.S. - rainbow bubble_mid3-f. me dood,presets-extra,58
Phat + Eo.S. - whale in plankton,presets-extra,58
Phat + Eo.S. Celestial_Crawler_Slower,presets-extra,58
Phat + Eo.S. Ghetto_Tek,presets-extra,58
Phat + Eo.S. Grapic Design_new_colors_Screenshots_v3s_Burnning_Green_Remix_v2_c,presets-extra,58
Phat + Zylot + Eo.S. - rainbow bubble_mid3-f. me dood-flash,presets-extra,58
Phat + Zylot + Eo.S. - work with lines,butterchurnPresetsExtra2,
Phat and Eo.S. _ shapes are cool,presets-extra,58
Phat and Eo.S. _ shapes are cool - birth_death_cycle,presets-extra,58
Phat and Eo.S. _ shapes are cool - so are tangent artifacts,presets-extra,58
Phat and Eo.S. _ shapes are cool - so are tangent artifacts_v2,presets-extra,58
Phat and Eo.S. _ shapes are cool - zoom in,presets-extra,58
Phat and Eo.S. _ shapes are cool demon,presets-extra,58
Phat and Eo.S. _ shapes are cool smoke,presets-extra,58
Phat and Eo.S. _ shapes are cool smoke move,presets-extra,58
Phat and Eo.S. _ shapes are cool smoke move2,presets-extra,58
Phat and Eo.S. _ shapes are cool smoke move3,presets-extra,58
Phat and Eo.S. _ shapes are cool_slow_colour_edit,presets-extra,58
Phat and Eo.S. _ shapes are cool_slow_colour_melting_edit,presets-extra,58
Phat and Eo.S. _ shapes are cool_slow_colour_melting_sin,presets-extra,58
Phat detached starpoint_frame rate mix,presets-extra,58
Phat+Eo.S 3way=),presets-extra,58
Phat+Eo.S. - Atangent flux,presets-extra,58
Phat+Eo.S. - Atangent flux2,presets-extra,58
Phat+Eo.S. - Atangent flux3,presets-extra,58
Phat+Eo.S. - Atangent flux4,presets-extra,58
Phat+Eo.S. - Atangent flux5,presets-extra,58
Phat+Eo.S. - Atangent flux6,presets-extra,58
Phat+Eo.S. - Atangent flux_6,presets-extra,58
Phat+Eo.S. - Atangent flux_7,presets-extra,58
Phat+Eo.S. - Atangent flux_8 Eo.S.,presets-extra,58
Phat+Eo.S. - Atangent flux_8 Eo.S._remix,presets-extra,58
Phat+Eo.S. - Atangent flux_striped,presets-extra,59
Phat+Eo.S. - D@ 5W!M!n6 P0()!,presets-extra,59
Phat+Eo.S. - D@ 5W!M!n6 P0()!2,presets-extra,59
Phat+Eo.S_Mandala_Chasers_remix,presets-extra,59
Phat+Eo.S_Mandala_Chasers_remix_Circles_mix,presets-extra,59
Phat+Eo.S_Mandala_Chasers_remix_Circles_mix(NEOhm's Caged Delerium Mix),presets-extra,59
Phat+Eo.S_Mandala_Chasers_remix_Circles_mix(NEOhm's OOooo Mix),presets-extra,59
Phat+Eo.S_Mandala_Chasers_remix_Targeting_mix,presets-extra,59
Phat+Eo.S_Mandala_Chasers_remix_Weird_Colours_mix,presets-extra,59
Phat+Eo.S_Mandala_Chasers_remix_spectrum,presets-extra,59
Phat+Eo.S_Mandala_Chasers_remix_spectrum lock,presets-extra,59
Phat+Eo.S_Mandala_Chasers_remix_spectrum lock dark,presets-extra,59
Phat+Eo.S_Mandala_Chasers_remix_spectrum lock lighting,presets-extra,59
Phat+Eo.s_Zion,presets-extra,59
Phat+Eo.s_Zion_v2,presets-extra,59
Phat+Eo.s_Zion_v3,presets-extra,59
Phat+Eo.s_Zion_v4,presets-extra,59
Phat+Yin+Eo.S_Mandala_Chasers_SOULar_Black_Hole,presets-extra,59
Phat+Yin+Eo.S_Mandala_Chasers_SOULar_Black_Hole_v2,presets-extra,59
Phat+Yin+Eo.S_Mandala_Chasers_SOULar_Black_Hole_v3,presets-extra,59
Phat+Yin+Eo.S_Mandala_Chasers_SOULar_Grinder,presets-extra,59
Phat+Yin+Eo.S_Mandala_Chasers_SOULar_Grinder_Stars,presets-extra,59
Phat+Yin+Eo.S_Mandala_Chasers_SOULar_Grinder_v2,presets-extra,59
Phat+Yin+Eo.S_Mandala_Chasers_SOULar_Grinder_v3,presets-extra,59
Phat+Yin+Eo.S_Mandala_Chasers_SOULar_Name,presets-extra,59
Phat+Yin+Eo.S_Mandala_Chasers_SOULar_Named,presets-extra,59
Phat+Yin+Eo.S_Mandala_Chasers_SOULar_Named_Red_Pulse,presets-extra,59
Phat+Yin+Eo.S_Mandala_Chasers_SOULar_Named_Red_Pulse_b,presets-extra,59
Phat+Yin+Eo.S_Mandala_Chasers_SOULar_Search,presets-extra,59
Phat+Yin+Eo.S_Mandala_Chasers_SOULar_Window_gaze_2,presets-extra,59
Phat+Yin+Eo.S_Mandala_Chasers_SOULar_Window_gaze_3,presets-extra,59
Phat+Yin+Eo.S_Mandala_Chasers_SOULar_Winds,presets-extra,59
Phat+Yin+Eo.S_Mandala_Chasers_SOULar_Winds_v2,presets-extra,59
Phat+Yin+Eo.S_Mandala_Chasers_SOULar_Winds_v2b,presets-extra,59
Phat+Yin+Eo.S_Mandala_Chasers_Soul_Feed_Geostigma_Simple,presets-extra,59
Phat+Yin+Eo.S_Mandala_Chasers_Soul_Feed_Geostigma_v2,presets-extra,59
Phat+Yin+Eo.S_Mandala_Chasers_Soul_Feed_Geostigma_v3,presets-extra,59
Phat+Yin+Eo.S_Mandala_Chasers_Soul_Feed_Geostigma_v3b,presets-extra,59
Phat+Yin+Eo.S_Mandala_Chasers_Soul_Feed_Geostigma_v4,presets-extra,59
Phat+fiShbRaiN+Eo.S_Mandala_Chasers_Blue_remix,presets-extra,59
Phat+fiShbRaiN+Eo.S_Mandala_Chasers_Soul_Feed,presets-extra,59
Phat+fiShbRaiN+Eo.S_Mandala_Chasers_Soul_Feed colorborder,presets-extra,59
Phat+fiShbRaiN+Eo.S_Mandala_Chasers_Soul_Feed_2,presets-extra,59
Phat+fiShbRaiN+Eo.S_Mandala_Chasers_Soul_Feed_3,presets-extra,59
Phat+fiShbRaiN+Eo.S_Mandala_Chasers_remix,butterchurnPresets,
Phat+fiShbRaiN+Eo.S_Mandala_Chasers_remix - Pink_mix,presets-extra,59
Phat+fiShbRaiN+Eo.S_Mandala_Chasers_remix - Pink_mix_1,presets-extra,59
Phat+fiShbRaiN+Eo.S_Mandala_Chasers_remix - Pink_mix_v2,presets-extra,59
Phat+fiShbRaiN+Eo.S_Mandala_Chasers_remix - Pink_mix_v2_1,presets-extra,59
Phat+fiShbRaiN+Eo.S_Mandala_Chasers_remix - more music response,presets-extra,59
Phat+fiShbRaiN+Eo.S_Mandala_Chasers_remix - more music response 2,presets-extra,59
Phat+fiShbRaiN+Eo.S_Mandala_Chasers_remix_1,presets-extra,59
Phat+fiShbRaiN+Eo.S_Mandala_Chasers_remix_spectrum,presets-extra,59
Phat+fiShbRaiN+Eo.S_Mandala_Chasers_remix_spectrum lock,presets-extra,59
Phat+fiShbRaiN+Eo.S_Mandala_Chasers_remix_spectrum lock dark,presets-extra,59
Phat+fiShbRaiN+Eo.S_Mandala_Chasers_remix_spectrum lock lighting,presets-extra,59
Phat+fiShbRaiN+Eo.S_Mandala_Chasers_remix_spectrumzzz af,presets-extra,59
Phat+fiShbRaiN+Eo.S_Mandala_Chasers_remix_test,presets-extra,59
Phat+fiShbRaiN+Eo.S_Mandala_Chasers_remix_yined_up,presets-extra,59
Phat+fiShbRaiN_Looker,presets-extra,59
Phat+fiShbRaiN_Looker_Left_right_shift,presets-extra,59
Phat+fiShbRaiN_Looker_Reactive_boxz,presets-extra,59
Phat+fiShbRaiN_Looker_Up_Down_Movement,presets-extra,59
Phat+fiShbRaiN_Looker_fuck_boxs_remix,presets-extra,59
Phat+fiShbRaiN_Looker_fuck_remix,presets-extra,59
Phat+fiShbRaiN_Mandala,presets-extra,59
Phat+fiShbRaiN_Mandala BDRV et  AL  rmxmix,presets-extra,59
Phat+fiShbRaiN_Mandala_Bare_Mix,presets-extra,59
Phat+fiShbRaiN_Mandala_Bare_No_Border_mix,presets-extra,59
Phat+fiShbRaiN_Mandala_Bare_No_Border_mix_v2,presets-extra,59
Phat+fiShbRaiN_Mandala_Minimlist_mix_v2,presets-extra,59
Phat+fiShbRaiN_Mandala_Minimlist_mix_v3,presets-extra,59
Phat+fiShbRaiN_Mandala_Spirit_Box_mix,presets-extra,59
Phat+fiShbRaiN_Mandala_additive_responce,presets-extra,59
Phat+fiShbRaiN_Mandala_additive_responce_v2,presets-extra,59
Phat+fiShbRaiN_Mandala_additive_responce_v3,presets-extra,59
Phat-Zoom artifacts,presets-extra,59
Phat-Zoom artifacts + Eo.S.,presets-extra,59
Phat-Zoom artifacts_v2,presets-extra,59
Phat-Zoom artifacts_v3,presets-extra,59
Phat-Zoom artifacts_v4,presets-extra,59
Phat-Zoom artifacts_v5,presets-extra,59
Phat_Aderrasi - Chromatic Abyss (the other side)_Dope,presets-extra,59
Phat_Aderrasi - Chromatic Abyss (the other side)_Dope2,presets-extra,59
Phat_Aderrasi - Chromatic Abyss (the other side)_PhatColours - Eo.S. remix,presets-extra,59
Phat_Aderrasi - Chromatic Abyss (the other side)_PhatColours10,presets-extra,59
Phat_Aderrasi - Chromatic Abyss (the other side)_PhatColours3,presets-extra,59
Phat_Aderrasi - Chromatic Abyss (the other side)_PhatColours6,presets-extra,59
Phat_Aderrasi - Chromatic Abyss (the other side)_PhatColours__what's this,presets-extra,59
Phat_Aderrasi - Chromatic Abyss (the other side)_remix,presets-extra,59
Phat_Aderrasi - Engine of Sound_remix,presets-extra,59
Phat_Aderrasi - Mind (Reader),presets-extra,59
Phat_Aderrasi - Mind (Reader) Greating,presets-extra,59
Phat_Aderrasi - Mind (Reader) Magi,presets-extra,59
Phat_Aderrasi - Mind (Reader) Time dancer,presets-extra,59
Phat_Aderrasi - Mind (Reader) Time dancer2,presets-extra,59
Phat_Aderrasi - Mind (Reader) Time dancer3,presets-extra,59
Phat_Aderrasi - Mind (Reader) Time dancer4,presets-extra,59
Phat_Aderrasi - Mind (Reader) comunication,presets-extra,59
Phat_Aderrasi - Wanderer without Self_remix,presets-extra,59
Phat_Aderrasi - Wanderer without Self_remix2,presets-extra,59
Phat_Aderrasi - Wanderer without Self_remix3,presets-extra,59
Phat_Aderrasi - Wanderer without Self_remix4,presets-extra,59
Phat_Aderrasi - Wanderer without Self_remix5,presets-extra,59
Phat_Aderrasi - Wanderer without Self_remix6,presets-extra,59
Phat_Aderrasi_Eo.S - Mind (Reader) Magi2,presets-extra,59
Phat_Basic_waveform,presets-extra,59
Phat_Basic_waveform_movements,presets-extra,59
Phat_BlueLight_Condition,presets-extra,59
Phat_BlueLight_Condition (Yin and Eo.S waveforms) More Flash Mix,presets-extra,59
Phat_BlueLight_Condition(Yin and Eo.S waveforms),presets-extra,59
Phat_BlueLight_Condition_I_Love_You_Zoe,presets-extra,59
Phat_BlueLight_Condition_I_Love_You_Zoe_2,presets-extra,59
Phat_BlueLight_Condition_I_Love_You_Zoe_3,presets-extra,60
Phat_BlueLight_Condition_I_Love_You_Zoe_4,presets-extra,60
Phat_Comming to distroy Fractopia,presets-extra,60
Phat_Comming to distroy Fractopia2_7iM3d D0()m,presets-extra,60
Phat_Eo.S - 3am,presets-extra,60
Phat_Eo.S - Mind (Reader) Time dancer5 eos3_phat_remix,presets-extra,60
Phat_Eo.S - Mind (Reader) Time dancer5 eos3_phat_remix_frame_rat,presets-extra,60
Phat_Eo.S - Rose,presets-extra,60
Phat_Eo.S - Rose_1,presets-extra,60
Phat_Eo.S - Zoe_colour_tunnel,presets-extra,60
Phat_Eo.S - bright_9b eo.s colors,presets-extra,60
Phat_Eo.S - bright_addi colours_spiral_7,presets-extra,60
Phat_Eo.S - bright_addi colours_spiral_8 eo.s colors,presets-extra,60
"Phat_Eo.S - plaese, give birth to me",presets-extra,60
Phat_Eo.S Black and white...,presets-extra,60
Phat_Eo.S Pop lock,presets-extra,60
Phat_Eo.S Pop lock_v2,presets-extra,60
Phat_Eo.S. - Farwell,presets-extra,60
Phat_Eo.S. - Ireallydon'tknowwhatIwant_probes_mix,presets-extra,60
Phat_Eo.S. - Just more trash,presets-extra,60
Phat_Eo.S. - NOOOO well maybe,presets-extra,60
Phat_Eo.S. - NOOOO well maybe_yes please,presets-extra,60
Phat_Eo.S. - NOOOO well maybe_yes please_Master,presets-extra,60
Phat_Eo.S. - NOOOOOOOOOOOOOOOO,presets-extra,60
Phat_Eo.S. - form and functions,presets-extra,60
Phat_Eo.S. - form and functions -gear,presets-extra,60
Phat_Eo.S. - form and functions -magnetosphere,presets-extra,60
Phat_Eo.S. - our own personal demon,presets-extra,60
Phat_Eo.S. - our own personal demon - Eo.S. FS beatmix,presets-extra,60
Phat_Eo.S. - our own personal demon - NewEdit,presets-extra,60
Phat_Eo.S. - our own personal demon - NewEdit2,presets-extra,60
Phat_Eo.S. - our own personal demon - bdr,presets-extra,60
Phat_Eo.S. - our own personal demon - bdr_ Ireallydon'tknowwhatIwant,presets-extra,60
Phat_Eo.S. - our own personal demon - bdr_ Ireallydon'tknowwhatIwant_puzzle_box mix,presets-extra,60
Phat_Eo.S. - our own personal demon - bdr_v2,presets-extra,60
Phat_Eo.S. - our own personal demon - bdr_v3,presets-extra,60
Phat_Eo.S. Eyes,presets-extra,60
Phat_Eo.S. Eyes_spiral_mix,presets-extra,60
Phat_Eo.S. Eyes_spiral_mix_v2,presets-extra,60
Phat_Eo.S. Eyes_square_mix_v2,presets-extra,60
Phat_Eo.S. rainbow bubble_mid3,presets-extra,60
Phat_Eo.S. rainbow bubble_mid3-f. me dood,presets-extra,60
Phat_Eo.S. tracers,presets-extra,60
Phat_Eo.S. tracers cosmic flower,presets-extra,60
Phat_Eo.S. tracers echo mix,presets-extra,60
Phat_Eo.S._Algorithm,presets-extra,60
Phat_Eo.S._Algorithm_v2,presets-extra,60
Phat_Eo.S._Anis0tropic,presets-extra,60
Phat_Eo.S._Data_swimer,presets-extra,60
Phat_Eo.S._Data_swimmer,presets-extra,60
Phat_Eo.S._Data_swimmer-squares,presets-extra,60
Phat_Eo.S._Data_swimmer-textle,presets-extra,60
Phat_Eo.S._Data_swimmer-textle_v2,presets-extra,60
Phat_Eo.S._Data_swimmer-v2,presets-extra,60
Phat_Eo.S._Data_swimmer_Whirl_pool,presets-extra,60
Phat_Eo.S._God_boxes,presets-extra,60
Phat_Eo.S._God_boxes_v2,presets-extra,60
Phat_Eo.S._Krash - Ireallydon'tknowwhatIwant_puzzle_box mix_idon'tknowwhatthiscodedoes,presets-extra,60
Phat_Eo.S._More_black_white_play,presets-extra,60
Phat_Eo.S._Paint_play,presets-extra,60
Phat_Eo.S._Pointer,presets-extra,60
Phat_Eo.S._Pointer_v2,presets-extra,60
Phat_Eo.S._Pointer_v3,presets-extra,60
Phat_Eo.S._Swim,presets-extra,60
Phat_Eo.S._Swim-v2,presets-extra,60
Phat_Eo.S._Swim-v2b,presets-extra,60
Phat_Eo.S._Swim-v3,presets-extra,60
Phat_Eo.S._Swim_waveform_mix,presets-extra,60
Phat_Eo.S_PsyShield9,presets-extra,60
Phat_Eo.S_Z_class_fighter,presets-extra,60
Phat_Eo.S_shoot_em_up,presets-extra,60
Phat_Metacognition,presets-extra,60
Phat_PsyShield,presets-extra,60
Phat_PsyShield2,presets-extra,60
Phat_PsyShield3,presets-extra,60
Phat_PsyShield4,presets-extra,60
Phat_PsyShield5,presets-extra,60
Phat_PsyShield6,presets-extra,60
Phat_PsyShield7,presets-extra,60
Phat_PsyShield8,presets-extra,60
Phat_Rovastar - 1337 boxes,presets-extra,60
Phat_Rovastar - 1337 boxes3,presets-extra,60
Phat_Rovastar - Demon Butterfly,presets-extra,60
Phat_Rovastar - Demon Sunflower (Double Resistance Mix)(sex toy),presets-extra,60
Phat_Rovastar - Demon Sunflower (Double Resistance Mix)(sex toy)2,presets-extra,60
Phat_Rovastar - Demon Sunflower (Double Resistance Mix)(sex toy)3,presets-extra,60
Phat_Rovastar - Demon Sunflower (Double Resistance Mix)(sex toy)4,presets-extra,60
Phat_Rovastar - Demon Sunflower (Double Resistance Mix)(what's wrong with the world mix),presets-extra,60
Phat_Rovastar - My pet spider,presets-extra,60
Phat_Rovastar - What_does_your_soul_look_like,presets-extra,60
Phat_Rovastar - What_does_your_soul_look_like2,presets-extra,60
Phat_Rovastar - What_does_your_soul_look_like3,presets-extra,60
Phat_Rovastar - What_does_your_soul_look_like4,presets-extra,60
Phat_Rovastar - What_does_your_soul_look_like5,presets-extra,60
Phat_Rovastar - What_does_your_soul_look_like6,presets-extra,60
Phat_Rovastar - What_does_your_soul_look_like7,presets-extra,60
Phat_Rovastar - What_does_your_soul_look_like8,presets-extra,60
Phat_Rovastar - What_does_your_soul_look_like9,presets-extra,60
Phat_Rovastar - What_does_your_soul_look_like9b,presets-extra,60
Phat_Rovastar - What_does_your_soul_look_like9c,presets-extra,60
Phat_Rovastar - What_does_your_soul_look_like9d,presets-extra,60
Phat_Rovastar - What_does_your_soul_look_like9e,presets-extra,60
Phat_Rovastar - What_does_your_soul_look_like9f,presets-extra,60
Phat_Rovastar - What_does_your_soul_look_like9g,presets-extra,60
Phat_Rovastar - What_does_your_soul_look_like9h,presets-extra,60
Phat_Rovastar - What_does_your_soul_look_like9i,presets-extra,60
Phat_Rovastar - What_does_your_soul_look_like9j,presets-extra,60
Phat_Rovastar - What_does_your_soul_look_like9k,presets-extra,60
Phat_Rovastar - What_does_your_soul_look_like9l,presets-extra,60
Phat_Rovastar - What_does_your_soul_look_like9m,presets-extra,60
Phat_Rovastar - What_does_your_soul_look_like9n,presets-extra,60
Phat_Rovastar - What_does_your_soul_look_like9o,presets-extra,60
Phat_Rovastar - What_does_your_soul_look_like9p,presets-extra,60
Phat_Rovastar_Eo.S - What_does_your_soul_look_like9g_time mod,presets-extra,60
Phat_Rovastar_Eo.S - What_does_your_soul_look_like9g_time mod2,presets-extra,60
Phat_Rovastar_Eo.S - What_does_your_soul_look_like9g_time mod3,presets-extra,60
Phat_Rovastar_Eo.S. spiral_faces,presets-extra,60
Phat_Rovastar_Eo.S. square_faces_v2,presets-extra,60
Phat_SUCKmyDICK!,presets-extra,60
Phat_Shifty,presets-extra,60
Phat_Speaker_Box,presets-extra,60
Phat_Speaker_Box_2,presets-extra,60
Phat_TanSpiral,presets-extra,60
Phat_WireFrameDancer2,presets-extra,60
Phat_Zylot - Will'o Wisp (Adult)remix,presets-extra,60
Phat_Zylot_Eo.S. Come_fly_with_me_vidio_echo,presets-extra,61
Phat_Zylot_Eo.S. Come_fly_with_me_vidio_echo_v2,presets-extra,61
Phat_Zylot_Eo.S. Come_fly_with_me_vidio_echo_v3,presets-extra,61
Phat_Zylot_Eo.S. Come_fly_with_me_vidio_echo_v4,presets-extra,61
Phat_Zylot_Eo.S. Come_fly_with_me_vidio_echo_v5,presets-extra,61
Phat_Zylot_Eo.S. Come_fly_with_me_vidio_echo_v6,presets-extra,61
Phat_Zylot_Eo.S. I_hope_someone_will_see_this_triping,presets-extra,61
Phat_Zylot_Eo.S. I_hope_someone_will_see_this_triping_v2,presets-extra,61
Phat_Zylot_Eo.S. I_hope_someone_will_see_this_triping_v2b,presets-extra,61
Phat_Zylot_Eo.S. Just_another_form_of_movement,presets-extra,61
Phat_Zylot_Eo.S. Puzzle_box,presets-extra,61
Phat_Zylot_Eo.S. Trippy_rotation,presets-extra,61
Phat_Zylot_Eo.S. Trippy_rotation_v2,presets-extra,61
Phat_Zylot_Eo.S. Trippy_rotation_v2_alt_colours,presets-extra,61
Phat_Zylot_Eo.S. Trippy_rotation_v2_alt_colours_vidio_echo,presets-extra,61
Phat_Zylot_Eo.S. Trippy_rotation_v2_sector_mix,presets-extra,61
Phat_Zylot_Eo.S. Trippy_rotation_v2_sector_mix_alt_colours,presets-extra,61
Phat_Zylot_Eo.S. Trippy_rotation_v2_squares,presets-extra,61
Phat_Zylot_Eo.S. Trippy_rotation_v2_squares_alt_colours,presets-extra,61
Phat_Zylot_Eo.S. Trippy_rotation_v2_squares_fluid,presets-extra,61
Phat_Zylot_Eo.S. Trippy_rotation_weird_boxs mix,presets-extra,61
Phat_Zylot_Eo.S. Weird_boxs,presets-extra,61
Phat_Zylot_Eo.S. Weird_boxs_v2,presets-extra,61
Phat_Zylot_Eo.S. dyslexia_sux,presets-extra,61
Phat_Zylot_Eo.S. rainbow bubble,presets-extra,61
Phat_Zylot_Eo.S. rainbow bubble-bdr,presets-extra,61
Phat_Zylot_Eo.S. rainbow bubble-breather,presets-extra,61
Phat_Zylot_Eo.S. rainbow bubble-connected,presets-extra,61
Phat_Zylot_Eo.S. rainbow bubble-connected2,presets-extra,61
Phat_Zylot_Eo.S. rainbow bubble-mirror,presets-extra,61
Phat_Zylot_Eo.S. rainbow bubble-spiral,presets-extra,61
Phat_Zylot_Eo.S. rainbow bubble_Bleeding_mix,presets-extra,61
Phat_Zylot_Eo.S. rainbow bubble_Bleeding_mix zzz af,presets-extra,61
Phat_Zylot_Eo.S. rainbow bubble_New_mix,presets-extra,61
Phat_Zylot_Eo.S. rainbow bubble_New_mix_2,presets-extra,61
Phat_Zylot_Eo.S. rainbow bubble_Seperated_colours,presets-extra,61
Phat_Zylot_Eo.S. rainbow bubble_alexgray,presets-extra,61
Phat_Zylot_Eo.S. rainbow bubble_fluid,presets-extra,61
Phat_Zylot_Eo.S. rainbow bubble_fluid_gills,presets-extra,61
Phat_Zylot_Eo.S. rainbow bubble_fluid_gills-beatdetect,presets-extra,61
Phat_Zylot_Eo.S. rainbow bubble_mid3,presets-extra,61
Phat_Zylot_Eo.S. rainbow bubble_mid3-Come_fly_with_me,presets-extra,61
Phat_Zylot_Eo.S. rainbow bubble_mid3-flash,presets-extra,61
Phat_Zylot_Eo.S. rainbow bubble_mid3-starpoints,presets-extra,61
Phat_Zylot_Eo.S. rainbow bubble_mid3-starpoints_shape_edit,presets-extra,61
Phat_Zylot_Eo.S. rainbow bubble_mid3-starpoints_spirals,presets-extra,61
Phat_Zylot_Eo.S. rainbow bubble_mid3-starpoints_spirals_VE,presets-extra,61
Phat_Zylot_Eo.S. rainbow bubble_mid3-starpoints_spirals_VE - Bitcore Tweak,presets-extra,61
Phat_Zylot_Eo.S. rainbow bubble_mid3-starpoints_spirals_VE_alt_colours,presets-extra,61
Phat_Zylot_Eo.S. rainbow bubble_mid3-starpoints_vidio_echo,presets-extra,61
Phat_Zylot_Eo.S. rainbow bubble_science_v2,presets-extra,61
Phat_Zylot_Eo.S. spiral_Movements,presets-extra,61
Phat_Zylot_Eo.S. spiral_Movements_Beatle,butterchurnPresetsExtra2,
Phat_Zylot_Eo.S. spiral_Movements_Beatle_sector_mix,presets-extra,61
Phat_Zylot_Eo.S. spiral_Movements_Beatle_sector_mix_v2,presets-extra,61
Phat_Zylot_Eo.S. spiral_Movements_Beatle_sector_mix_v3,presets-extra,61
Phat_Zylot_Eo.S. spiral_Movements_Beatle_sector_mix_v3B_Negitve_zoom,presets-extra,61
Phat_Zylot_Eo.S. spiral_Movements_Beatle_sector_mix_v3B_Negitve_zoom_v2,presets-extra,61
Phat_Zylot_Eo.S. spiral_Movements_Beatle_sector_mix_v3B_Negitve_zoom_v2_alt_colours,presets-extra,61
Phat_Zylot_Eo.S. spiral_Movements_Beatle_sector_mix_v3B_frame_rate,presets-extra,61
Phat_Zylot_Eo.S. spiral_Movements_Beatle_square.mix,presets-extra,61
Phat_Zylot_Eo.S. spiral_Movements_v2,presets-extra,61
Phat_Zylot_Eo.S. spiral_faces,presets-extra,61
Phat_Zylot_Eo.S. spiral_faces_multi colour,presets-extra,61
Phat_Zylot_Eo.S. spiral_faces_multi colour_ThisIsJustNotResponsible =),presets-extra,61
Phat_Zylot_Eo.S. spiral_faces_multi colour_testing,presets-extra,61
Phat_Zylot_Eo.S. spiral_faces_ravers_invert_play,presets-extra,61
Phat_Zylot_Eo.S. spiral_faces_ravers_phantom,presets-extra,61
Phat_Zylot_Eo.S. spiral_faces_v2,presets-extra,61
Phat_Zylot_Eo.S. square_faces,presets-extra,61
Phat_Zylot_Eo.S. square_faces_v2,presets-extra,61
Phat_Zylot_Eo.S. square_faces_v2_alt_colours,butterchurnPresetsMD1,
Phat_Zylot_Eo.S. strate lines,presets-extra,61
Phat_Zylot_Eo.S. trippy rotation_puzzle box mix,presets-extra,61
Phat_Zylot_Eo.S. work with lines,presets-extra,61
Phat_Zylot_Eo.S._Krash I_hope_someone_will_see_this_triping_v2b,presets-extra,61
Phat_Zylot_Eo.S._Krash rainbow bubble_fluid_gills-beatdetect,presets-extra,61
Phat_Zylot_Eo.S._Krash rainbow bubble_fluid_gills-beatdetect_v2,presets-extra,61
Phat_Zylot_Eo.S._Krash rainbow bubble_mid3-starpoints_vidio_echo,presets-extra,61
Phat_Zylot_Ranbow Clouds,presets-extra,61
Phat_Zylot_Ranbow escapism,presets-extra,61
Phat_Zylot_Ranbow escapism_I_love_Eo.S,presets-extra,61
Phat_Zylot_Ranbow escapism_I_love_Eo.S_v2,presets-extra,61
Phat_Zylot_Ranbow escapism_I_love_Eo.S_v3,presets-extra,61
Phat_Zylot_Ranbow escapism_I_love_Eo.S_v3b,presets-extra,61
Phat_Zylot_Ranbow escapism_I_love_Eo.S_v4,presets-extra,61
Phat_Zylot_Ranbow escapism_I_love_Eo.S_v4-EoSagain,presets-extra,61
Phat_baked - River of Illusion_remix,presets-extra,61
Phat_baked - River of Illusion_remix_Dots -Eo.S. colors,presets-extra,61
Phat_baked - River of Illusion_remix_v2,presets-extra,61
Phat_baked_zylot - River of Illusion_remix_Dots,presets-extra,61
Phat_best halfbaked reversed,presets-extra,61
Phat_remix1_Rovastar & Krash - Cerebral Demons,presets-extra,61
Phat_remix_Aderrasi_Eo.S - Airhandler (Last Breath - Demon spiral Evolution)_Time mod,presets-extra,61
Phat_remix_Eo.S. - particle field,presets-extra,61
Phat_remix_Eo.S. - reactorspace 1,presets-extra,61
Phat_remix_Eo.S. - reactorspace 1V2,presets-extra,61
Phat_remix_Eo.S. - zion square,presets-extra,61
Phat_remix_Eo.S. - zion square_mix,presets-extra,61
Phat_remix_Geiss - Bonfire,presets-extra,61
Phat_remix_Zylot - waveform - String (Reactive mix)V2,presets-extra,61
Phat_shifter - Angel,presets-extra,61
Phat_shifter - Angel2,presets-extra,61
Phat_shifter - Angel3,presets-extra,61
Phat_shifter - Angel4,presets-extra,61
Phat_shifter - sinkhole web_remix,presets-extra,61
Phataderrasieos-mind(reader)magi2,presets-extra,61
Phateos-3am,presets-extra,61
Phateos-rose,presets-extra,61
Phateos3way),presets-extra,61
Phateosrainbowbubblemid3-fuckmedood,presets-extra,61
Phateosswimwaveformmix,presets-extra,61
Phateoszion,presets-extra,61
Phateoszionv2,presets-extra,61
Phateoszionv3,presets-extra,61
Phateoszionv4,presets-extra,61
Phatfishbraineosmandalachasersrem,presets-extra,61
Phatfishbraineosmandalachasersremi,presets-extra,61
Phatfishbraineosmandalachasersremix,presets-extra,61
Phatfishbraineosmandalachasersremix-2,presets-extra,61
Phatfishbraineosmandalachasersremix-m,presets-extra,61
Phatfishbraineosmandalachasersremix-p,presets-extra,61
Phatfishbraineosmandalachasersremixs,presets-extra,61
Phatfishbraineosmandalachasersremixsp,presets-extra,62
Phatfishbraineosmandalachasersremixte,presets-extra,62
Phatfishbraineosmandalachasersremixv2,presets-extra,62
Phatfishbraineosmandalachasersremixyi,presets-extra,62
Phattempes7ag3ndum,presets-extra,62
Phatzyloteosihopesomeonewillseethisv2,presets-extra,62
Phatzyloteosrainbowbubblemid3-starpoi,presets-extra,62
Phatzyloteossquarefacesv2,presets-extra,62
Phatzyloteostrippyrotationv2,presets-extra,62
Philosinomicon,presets-extra,62
Phmall - Hysteria (Voov's Mix),presets-extra,62
Phmall - Mayan Sunrize (y),presets-extra,62
Phmall - Whipped (y),presets-extra,62
Phmall vs. Rovastar - Fractopia (Light Touching Mix),presets-extra,62
Photon Junction,presets-extra,62
Photonic Planar Map,presets-extra,62
PieturP - Bitmap - da wicked lama,presets-extra,62
PieturP - Bitmap - da wicked lama 2,presets-extra,62
PieturP - Bitmap - flag,presets-extra,62
PieturP - Bitmap - flag - zoomed,presets-extra,62
PieturP - Bitmap - imgicon,presets-extra,62
PieturP - Bitmap - lama,presets-extra,62
PieturP - Bitmap - lama in oldskool scenery,presets-extra,62
PieturP - Bitmap - lama in oldskool scenery - coolcolours,presets-extra,62
PieturP - Bitmap - some flags build armies,presets-extra,62
PieturP - Bitmap - some flags build armies - uzi power,presets-extra,62
PieturP - DISTORTION!,presets-extra,62
PieturP - EGOTRIP,presets-extra,62
PieturP - EGOTRIP 2,presets-extra,62
PieturP - EGOTRIP 2_phat_edit,presets-extra,62
PieturP - EGOTRIP 3,presets-extra,62
PieturP - EGOTRIP 3_phat_edit,presets-extra,62
PieturP - ERROR,presets-extra,62
PieturP - ERROR_phat_edit,presets-extra,62
PieturP - ERROR_phat_edit_V2,presets-extra,62
PieturP - ERROR_phat_edit_scared_yet,presets-extra,62
PieturP - ERROR_phat_edit_v3,presets-extra,62
PieturP - ERROR_phat_edit_v3+Eo.S.,presets-extra,62
PieturP - ERROR_phat_edit_v3+Eo.S._1,presets-extra,62
PieturP - Equalizer,presets-extra,62
PieturP - FEAR USA,presets-extra,62
PieturP - HSL-demo-wave1,presets-extra,62
PieturP - HSL-demo-wave2,presets-extra,62
PieturP - HSL-demo-wave3,presets-extra,62
PieturP - HSL-here-we-go-0.5,presets-extra,62
PieturP - HSL-here-we-go-1,presets-extra,62
PieturP - HSL-here-we-go-2,presets-extra,62
PieturP - HSL-here-we-go-3,presets-extra,62
PieturP - HSL-here-we-go-4,presets-extra,62
PieturP - HSL-here-we-go-circle,presets-extra,62
PieturP - HSL-here-we-go-circles,presets-extra,62
PieturP - HSL-here-we-go-circles-weird,presets-extra,62
PieturP - HSL-tunnelvisions,presets-extra,62
PieturP - HSL-tunnelvisions_morphing,presets-extra,62
PieturP - HSL-tunnelvisions_morphing2,presets-extra,62
PieturP - HSL-tunnelvisions_morphing3,presets-extra,62
PieturP - HSLtoRGB - demo,presets-extra,62
PieturP - HSLtoRGB-swirl,presets-extra,62
PieturP - IT_MIGHT_BE_EVIL,presets-extra,62
PieturP - IT_MIGHT_BE_EVIL_phat_remix,presets-extra,62
PieturP - PacMad,presets-extra,62
PieturP - PacMad (introducing stupid small monster),presets-extra,62
PieturP - Slightly-Different,presets-extra,62
PieturP - Slightly-Different2,presets-extra,62
PieturP - VagueBackups,presets-extra,62
PieturP - beats_at_dreamtime,presets-extra,62
PieturP - beats_at_dreamtime_sined,presets-extra,62
PieturP - beats_at_dreamtime_sined_FASTER,presets-extra,62
PieturP - bigFailure,presets-extra,62
PieturP - bigFailure_rotating,presets-extra,62
PieturP - borderline1,presets-extra,62
PieturP - borderline1_scaling1,presets-extra,62
PieturP - borderline1_scaling2,presets-extra,62
PieturP - borderline2,presets-extra,62
PieturP - borderline2_starfield,presets-extra,62
PieturP - borderline2_starfield2,presets-extra,62
PieturP - borderline2_starfield3,presets-extra,62
PieturP - borderline2_starfield4,presets-extra,62
PieturP - caleidos_sick,presets-extra,62
PieturP - caleidos_sick2,presets-extra,62
PieturP - circles_disformed,presets-extra,62
PieturP - circles_progressive,presets-extra,62
PieturP - dots_in_a_practical_way3_ultraplusversion,presets-extra,62
PieturP - dots_in_a_practical_way3_zoomed,presets-extra,62
PieturP - dots_in_a_practical_way_Plus_Shapes,presets-extra,62
PieturP - dots_in_a_practical_way_sined_wave,presets-extra,62
PieturP - fun with colors - tiles,presets-extra,62
PieturP - harlequinzzz-beats-from-Rovastar2,presets-extra,62
PieturP - harlequinzzz-beats-from-Rovastar3,presets-extra,62
PieturP - harlequinzzz-beats-from-Rovastar4,presets-extra,62
PieturP - harlequinzzz-beats-from-Rovastar5,presets-extra,62
PieturP - harlequinzzz2,presets-extra,62
PieturP - influenca1,presets-extra,62
PieturP - influenca2,presets-extra,62
PieturP - influenca2a,presets-extra,62
PieturP - influenca2b,presets-extra,62
PieturP - influenca3,presets-extra,62
PieturP - it-takes-a-while-but-you-will-notice,presets-extra,62
PieturP - just_drawing1,presets-extra,62
PieturP - just_drawing2,presets-extra,62
PieturP - just_drawing3,presets-extra,62
PieturP - just_drawing4,presets-extra,62
PieturP - mess_fractal,presets-extra,62
PieturP - mess_fractal_embossed,presets-extra,62
PieturP - mess_fractal_embossed2,presets-extra,62
PieturP - shiftingEqualizer,presets-extra,62
PieturP - sides_betterSeries1,presets-extra,62
PieturP - sides_betterSeries2,presets-extra,62
PieturP - sides_betterSeries2.5,presets-extra,62
PieturP - sides_betterSeries2_absurd,presets-extra,62
PieturP - sides_betterSeries2_def,presets-extra,62
PieturP - sides_betterSeries2_def_tweak,presets-extra,62
PieturP - sides_betterSeries3,presets-extra,62
PieturP - sides_betterSeries3_solarised,presets-extra,62
PieturP - solarfish1,presets-extra,62
PieturP - solarfish2,presets-extra,62
PieturP - solarfish3,presets-extra,62
PieturP - squares,presets-extra,62
PieturP - squares-dizzyMix,presets-extra,62
PieturP - squares2,presets-extra,62
PieturP - staring-into-the-sun1,presets-extra,62
PieturP - staring-into-the-sun2,presets-extra,62
PieturP - staring-into-the-sun3,presets-extra,62
PieturP - staring-into-the-sun4,presets-extra,62
PieturP - stripes-goingFastMix,presets-extra,62
PieturP - stripes-goingSlowMix,presets-extra,62
PieturP - stripes-hippiestyle,presets-extra,62
PieturP - stripes-tvstyle,presets-extra,62
PieturP - sunflare,presets-extra,63
PieturP - sunflare2,presets-extra,63
PieturP - triptrap_(crazed-perspective-mix),presets-extra,63
PieturP - triptrap_(getting-concrete-visions-mix),presets-extra,63
PieturP - triptrap_(getting_concrete_visions_through_a_diafragma_version),butterchurnPresetsMD1,
PieturP - triptrap_(living-in-a-box-mix),presets-extra,63
PieturP - triptrap_(ultimate-trip-mix),presets-extra,63
PieturP - triptrap_(ultimate-trip-mix) BDRV et  AL  rmxmix,presets-extra,63
PieturP - weaving-colours_wicked-waves-version1,presets-extra,63
PieturP - weaving-colours_wicked-waves-version2,presets-extra,63
PieturP HSL-demo-circle,presets-extra,63
PieturP and Zylot - PacMad (Ghosties reMix),presets-extra,63
Pieturp-staring-into-the-sun1,presets-extra,63
Pieturp-sunflare2,presets-extra,63
Pieturp-triptrap(gettingconcretevisio,presets-extra,63
Pieturp-triptrap(ultimate-trip-mix),presets-extra,63
Pinbi7 & Aderrasi - Gemstone,presets-extra,63
Pinbi7 & Aderrasi - Gemstone ,presets-extra,63
Pinbi7 & Boz - Foot loose,presets-extra,63
Pinbi7 & Che - Definitely Not For The Epileptic (Inner Perspective Of Life Mix),presets-extra,63
Pinbi7 & Fvese - Definitely Not For The Epileptic 2,presets-extra,63
Pinbi7 & Fvese - Definitely Not For The Epileptic 3,presets-extra,63
Pinbi7 & Fvese - Definitly Not For The Epileptic 1,presets-extra,63
Pinbi7 & Fvese - Definitly Not For The Epileptic 2,presets-extra,63
Pinbi7 & Fvese - Definitly Not For The Epileptic 3,presets-extra,63
Pinbi7 & Fvese - Hypnotic Flower,presets-extra,63
Pinbi7 & Fvese - Not For The Epileptic,presets-extra,63
Pinbi7 & Fvese - The Tunnel (Broken Glass Mix),presets-extra,63
Pinbi7 & Fvese - The Tunnel (Get High Tonight Mix),presets-extra,63
Pinbi7 & Fvese - The Tunnel (Oh So Sweet Mix),presets-extra,63
Pinbi7 & Fvese - The Tunnel (Self Made Man Mix),presets-extra,63
Pinbi7 & Fvese - Unborn,presets-extra,63
Pinbi7 & Fvese - Unborn child,presets-extra,63
Pinbi7 & Fvese - Unknown ,presets-extra,63
Pinbi7 & Fvese - alien face tribute,presets-extra,63
Pinbi7 & Idiot - Cathedral,presets-extra,63
Pinbi7 & Idiot - Get Sucked In,presets-extra,63
Pinbi7 & Idiot - I'm Watching You,presets-extra,63
Pinbi7 & Idiot - Pretty Flower,presets-extra,63
Pinbi7 & Idiot - Rock Around The Clock (The Hands Of Time Mix),presets-extra,63
Pinbi7 & Idiot - Sun Flare,presets-extra,63
Pinbi7 & Idiot24-7 - 4 my peeps,presets-extra,63
Pinbi7 & Idiot24-7 - Rock Around The Clock (The Hands Of Time Mix),presets-extra,63
Pinbi7 & Idiot24-7 - Splash,presets-extra,63
Pinbi7 & Idiot24-7 - You Know You Like It,presets-extra,63
Pinbi7 & Idiot24-7 - oh so cold,presets-extra,63
Pinbi7 & Idiot24-7 -you know you liiike it,presets-extra,63
Pinbi7 & Krash - Primitive Fireworks,presets-extra,63
Pinbi7 & Krash - Primitive Fireworks (Cadilac Ride Mix),presets-extra,63
Pinbi7 & Krash - Primitive Fireworks (Chicken Head Mix),presets-extra,63
Pinbi7 & Krash - Primitive Fireworks (Light At The End Mix),presets-extra,63
Pinbi7 & Krash - Primitive Fireworks (cadilac ride),presets-extra,63
Pinbi7 & Krash - Primitive Fireworks (chicken head),presets-extra,63
Pinbi7 & Krash - Primitive Fireworks (light at the end),presets-extra,63
Pinbi7 & Krash - Primitive Fireworks_1,presets-extra,63
Pinbi7 & Mstress - Mercurial Melody,presets-extra,63
Pinbi7 & Rocke - super star,presets-extra,63
Pinbi7 & Rovastar  - call it what you wanna call it,presets-extra,63
Pinbi7 & Rovastar - 7iquid (De-Orbit Remix),presets-extra,63
Pinbi7 & Rovastar - De-Orbit (Remix),presets-extra,63
Pinbi7 & Rovastar - I Can See You,presets-extra,63
Pinbi7 & Rovastar - Kinda Weird (De-Orbit Remix 2),presets-extra,63
Pinbi7 & Rovastar - Kinda Weird (De-Orbit Remix),presets-extra,63
Pinbi7 & Rovastar - Liquid (De-Orbit Remix),presets-extra,63
Pinbi7 & Rovastar - The Net (De-Orbit Remix),presets-extra,63
Pinbi7 & Rovastar - wave you're hands,presets-extra,63
Pinbi7 & Stuttler - platinium plus,presets-extra,63
Pinbi7 & Stuttler - track down,presets-extra,63
Pinbi7 & Unchained - Nothing Really Matters,presets-extra,63
Pinbi7 & Wulfson - Season Of Sakura (Call 911 Mix),presets-extra,63
Pinbi7 & Wulfson - Season Of Sakura (Round We Go Mix),presets-extra,63
Pinbi7 & Wulfson - Season Of Sakura (The Storm Coming Mix),presets-extra,63
Pinbi7 & Wulfson - Season of Sakura(please call 911),presets-extra,63
Pinbi7 & Wulfson - Season of Sakura(round we go),presets-extra,63
Pinbi7 & Wulfson - Season of Sakura(the storm comming),presets-extra,63
Pinbi7 & Zylot - Hiding in the shadow,presets-extra,63
Pinbi7 & aderrasi - Can't remember,presets-extra,63
Pinbi7 & boz - loonies,presets-extra,63
Pinbi7 & zylot - fallow the beat,presets-extra,63
Pinbi7 & zylot - square head,presets-extra,63
Pinbi7 - Info Road,presets-extra,63
Pinbi7 - Mistake Do Happen,presets-extra,63
Pinbi7 - Rainbow Scroll,presets-extra,63
Pinbi7 - Rock Around The Clock 1,presets-extra,63
Pinbi7 - Rock Around The Clock 2,presets-extra,63
Pinbi7 - Snake skin,presets-extra,63
Pinbi7 - The Net (2nd Try),presets-extra,63
Pinbi7 - World's Greatest,presets-extra,63
Pinbi7 - hope you like it,presets-extra,63
Pinbi7 - pendule,presets-extra,63
Pinbi7 -mistake do happen,presets-extra,63
Pinbi7&Aderrasi-Can'tRemember,presets-extra,63
Pinbi7&Che-DefinitelyNotForThe,presets-extra,63
Pinbi7&Fvese-DefinitelyNotF00,presets-extra,63
Pinbi7&Fvese-DefinitelyNotFor,presets-extra,63
Pinbi7&Fvese-DefinitelyNotForT,presets-extra,63
Pinbi7&Fvese-DefinitlyNotFor,presets-extra,63
Pinbi7&Fvese-DefinitlyNotForT,presets-extra,63
Pinbi7&Fvese-DefinitlyNotForTh,presets-extra,63
Pinbi7&Fvese-NotForTheEpilepti,presets-extra,63
Pinbi7&Fvese-TheTunnel(BrokenG,presets-extra,63
Pinbi7&Fvese-TheTunnel(GetHigh,presets-extra,63
Pinbi7&Fvese-TheTunnel(OhSoSw,presets-extra,63
Pinbi7&Fvese-TheTunnel(SelfMad,presets-extra,63
Pinbi7&Idiot-I'mWatchingYou,presets-extra,63
Pinbi7&Idiot-Oddnezz(CDIsMelti,presets-extra,63
Pinbi7&Idiot-RockAroundTheCloc,presets-extra,63
Pinbi7&Idiot24-7-RockAroundThe,presets-extra,63
Pinbi7&Idiot24-7-YouKnowYouLik,presets-extra,63
Pinbi7&Krash-PrimitiveFirewor00,presets-extra,63
Pinbi7&Krash-PrimitiveFirework,presets-extra,63
Pinbi7&Krash-PrimitiveFireworks,presets-extra,63
Pinbi7&Rovastar-7iquid(De-Orbit,presets-extra,63
Pinbi7&Rovastar-CallItWhatYou,presets-extra,63
Pinbi7&Rovastar-KindaWeird(De-,presets-extra,63
Pinbi7&Rovastar-KindaWeird(De-O,presets-extra,63
Pinbi7&Rovastar-Liquid(De-Orbit,presets-extra,63
Pinbi7&Rovastar-TheNet(De-Orbit,presets-extra,63
Pinbi7&Rovastar-WaveYou'reHands,presets-extra,63
Pinbi7&Unchained-NothingReallyM,presets-extra,63
Pinbi7&Wulfson-SeasonOfSaku00,presets-extra,63
Pinbi7&Wulfson-SeasonOfSakura,presets-extra,63
Pinbi7&Wulfson-SeasonOfSakura(,presets-extra,63
Pinbi7&aderrasi-cantremember,presets-extra,63
Pinbi7&aderrasi-gemstone,presets-extra,63
Pinbi7&boz-footloose,presets-extra,63
Pinbi7&boz-loonies,presets-extra,63
Pinbi7&che-definitelynotfortheepilept,presets-extra,64
Pinbi7&fvese-alienfacetribute,presets-extra,64
Pinbi7&fvese-definitelynotfortheepil1,presets-extra,64
Pinbi7&fvese-definitelynotfortheepil2,presets-extra,64
Pinbi7&fvese-definitelynotfortheepil3,presets-extra,64
Pinbi7&fvese-definitlynotfortheepile1,presets-extra,64
Pinbi7&fvese-definitlynotfortheepile2,presets-extra,64
Pinbi7&fvese-definitlynotfortheepile3,presets-extra,64
Pinbi7&fvese-hyperspace,presets-extra,64
Pinbi7&fvese-hypnoticflower,presets-extra,64
Pinbi7&fvese-intotheunknown,presets-extra,64
Pinbi7&fvese-notfortheepileptic,presets-extra,64
Pinbi7&fvese-thetunnel(brokenglassmix,presets-extra,64
Pinbi7&fvese-thetunnel(gethightonight,presets-extra,64
Pinbi7&fvese-thetunnel(ohsosweetmix),presets-extra,64
Pinbi7&fvese-thetunnel(selfmademanmix,presets-extra,64
Pinbi7&fvese-unborn,presets-extra,64
Pinbi7&fvese-unbornchild,presets-extra,64
Pinbi7&fvese-unknown,presets-extra,64
Pinbi7&idiot-cathedral,presets-extra,64
Pinbi7&idiot-getsuckedin,presets-extra,64
Pinbi7&idiot-imwatchingyou,presets-extra,64
Pinbi7&idiot-oddnezz(cdismeltingmix),presets-extra,64
Pinbi7&idiot-prettyflower,presets-extra,64
Pinbi7&idiot-rocka(thehandsoftimemix),presets-extra,64
Pinbi7&idiot-sunflare,presets-extra,64
Pinbi7&idiot24-7-4mypeeps,presets-extra,64
Pinbi7&idiot24-7-ohsocold,presets-extra,64
Pinbi7&idiot24-7-r(thehandsoftimemix),presets-extra,64
Pinbi7&idiot24-7-splash,presets-extra,64
Pinbi7&idiot24-7-youknowyoulikeit,presets-extra,64
Pinbi7&krash-primitiv(cadilacridemix),presets-extra,64
Pinbi7&krash-primitiv(chickenheadmix),presets-extra,64
Pinbi7&mstress-mercurialmelody,presets-extra,64
Pinbi7&rocke-superstar,presets-extra,64
Pinbi7&rovastar-7iquid(de-orbitremix),presets-extra,64
Pinbi7&rovastar-callitwhatyouwannacal,presets-extra,64
Pinbi7&rovastar-de-orbit(remix),presets-extra,64
Pinbi7&rovastar-icanseeyou,presets-extra,64
Pinbi7&rovastar-kinda(de-orbitremix2),presets-extra,64
Pinbi7&rovastar-kindaw(de-orbitremix),presets-extra,64
Pinbi7&rovastar-liquid(de-orbitremix),presets-extra,64
Pinbi7&rovastar-thenet(de-orbitremix),presets-extra,64
Pinbi7&rovastar-waveyourehands,presets-extra,64
Pinbi7&stuttler-platiniumplus,presets-extra,64
Pinbi7&stuttler-trackdown,presets-extra,64
Pinbi7&unchained-nothingreallymatters,presets-extra,64
Pinbi7&wulfson-seasonof(roundwegomix),presets-extra,64
Pinbi7&wulfson-seasonofsa(call911mix),presets-extra,64
Pinbi7&wulfson-seasonofsakura(thestor,presets-extra,64
Pinbi7&zylot-fallowthebeat,presets-extra,64
Pinbi7&zylot-hidingintheshadow,presets-extra,64
Pinbi7&zylot-squarehead,presets-extra,64
Pinbi7-World'sGreatest,presets-extra,64
Pinbi7-hopeyoulikeit,presets-extra,64
Pinbi7-inforoad,presets-extra,64
Pinbi7-mistakedohappen,presets-extra,64
Pinbi7-pendule,presets-extra,64
Pinbi7-rainbowscroll,presets-extra,64
Pinbi7-rockaroundtheclock,presets-extra,64
Pinbi7-rockaroundtheclock1,presets-extra,64
Pinbi7-rockaroundtheclock2,presets-extra,64
Pinbi7-snakeskin,presets-extra,64
Pinbi7-thenet(2ndtry),presets-extra,64
Pinbi7-worldsgreatest,presets-extra,64
Pithlit & Illusion - Speaker in the Night,presets-extra,64
Pithlit & Illusion - Symetric pattern,presets-extra,64
Pithlit - Arising Spirit,presets-extra,64
Pithlit - Colourfall,presets-extra,64
Pithlit - Colouroom,presets-extra,64
Pithlit - Deep Vent,presets-extra,64
Pithlit - Distorted,presets-extra,64
Pithlit - Energy Stream,presets-extra,64
Pithlit - Fractal Tune,presets-extra,64
Pithlit - Gates,presets-extra,64
Pithlit - Golden Rays,presets-extra,64
Pithlit - Gooey Tower,presets-extra,64
Pithlit - Guilty,presets-extra,64
Pithlit - Guilty (major Warp),presets-extra,64
Pithlit - Hair,presets-extra,64
Pithlit - Hyperspace,presets-extra,64
Pithlit - Hypnotic dizz,presets-extra,64
Pithlit - Mellow,presets-extra,64
Pithlit - Ninja,presets-extra,64
Pithlit - Nova,presets-extra,64
Pithlit - Nova(Rainbow mix),presets-extra,64
Pithlit - Nova(Trafficlight mix),presets-extra,64
Pithlit - Nuclear Fusion,presets-extra,64
Pithlit - Peaceful Flow,presets-extra,64
Pithlit - Psychotrip,presets-extra,64
Pithlit - Psychotrip (Spinning colours mix),presets-extra,64
Pithlit - Radar,presets-extra,64
Pithlit - Rainbow Wheel,presets-extra,64
Pithlit - Rainbow Wheel (extreme power mix),presets-extra,64
Pithlit - Restaurant at the end of the U.,presets-extra,64
Pithlit - Saurons Eye,presets-extra,64
Pithlit - Slow Cyclone,presets-extra,64
Pithlit - Spirit Hearth,presets-extra,64
Pithlit - Stairway to Abyss,presets-extra,64
Pithlit - Swarmers,presets-extra,64
Pithlit - Tunnel of Light,presets-extra,64
Pithlit - Under Pressure,presets-extra,64
Pithlit - Vector Room,presets-extra,64
Pithlit - Whirlpool,presets-extra,64
Pithlit - You know it!,presets-extra,64
Pithlit -Dive into Sound,presets-extra,64
Pithlit and Rovastar - Dreamwalker,presets-extra,64
Pithlit and Rovastar - Dreamwalker (solid mix),presets-extra,64
Piwo4me - Coming To Get Ya,presets-extra,64
Piwo4me - Smoke Trippin',presets-extra,64
Piwo4me - Smoke Trippin' (Crazy Mix),presets-extra,64
Piwo4me - Unreal,presets-extra,64
Piwo4me-SmokeTrippin',presets-extra,64
Piwo4me-SmokeTrippin'(CrazyMix),presets-extra,64
Piwo4me-comingtogetya,presets-extra,64
Piwo4me-smoketrippin,presets-extra,64
Piwo4me-smoketrippin(crazymix),presets-extra,64
Piwo4me-unreal,presets-extra,64
Pixie & Telek - Fluro Candle,presets-extra,64
Pixie + Telek - Fluro Candle,presets-extra,64
Pixie&telek-flurocandle,presets-extra,64
Planar Portal,presets-extra,64
Plane of Sights,presets-extra,64
Prismatic Gate,presets-extra,64
Prismatic Portal,presets-extra,64
Psychodelic Highway,presets-extra,64
Psycosyin 2,presets-extra,64
Pulse,presets-extra,65
Pulse Neuron,presets-extra,65
Pyrotechnia,presets-extra,65
Quantum Foam,presets-extra,65
Quiver,presets-extra,65
RE7781~1,presets-extra,65
RE8889~1,presets-extra,65
RED4C7~1,presets-extra,65
REE882~1,presets-extra,65
RLP + Eo.S. - glowsticks v2 05 and proton lights (+Krash's beat code) - RLP Plaid Interlace Mix,presets-extra,65
RLP + Geiss - Reducto Absurdum ('There's Snow on my TV' Mix),presets-extra,65
RLP + Geiss - Shake (Violently with Overload 3 [Artifacting Out Mix]),presets-extra,65
"RLP + Geiss - Shake (Violently with Overload 4 [Overheating, Artifacting, and Swaying Mix])",presets-extra,65
RLP + Geiss - Shake (Violently with Overload 5 [Dropout Mix]),presets-extra,65
RLP + Rovastar - Paradigm Sphere (Paradigm Shift Mix),presets-extra,65
RLP + Unchained & Che - Oddnezz 4 (Done it again) (RLP's SpeakerBump Mix),presets-extra,65
RLP + shifter - mandala 2 (RLP Remix),presets-extra,65
RLP - I'm Drunk (hic) - No Shaders,presets-extra,65
RLP - Lifestream,presets-extra,65
RLP - Lifestream (Disruption Mix),presets-extra,65
RLP - Plaid Interlacing,presets-extra,65
RLP - Plaid Interlacing (This is a bumpy texture),presets-extra,65
RLP - Restart,presets-extra,65
RLP - Simple and in Stereoscopic 3D (Green-Magenta Glasses Optional),presets-extra,65
RLP - Spectrum Fire (No Shaders Involved),presets-extra,65
RLP - Static On My TV,presets-extra,65
RLP - The 4th Dimension (Dream),presets-extra,65
RLP - The 4th Dimension (Reality),presets-extra,65
RLP - The Dream Fall,presets-extra,65
RLP - The Dream Fall (Crystal Ball Bass Mix),presets-extra,65
RLP - The Dream Fall (Rasengan Spectrum Shape),presets-extra,65
RLP - The Dream Fall 2,presets-extra,65
RLP - The Push-Pull Factor,presets-extra,65
RLP - The Push-Pull Factor (Solarized),presets-extra,65
RLP - Tube of Light,presets-extra,65
RLP - Tube of Light (Red Blood Splatter Mix),presets-extra,65
RLP - Wow I feel weird,presets-extra,65
RLP - Wow I feel weird (Geiss Bass Zoom Code),presets-extra,65
Rainbow,presets-extra,65
Rainbow Deflection 2,presets-extra,65
Rainbow Planet,presets-extra,65
Rays,presets-extra,65
Reaching Out,presets-extra,65
Reaching Out For Something,presets-extra,65
Reaching Out For Stars,presets-extra,65
Reactor Core,presets-extra,65
Recursive Journeys,presets-extra,65
RedShift,presets-extra,65
Redi Jedi + Eo.S + BrainStain- boil your glowsticks for best effect-mix2(redi jedi adkins mix),presets-extra,65
Redi Jedi + Flexi  - tilted morphed conic section finally poked ;-),presets-extra,65
Redi Jedi + Rovastar - Jester's Awakenings(hang over mix),presets-extra,65
Redi Jedi + Rovastar - Jester's Awakenings(hang over mix)(beta 4),presets-extra,65
Redi Jedi + TiToU - My 1st Preset(you have to think about it from the right angle),presets-extra,65
Redi Jedi - And mom told me not to look into the sun,presets-extra,65
Redi Jedi - Brainfart,presets-extra,65
Redi Jedi - Cardboard does not bend like that,presets-extra,65
Redi Jedi - Damn that shape,presets-extra,65
Redi Jedi - Damn that shape_Phat_spaz_edit,presets-extra,65
Redi Jedi - Dancing insanity,presets-extra,65
Redi Jedi - George Washington grew marijunna behind the white house,presets-extra,65
Redi Jedi - George Washington grew marijunna behind the white house_1,presets-extra,65
"Redi Jedi - Hey man, i think i'm lost in your bathroom again",presets-extra,65
Redi Jedi - I am watching you (remix),presets-extra,65
Redi Jedi - I think someone was smoking pot in here,presets-extra,65
Redi Jedi - Mr. fadar,presets-extra,65
Redi Jedi - Noted,presets-extra,65
Redi Jedi - Pladman discovers cold fusion,presets-extra,65
Redi Jedi - Porthole to the underworld,presets-extra,65
Redi Jedi - Quit smoking my heavy watter,presets-extra,65
Redi Jedi - Shaking your reality,presets-extra,65
Redi Jedi - Shaking your reality (remix),presets-extra,65
Redi Jedi - Smoke and lasers,presets-extra,65
Redi Jedi - Static,presets-extra,65
Redi Jedi - Static (remix),presets-extra,65
Redi Jedi - This is your brain on drugs,presets-extra,65
Redi Jedi - Time travling through a traffic jam,presets-extra,65
Redi Jedi - Welcome to the underworld,presets-extra,65
Redi Jedi - Why didnt i quit yet,presets-extra,65
Redi Jedi - Your tv is not broken,presets-extra,65
Redi Jedi - a self addressed stamped letter to nowhere,presets-extra,65
Redi Jedi - a self addressed stamped letter to nowhere(return to sender),presets-extra,65
Redi Jedi - a self addressed stamped letter to nowhere(return to sender)_1,presets-extra,65
Redi Jedi - a self addressed stamped letter to nowhere_1,presets-extra,65
Redi Jedi - acid in your brain,presets-extra,65
Redi Jedi - acid in your brain_1,presets-extra,65
Redi Jedi - acid in your pants,presets-extra,65
Redi Jedi - acid in your pants_1,presets-extra,65
Redi Jedi - acid on a window pane,presets-extra,65
Redi Jedi - acid on a window pane 2 hits please,presets-extra,65
Redi Jedi - acid on a window pane 2 hits please_1,presets-extra,65
Redi Jedi - acid on a window pane. no more!,presets-extra,65
Redi Jedi - acid on a window pane. no more!_1,presets-extra,65
Redi Jedi - acid on a window pane2,presets-extra,65
Redi Jedi - acid on a window pane2_1,presets-extra,65
Redi Jedi - acid on a window pane_1,presets-extra,65
Redi Jedi - are you in the box,presets-extra,65
Redi Jedi - atomic reaction,presets-extra,65
Redi Jedi - atomic reaction_1,presets-extra,65
Redi Jedi - atoms in hell,presets-extra,65
Redi Jedi - atoms in hell_1,presets-extra,65
"Redi Jedi - bob told me that the universe is all connected, kind of like points on a computer screen with pretty colors swirling around them.. or something",presets-extra,65
"Redi Jedi - bob told me that the universe is all connected, then i smacked him back into the proper delusion",presets-extra,65
"Redi Jedi - both me and the filing cabnet agree that this wall has major problems, and needs to seek help",presets-extra,65
Redi Jedi - brainfart remix,presets-extra,65
Redi Jedi - brainfart remiz,presets-extra,65
Redi Jedi - fadar,presets-extra,65
"Redi Jedi - fighting for freedom from oppression, give me back my bag mix",presets-extra,65
Redi Jedi - hells elavator,presets-extra,65
Redi Jedi - how am i suspost to paint during this earthquake,presets-extra,65
Redi Jedi - how am i suspost to paint during this earthquake_1,presets-extra,65
Redi Jedi - how am i suspost to paint during this earthquake_Phat_edit,presets-extra,65
Redi Jedi - how am i suspost to paint during this earthquake_Phat_edit_V2,presets-extra,65
Redi Jedi - i dont think those were portabello mushrooms,butterchurnPresetsExtra,
Redi Jedi - i dont think those were portabello mushrooms_1,presets-extra,65
"Redi Jedi - i leave the room for five minuits and now the wall is gone, i knew i shouldnt have let the mailbox watch him",presets-extra,65
"Redi Jedi - i paid the lawn gnome twenty dollars to save me from the hypnogerms on my toothbrush, so i have nothing to worry about",presets-extra,65
"Redi Jedi - i really like the way your tile floor moves around, are you sure its gonna be ok, does it need a glass of watter",presets-extra,65
Redi Jedi - i think i took a wrong turn in a bad part of town,presets-extra,65
Redi Jedi - i think theres something in my drink,presets-extra,65
Redi Jedi - i was here till this came on,presets-extra,65
"Redi Jedi - i've sent the basketball to fix the wall, but i think he is making it worse",presets-extra,65
"Redi Jedi - multipal points of orgin, one destanation",presets-extra,65
"Redi Jedi - multipal points of orgin, one destanation_1",presets-extra,65
"Redi Jedi - multiple points of origin, one destination",presets-extra,65
Redi Jedi - my pupil is big,presets-extra,65
Redi Jedi - my pupil is big_1,presets-extra,66
Redi Jedi - off the fadar,presets-extra,66
"Redi Jedi - off the fadar (no sweeps or bleeps, but alotta creeps)",presets-extra,66
Redi Jedi - perplexium_1,presets-extra,66
Redi Jedi - pladman,presets-extra,66
Redi Jedi - pladman visits the sevendys,presets-extra,66
Redi Jedi - pladman visits the sevendys_1,presets-extra,66
Redi Jedi - pladman_1,presets-extra,66
Redi Jedi - porthole to the underworld(dround in a vat of milk),presets-extra,66
Redi Jedi - porthole to the underworld(hit by a bus edition),presets-extra,66
"Redi Jedi - quit smoking my watter,you dick_1",presets-extra,66
Redi Jedi - self painting portrait of the universe,presets-extra,66
Redi Jedi - self painting portrait of the universe ver2,presets-extra,66
Redi Jedi - self painting portrait of the universe_1,presets-extra,66
Redi Jedi - something,presets-extra,66
Redi Jedi - static fusion,presets-extra,66
Redi Jedi - static ideas in a dynamic world,presets-extra,66
Redi Jedi - subspace of reality,presets-extra,66
Redi Jedi - subspace of reality_1,presets-extra,66
"Redi Jedi - thats it call my lawyer, two toster ovens in bellbottoms just stole my car from the parkinglot in my pocket",presets-extra,66
"Redi Jedi - theres a problem with the fadar, sir!",presets-extra,66
Redi Jedi - this acid is eating away at my ocular cavitys,presets-extra,66
Redi Jedi - this acid is eating away at my ocular cavitys ver 2,presets-extra,66
Redi Jedi - this is my brain on milk,presets-extra,66
Redi Jedi - this is my brain on milk two spoonfulls of crack please(female),presets-extra,66
Redi Jedi - this is my brain on milk two spoonfulls of crack please(male),presets-extra,66
Redi Jedi - this is my brain on milk two spoonfulls of crack please(my pet rock stirs his koollaid with george jetsons toothbrush),presets-extra,66
Redi Jedi - this is my brain on milk(drop the habbit),presets-extra,66
Redi Jedi - this is my brain on milk(drop the habbit)_1,presets-extra,66
Redi Jedi - this is my brain on milk_1,presets-extra,66
Redi Jedi - tiediyed grasshoppers,presets-extra,66
Redi Jedi - too drunk to stand,presets-extra,66
Redi Jedi - tresure map,presets-extra,66
Redi Jedi - tresure map_1,presets-extra,66
Redi Jedi - triptacular to the max(maxtacular to the trip remix),presets-extra,66
Redi Jedi - viewing the world through a chain link fence,presets-extra,66
Redi Jedi - viewing the world through a chain link fence(and we're the 'free' ones mix),presets-extra,66
Redi Jedi - viewing the world through a chain link fence(welcome to the usa mix),presets-extra,66
Redi Jedi - welcome to the underworld(remix),presets-extra,66
Redi Jedi - wheres the beef,presets-extra,66
Redi Jedi - your radar may have a few kinks in it,presets-extra,66
Redi Jedi - your radar may have a few kinks in it_1,presets-extra,66
Redi Jedi's template - db based beat detection,presets-extra,66
Redi Jedi's template - db based beat detection ver. 4.20,presets-extra,66
Redi Jedi's template - db based beat detection ver. i4.22,presets-extra,66
Redi Jedi's template - db based beat detection ver. i4.22_1,presets-extra,66
Redi Jedi's template - db based beat detection verwip,presets-extra,66
Redi Jedi's template - migrain,presets-extra,66
Redi Jedi's weed feind,presets-extra,66
Redi Jedi's weed feind(milkdrop beta ver2),presets-extra,66
Redi Jedi- who put my balls in the washing machine,presets-extra,66
Redi jedi -  i was here till this came  on,presets-extra,66
RediJ jedi - hurricane milk,presets-extra,66
RediJ jedi - hurricane milk_1,presets-extra,66
Redijedi-ithinktheressomethinginmydri,presets-extra,66
Redijedi-subspaceofreality,presets-extra,66
Redijedi-tiediyedgrasshoppers,presets-extra,66
Redijedi-toodrunktostand,presets-extra,66
Redijedi-whoputmyballsinthewashingmac,presets-extra,66
Reenen & Geiss - Shift Beat 1.2,presets-extra,66
Reenen & Telek - Slow Shift Matrix (bb4.5 (Dynamic Beat) Mix),presets-extra,66
Reenen - Beehive,presets-extra,66
Reenen - Beehive 2,presets-extra,66
Reenen - CD Colourwheel,presets-extra,66
Reenen - CD Colourwheel 2,presets-extra,66
Reenen - Confused Mosquito,presets-extra,66
Reenen - Fire Embrio,presets-extra,66
Reenen - Fire Globe,presets-extra,66
Reenen - FireGlobe,presets-extra,66
Reenen - Matrix,presets-extra,66
Reenen - Matrix Screensaver,presets-extra,66
Reenen - Matrix Screensaver (Dim Yellow Mix),presets-extra,66
Reenen - Strobe 1,presets-extra,66
Reenen - Strobe 2,presets-extra,66
Reenen - Swirling Paisley,presets-extra,66
Reenen - X-Globe,presets-extra,66
Reenen - confused_mosquito,presets-extra,66
Reenen - fire,presets-extra,66
Reenen - globe,presets-extra,66
Reenen - phoenix,presets-extra,66
Reenen - speaker,presets-extra,66
Reenen - vol_rot,presets-extra,66
Reenen Geiss - More Feedback,presets-extra,66
Reenen Geiss - Shift Beat 1.2,presets-extra,66
Reenen Geiss - Soft Triple Feedback,presets-extra,66
Reenen Geiss - Triple Feedback,presets-extra,66
Reenen Geiss - Triple Feedback_phat+eos_edit,presets-extra,66
Reenen Geiss - Triple Feedback_phat_edit,presets-extra,66
Reenen and Telek - Slow Shift Matrix (bb4.5) (Dynamic beat Mix),presets-extra,66
Reenen&Geiss-ShiftBeat1.2,presets-extra,66
Reenen&Telek-SlowShiftMatrix(b,presets-extra,66
Reenen&geiss-shiftbeat12,presets-extra,66
Reenen&telek-slowshiftma(dynamicbeat),presets-extra,66
Reenen-MatrixScreensaver(DimYell,presets-extra,66
Reenen-beehive,presets-extra,66
Reenen-beehive2,presets-extra,66
Reenen-cdcolourwheel,presets-extra,66
Reenen-cdcolourwheel2,presets-extra,66
Reenen-confusedmosquito,presets-extra,66
Reenen-fire,presets-extra,66
Reenen-fireembrio,presets-extra,66
Reenen-fireglobe,presets-extra,66
Reenen-globe,presets-extra,66
Reenen-matrix,presets-extra,66
Reenen-matrixscreensave(dimyellowmix),presets-extra,66
Reenen-matrixscreensaver,presets-extra,66
Reenen-phoenix,presets-extra,66
Reenen-speaker,presets-extra,66
Reenen-strobe1,presets-extra,66
Reenen-strobe2,presets-extra,66
Reenen-swirlingpaisley,presets-extra,66
Reenen-volrot,presets-extra,66
Reenen-x-globe,presets-extra,66
Reflex Surface,presets-extra,66
Regressive Detox,presets-extra,66
Repressed Memories,presets-extra,66
Reptile Prism,presets-extra,66
Retina (Beat),presets-extra,66
ReturnSource,presets-extra,66
Rip in Time,presets-extra,66
Rip in Time ,presets-extra,66
Rip off,presets-extra,66
River Of Illusion,presets-extra,66
Roach Motel,presets-extra,66
Roadkill Diner,presets-extra,66
Robert E. James - Rej 01,presets-extra,66
Robert E. James - Rej 02,presets-extra,67
Robert E. James - Rej 03,presets-extra,67
Robert E. James - Rej 04,presets-extra,67
Robert E. James-01,presets-extra,67
RobertE.James-Rej01,presets-extra,67
RobertE.James-Rej02,presets-extra,67
RobertE.James-Rej03,presets-extra,67
RobertE.James-Rej04,presets-extra,67
Robertejames-rej01,presets-extra,67
Robertejames-rej02,presets-extra,67
Robertejames-rej03,presets-extra,67
Robertejames-rej04,presets-extra,67
Rocke & Rovastar - Multiverse Starwars,presets-extra,67
Rocke & Ryjhan - Burning Passion,presets-extra,67
Rocke + Ryjhan - Burning Passion,presets-extra,67
Rocke - Alice,presets-extra,67
Rocke - Alice Strikes Back,presets-extra,67
Rocke - Alice's Ego Trip,presets-extra,67
Rocke - Answer.42,presets-extra,67
Rocke - Answer.42 (New Mix 1),presets-extra,67
Rocke - Answer.42 (New Mix 1) - mash0000 - slash and char p. jungle,butterchurnPresetsExtra,
Rocke - Answer.42 (New Mix 2),presets-extra,67
Rocke - Answer.42 (Tweak 1),presets-extra,67
Rocke - Answer.42 (Tweak 2),presets-extra,67
Rocke - Answer.43,presets-extra,67
Rocke - Cold Love,presets-extra,67
Rocke - Cold Love (Tei Zwaa),presets-extra,67
Rocke - Cold Love 1,presets-extra,67
Rocke - Cold Love 2,presets-extra,67
Rocke - Dragon,presets-extra,67
Rocke - Dragon (Remix),presets-extra,67
Rocke - Dragon (Tweak 1),presets-extra,67
Rocke - Falling Down,presets-extra,67
"Rocke - Geh nicht bei rot, sonst bist du bald tot",presets-extra,67
Rocke - In the Sky,presets-extra,67
Rocke - LoZ Tribute,presets-extra,67
Rocke - Loz Tribute (Remix),presets-extra,67
Rocke - Personal Comet,presets-extra,67
"Rocke - Personal Comet (And His Brother, Kyle)",presets-extra,67
Rocke - They Stole My Lava Lamp But I Don't Care Anymore,presets-extra,67
Rocke - They Stole My Lava Lamp But I Don't Care Anymore (Alternative Version),presets-extra,67
Rocke - Universe of Music,presets-extra,67
Rocke - Universe of Music (Remix),presets-extra,67
Rocke - What You Want (Original Mix),presets-extra,67
Rocke - What You Want 1,presets-extra,67
Rocke - What You Want 2,presets-extra,67
Rocke - What You Want 3,presets-extra,67
Rocke - What You Want 4,presets-extra,67
Rocke - What You Want 5,presets-extra,67
Rocke - What You Want 6,presets-extra,67
Rocke - What you want,presets-extra,67
Rocke - What you want (Tweak 1),presets-extra,67
Rocke - What you want (Tweak 2),presets-extra,67
Rocke - What you want (Tweak 3),presets-extra,67
Rocke - What you want (Tweak 4),presets-extra,67
Rocke - What you want (Tweak 5),presets-extra,67
Rocke - What you want (Tweak 6),presets-extra,67
Rocke - Where You're At,presets-extra,67
Rocke - Where You're At (Version 2),presets-extra,67
Rocke and idiot24-7 - Rainbow Alice ,presets-extra,67
Rocke feat. Bufco - We Love Each Other So Much It's Disgusting,presets-extra,67
Rocke&Rovastar-MultiverseStarwar,presets-extra,67
Rocke&rovastar-multiversestarwars,presets-extra,67
Rocke&ryjhan-burningpassion,presets-extra,67
Rocke-Answer.42(NewMix1),presets-extra,67
Rocke-Answer.42(NewMix2),presets-extra,67
Rocke-alice,presets-extra,67
Rocke-answer42,presets-extra,67
Rocke-answer42(newmix1),presets-extra,67
Rocke-answer42(newmix2),presets-extra,67
Rocke-coldlove1,presets-extra,67
Rocke-coldlove2,presets-extra,67
Rocke-dragon,presets-extra,67
Rocke-dragon(remix),presets-extra,67
Rocke-fallingdown,presets-extra,67
Rocke-inthesky,presets-extra,67
Rocke-loztribute,presets-extra,67
Rocke-loztribute(remix),presets-extra,67
Rocke-personalcomet,presets-extra,67
Rocke-universeofmusic,presets-extra,67
Rocke-whatyouwant(originalmix),presets-extra,67
Rocke-whatyouwant1,presets-extra,67
Rocke-whatyouwant2,presets-extra,67
Rocke-whatyouwant3,presets-extra,67
Rocke-whatyouwant4,presets-extra,67
Rocke-whatyouwant5,presets-extra,67
Rocke-whatyouwant6,presets-extra,67
Roosta  - Bursting,presets-extra,67
Roosta  - Bursting - Third Eye Mix,presets-extra,67
Roosta  - Bursting Egg,presets-extra,67
Roosta  - Bursting Flood,presets-extra,67
Roosta  - Bursting Jelly,presets-extra,67
Roosta  - Star crazy,presets-extra,67
Roosta - A Fractured Reflection,presets-extra,67
Roosta - A Gateway is Expressed,presets-extra,67
Roosta - A Gateway is Expressed - Show Me the Way,presets-extra,67
Roosta - A Moment of Focus,presets-extra,67
Roosta - Cerebral Overload,presets-extra,67
Roosta - Demented Swirl,presets-extra,67
Roosta - Demented Swirl 2,presets-extra,67
Roosta - Diaspora,presets-extra,67
Roosta - Diaspora - Central Fire Mix,presets-extra,67
Roosta - Galactic Introspection,presets-extra,67
Roosta - Galactic Introspection - Solar flare mix,presets-extra,67
Roosta - Her Glowing Iris,presets-extra,67
Roosta - His Blazing Scepter,presets-extra,67
Roosta - Jagged Pulse,presets-extra,67
Roosta - Jagged Pulse - Bass bubble mix,presets-extra,67
Roosta - Marks The Spot,presets-extra,67
"Roosta - Shine, Spiral, Shine!",presets-extra,67
"Roosta - Shine, Spiral, Shine! - High Gamma",presets-extra,67
Roosta - Swirl Monster,presets-extra,67
Roosta - Swirl Tiles,presets-extra,67
Roosta - Symmetric desires,presets-extra,67
Roosta - Symmetric desires - complexity mix,presets-extra,67
Roosta - Symmetric desires 2,presets-extra,67
Roosta - The Transit of a Thought,presets-extra,67
Rovastar & 3dRaGoNs - CaVe LiFe,presets-extra,67
Rovastar & 3dRaGoNs - Mine Exploded,presets-extra,67
Rovastar & 3dRaGoNs - Spelunking,presets-extra,67
Rovastar & 3dRaGoNs - StarGate rEmIx,presets-extra,67
Rovastar & Adair - The Echo Tube,presets-extra,67
Rovastar & Aderrasi - Airs Of Change,presets-extra,67
Rovastar & Aderrasi - Clockwork Organism,presets-extra,67
Rovastar & Aderrasi - Oceanic Bassograph (Underwater Mix),presets-extra,67
Rovastar & Aderrasi - Troubled Contrasting Helix,presets-extra,67
Rovastar & Aderrasi - Troubled Contrasting Helix (Deeply Troubled Mix),presets-extra,67
Rovastar & Aderrasi - Troubled Contrasting Helix (Steady Rollercoaster Mix),presets-extra,67
Rovastar & Bmelgren - Liquid Chrome,presets-extra,68
Rovastar & Bmelgren - Organic Rainbow,presets-extra,68
Rovastar & CTho - Deeper Space Dust,presets-extra,68
Rovastar & CTho - Spacedust,presets-extra,68
Rovastar & Che - Adela The Flower (Altars Of Madness Mix 1),presets-extra,68
Rovastar & Che - Adela The Flower (Altars Of Madness Mix 2),presets-extra,68
Rovastar & Che - Adela The Flower (Altars Of Madness Mix 2)BDRV et  AL  rmxmix,presets-extra,68
Rovastar & Che - Adela The Flower (Swirl Remix),presets-extra,68
Rovastar & Che - Asylum Animations,presets-extra,68
Rovastar & Che - Definitly Not For The Epileptic (Inner Perspective Of Life Mix),presets-extra,68
Rovastar & Che - Trapped In The Asylum,presets-extra,68
Rovastar & Che - Trapped In The Asylum (Dark Mix),presets-extra,68
Rovastar & Dbleja - Electric Plasma Drops,presets-extra,68
Rovastar & Dbleja - Intense Nebulas,presets-extra,68
Rovastar & EvilJim - Advanced Bass Monitor,presets-extra,68
Rovastar & EvilJim - Bass Tube of Light,presets-extra,68
Rovastar & EvilJim - Evil Unknown 1,presets-extra,68
Rovastar & EvilJim - Evil Unknown 2,presets-extra,68
Rovastar & EvilJim - Inside the motion ball,presets-extra,68
Rovastar & EvilJim - Strange Shifting Light,presets-extra,68
Rovastar & Fvese - Alien Spider Nightmare 1,presets-extra,68
Rovastar & Fvese - Alien Spider Nightmare 2,presets-extra,68
Rovastar & Fvese - Dark Subconscious,presets-extra,68
Rovastar & Fvese - Deadly Flower,presets-extra,68
Rovastar & Fvese - Fibla Carbon,presets-extra,68
Rovastar & Fvese - Frozen Demon Fly,presets-extra,68
Rovastar & Fvese - Halo Web,presets-extra,68
Rovastar & Fvese - Liberator,presets-extra,68
Rovastar & Fvese - Living In A Box,presets-extra,68
Rovastar & Fvese - Living In A Box (Interlude Mix),presets-extra,68
Rovastar & Fvese - Majestic Halo,presets-extra,68
Rovastar & Fvese - Mosaic Waves,presets-extra,68
Rovastar & Fvese - Natural Frequency (Border Mix),presets-extra,68
Rovastar & Fvese - Natural Frequency (Border Tweak),presets-extra,68
Rovastar & Fvese - Natural Frequency (Cool Mix),presets-extra,68
Rovastar & Fvese - Paranormal Static,presets-extra,68
Rovastar & Fvese - Rephlex Surface,presets-extra,68
Rovastar & Fvese - Rephlex Surface (Hologram Mix),presets-extra,68
Rovastar & Fvese - Stranger Minds,presets-extra,68
Rovastar & Fvese - Stranger Minds (Astral Mix),presets-extra,68
Rovastar & Fvese - Thumbs Up (Remix),presets-extra,68
Rovastar & Fvese - Travelling Without Moving (Remix),presets-extra,68
Rovastar & Geiss - Approach (Vectrip Mix),presets-extra,68
Rovastar & Geiss - Bipolar 2 (Vectrip Mix),presets-extra,68
Rovastar & Geiss - Dynamic Spheres,presets-extra,68
Rovastar & Geiss - Dynamic Swirls (Swirl Mix),presets-extra,68
Rovastar & Geiss - Dynamic Swirls (Vectrip Mix),presets-extra,68
Rovastar & Geiss - Dynamic Swirls 3,presets-extra,68
Rovastar & Geiss - Dynamic Swirls 3 (Altars Of Madness Mix),presets-extra,68
Rovastar & Geiss - Dynamic Swirls 3 (Broken Destiny Mix),presets-extra,68
Rovastar & Geiss - Dynamic Swirls 3 (Mysticial Awakening Mix),presets-extra,68
Rovastar & Geiss - Dynamic Swirls 3 (Poltergiest Mix),presets-extra,68
Rovastar & Geiss - Dynamic Swirls 3 (Smoke Mix),presets-extra,68
Rovastar & Geiss - Dynamic Swirls 3 (Smoking Delusion Mix),presets-extra,68
Rovastar & Geiss - Dynamic Swirls 3 (Smoking Lyrical Mix),presets-extra,68
Rovastar & Geiss - Dynamic Swirls 3 (Twisted Truth Mix Rozzor modded),presets-extra,68
Rovastar & Geiss - Dynamic Swirls 3 (Twisted Truth Mix),presets-extra,68
Rovastar & Geiss - Dynamic Swirls 3 (Voyage Of Souls Mix),presets-extra,68
Rovastar & Geiss - Dynamic Swirls 3 (Voyage Of Twisted Souls Mix),presets-extra,68
Rovastar & Geiss - Galaxy (Vectrip Mix),presets-extra,68
Rovastar & Geiss - Hurricane Nightmare,presets-extra,68
Rovastar & Geiss - Ice Planet,presets-extra,68
Rovastar & Geiss - Julia Fractal (Vectrip Mix),presets-extra,68
Rovastar & Geiss - Many More Colours,presets-extra,68
Rovastar & Geiss - Many More Colours (Vectrip Mix),presets-extra,68
Rovastar & Geiss - Morphing Polygons,presets-extra,68
Rovastar & Geiss - Music Box (Vectrip Mix),presets-extra,68
Rovastar & Geiss - Notions Of Tonality,presets-extra,68
Rovastar & Geiss - Octoplasm,presets-extra,68
Rovastar & Geiss - Octotrip,presets-extra,68
Rovastar & Geiss - Octotrip (Deadly BT Mix),presets-extra,68
Rovastar & Geiss - Octotrip (MultiTrip Mix),presets-extra,68
Rovastar & Geiss - Octotrip (Swirl Mix),presets-extra,68
Rovastar & Geiss - Pastel (Vectrip Mix),presets-extra,68
Rovastar & Geiss - Surface (Vectrip Mix),presets-extra,68
Rovastar & Geiss - Tokamak (Naked Intrusion Mix),presets-extra,68
Rovastar & Idiot - Astralasia,presets-extra,68
Rovastar & Idiot - Astralasia (Nasty Comedown Mix),presets-extra,68
Rovastar & Idiot - Sully's Trip,presets-extra,68
Rovastar & Idiot24-7 - Balk Acid,butterchurnPresetsMD1,
Rovastar & Idiot24-7 - Distasteful Rush,presets-extra,68
Rovastar & Idiot24-7 - Distasteful Rush (Loring Despair Mix),presets-extra,68
Rovastar & Idiot24-7 - Distasteful Rush (Nepalese Mix),presets-extra,68
Rovastar & Idiot24-7 - Hyper Ball Wrap,presets-extra,68
Rovastar & Idiot24-7 - Juanita,presets-extra,68
Rovastar & Idiot24-7 - Marphet's Shrine,presets-extra,68
Rovastar & Idiot24-7 - Mixed Emotions (Harlequin's Shame Mix),presets-extra,68
Rovastar & Idiot24-7 - Seismic Shift,presets-extra,68
Rovastar & Idiot24-7 - Terminal X,presets-extra,68
Rovastar & Idiot24-7 - Terminal X (Mirror Mix),presets-extra,68
Rovastar & Idiot24-7 and Zylot - Distasteful Rush (Seeing Farther Mix),presets-extra,68
Rovastar & Illusion - Abacus Making Music,presets-extra,68
Rovastar & Illusion - Contact,presets-extra,68
Rovastar & Illusion - Diversion,presets-extra,68
Rovastar & Illusion - Dotty Mad Space,presets-extra,68
Rovastar & Illusion - Dual Shifting Sphere (Shifting Colour Mix),presets-extra,68
Rovastar & Illusion - Dual Wave,presets-extra,68
Rovastar & Illusion - Dual Wave 1,presets-extra,68
Rovastar & Illusion - Dual Wave 2,presets-extra,68
Rovastar & Illusion - Further Basic Electronica 1,presets-extra,68
Rovastar & Illusion - Further Basic Electronica 2,presets-extra,68
Rovastar & Illusion - Good Moods,presets-extra,68
Rovastar & Illusion - Grand Odyssey Mod,presets-extra,68
Rovastar & Illusion - Grand Odyssey Mod (Remix),presets-extra,68
Rovastar & Illusion - Great Moods,presets-extra,68
Rovastar & Illusion - Hypnotic Spell,presets-extra,68
Rovastar & Illusion - Lost In My Mind,presets-extra,68
Rovastar & Illusion - Shifting Sphere,presets-extra,68
Rovastar & Illusion - Shifting Sphere (Colour Mix),presets-extra,68
Rovastar & Illusion - Wild Moods,presets-extra,68
Rovastar & Jaiph - Subnubus,presets-extra,68
Rovastar & Jaiph - Turbulent Travel,presets-extra,68
Rovastar & Jellby - Whirling Illusions 2,presets-extra,68
Rovastar & Krash - Accidential Aenema,presets-extra,68
Rovastar & Krash - Aenema Encounters,presets-extra,68
Rovastar & Krash - Aenema Waves,presets-extra,68
Rovastar & Krash - Aenematic,presets-extra,68
Rovastar & Krash - Cerebral Demons,presets-extra,68
Rovastar & Krash - Cerebral Demons (Beat Pulse Mix),presets-extra,68
Rovastar & Krash - Cerebral Demons (Dark Souls Mix),presets-extra,68
Rovastar & Krash - Cerebral Demons (Escaping Demons Mix),presets-extra,68
Rovastar & Krash - Cerebral Demons (Mental Health Mix),presets-extra,68
Rovastar & Krash - Circles Of Shadows,presets-extra,68
Rovastar & Krash - Extreme Indecisive Movement,presets-extra,68
Rovastar & Krash - Flowing Synergy,presets-extra,68
Rovastar & Krash - Flowing Synergy BDRV et  AL  rmx,presets-extra,68
Rovastar & Krash - Hallucinogenic Pyramids (Beater Time Mix),presets-extra,68
Rovastar & Krash - Hallucinogenic Pyramids (Extra Beat Time Mix),presets-extra,69
Rovastar & Krash - Heatwaves (Thermal Image Mix),presets-extra,69
Rovastar & Krash - Indecisive Landscapes,presets-extra,69
Rovastar & Krash - Interstellar Ripple,presets-extra,69
Rovastar & Krash - Interstellar Ripple (Sodium Instensity Mix),presets-extra,69
Rovastar & Krash - Interstellar Ripple (Sodium Intensity Mix),presets-extra,69
Rovastar & Krash - Interwoven (Contra Mix),presets-extra,69
Rovastar & Krash - Mindfield,presets-extra,69
Rovastar & Krash - Mixed Disks,presets-extra,69
Rovastar & Krash - Primitive Fireworks (Strobe Mix),presets-extra,69
Rovastar & Krash - Rainbow Deflection,presets-extra,69
Rovastar & Krash - Rainpainting (Europa Dreams Mix),presets-extra,69
Rovastar & Krash - Rainpainting (Rocks Of Europa Mix),presets-extra,69
Rovastar & Krash - Rainpainting (Ultima Mix),presets-extra,69
Rovastar & Krash - Seas Of Tron,presets-extra,69
Rovastar & Krash - Sweetness & Light,presets-extra,69
Rovastar & Krash - Telomeres Confusion,presets-extra,69
Rovastar & Krash - Travelocity,presets-extra,69
Rovastar & Loadus + Zylot - FractalDrop (Spark Machine v2.0),butterchurnPresetsMD1,
Rovastar & Loadus + Zylot - FractalDrop (Spark Machine),presets-extra,69
Rovastar & Loadus - FractalDrop (Active Sparks Mix),presets-extra,69
Rovastar & Loadus - FractalDrop (Fractopia Mix),presets-extra,69
Rovastar & Malte - Circle Of Deeper Meaning,presets-extra,69
Rovastar & Malte - Circle Of Drug Warp,presets-extra,69
Rovastar & Ondras - Matrix Blockout (Abstract Mix),presets-extra,69
Rovastar & Rocke - Answer.42 (Trippy S. Mix),presets-extra,69
Rovastar & Rocke - Answer.42 (Trippy Sperm Mix),presets-extra,69
Rovastar & Rocke - Headspin,presets-extra,69
Rovastar & Rocke - Sugar Spun Sister,presets-extra,69
Rovastar & Rocke - Sugar Spun Sister (Hyperdrive Mix),presets-extra,69
Rovastar & StudioMusic - Intelligent Trance Passageway,presets-extra,69
Rovastar & StudioMusic - More Cherished Desires,presets-extra,69
Rovastar & StudioMusic - Spider In the Mind,presets-extra,69
Rovastar & StudioMusic - Spider's Dance,presets-extra,69
Rovastar & StudioMusic - Take Your Pick (Boxfresh Mix),presets-extra,69
Rovastar & StudioMusic - Twisted Spider Web,presets-extra,69
Rovastar & TEcHNO - Psychadelic Transport,presets-extra,69
Rovastar & TEcHNO - Psychadelic Tunnel,presets-extra,69
Rovastar & Telek - Altars of Madness (Rolling Oceans Mix),presets-extra,69
Rovastar & Telek - Cosmic Fireworks,presets-extra,69
Rovastar & TobiasWlofBoi - Underwater Sky High,presets-extra,69
Rovastar & Unchained -  Oddball World,presets-extra,69
Rovastar & Unchained -  Oddball World (Static Time Mix),presets-extra,69
Rovastar & Unchained - Ambrosia Mystic (Dark Heart Mix),presets-extra,69
Rovastar & Unchained - Ambrosia Understanding,presets-extra,69
Rovastar & Unchained - Centre Of Gravity,presets-extra,69
Rovastar & Unchained - Centre Of Gravity (Testimony Mix),presets-extra,69
Rovastar & Unchained - Chess Brain Trip,presets-extra,69
Rovastar & Unchained - Demonology (Vampire Soul Mix),presets-extra,69
Rovastar & Unchained - Digital Energy,presets-extra,69
Rovastar & Unchained - Further Tastes Of Ambrosia,presets-extra,69
Rovastar & Unchained - Further Tastes Of Ambrosia (Honey Flower Mix),presets-extra,69
Rovastar & Unchained - Just Ain't Right (Multiple Disorder Mix),presets-extra,69
Rovastar & Unchained - Just Aint Right (Multiple Disorder Mix),presets-extra,69
Rovastar & Unchained - Life After Pie,presets-extra,69
Rovastar & Unchained - Life After Pie (Remix),presets-extra,69
Rovastar & Unchained - Morat's Final Voyage (One Last Journey Mix),presets-extra,69
Rovastar & Unchained - Oddball World,presets-extra,69
Rovastar & Unchained - Oddball World (Static Time Mix),presets-extra,69
Rovastar & Unchained - Orb Of Mixed Meaning,presets-extra,69
Rovastar & Unchained - Orb Of Voodoo,presets-extra,69
Rovastar & Unchained - Red Planet Exploration,presets-extra,69
Rovastar & Unchained - The Echo Echo Tube,presets-extra,69
Rovastar & Unchained - Unclaimed Wreckage 2 (Mystic Stake Mix),presets-extra,69
Rovastar & Unchained - Unified Drag 2 (Ghostly Vision Mix),presets-extra,69
Rovastar & Unchained - Voodoo Chess Magnet (Everglow Mix),presets-extra,69
Rovastar & Unchained - Xen Traffic,presets-extra,69
Rovastar & Zylot - Azirphaeli's Plan (Dynamic Swirl Mix),presets-extra,69
Rovastar & Zylot - Azirphaeli's Plan (Multiplan Mix),presets-extra,69
Rovastar & Zylot - Crystal Ball (Cerimonial Decor),presets-extra,69
Rovastar & Zylot - Crystal Ball (Many Visions Mix),presets-extra,69
Rovastar & Zylot - Crystal Ball (Too Many Visions Mix),presets-extra,69
Rovastar & Zylot - Crystal Ocean,presets-extra,69
Rovastar & Zylot - Distorted Distortion,presets-extra,69
Rovastar & Zylot - Harlequin's Portal,presets-extra,69
Rovastar & Zylot - Harlequin's Vision,presets-extra,69
Rovastar & Zylot - IMOC Invasion,presets-extra,69
Rovastar & Zylot - IMOC Invasion (Paranioa Mix),presets-extra,69
Rovastar & Zylot - Inside The Transdimensional Portal,presets-extra,69
Rovastar & Zylot - Inside The Transdimensional Portal (Multi Portal Mix),presets-extra,69
Rovastar & Zylot - Iouo Stone Fusion,presets-extra,69
Rovastar & Zylot - Iouo Stone Morphic Fusion,presets-extra,69
Rovastar & Zylot - Mind Of Dr. Hoffman,presets-extra,69
Rovastar & Zylot - Mirror Ball Visions,presets-extra,69
Rovastar & Zylot - Narell's Fever,presets-extra,69
Rovastar & Zylot - Narell's Fever (Naked Mix),presets-extra,69
Rovastar & Zylot - Passion Flower,presets-extra,69
Rovastar & Zylot - Reactor Mirage,presets-extra,69
Rovastar & Zylot - Reactor Turmoil,presets-extra,69
Rovastar & Zylot - Sea Of Zigrot,presets-extra,69
Rovastar & Zylot - Sugar Rush,presets-extra,69
Rovastar & Zylot - Urza's Revenge,presets-extra,69
Rovastar & Zylot - Urza's Revenge (Dark Beat Time Mix),presets-extra,69
Rovastar & Zylot - Voyage Of Illusions,presets-extra,69
Rovastar & Zylot - Voyage Of Illusions 2,presets-extra,69
Rovastar & Zylot - Warped Illusions,presets-extra,69
Rovastar & Zylot - Warped Illusions 2,presets-extra,69
Rovastar & Zylot - Warped Illusions 3,presets-extra,69
Rovastar & Zylot - Weird Dimension (Interface Mix),presets-extra,69
Rovastar + Che - Asylum Animations,butterchurnPresetsExtra,
Rovastar + Flexi - Hurricane Nightmare (Moebius Mix),butterchurnPresetsExtra,
Rovastar + Fvese - Mosaic Waves,butterchurnPresetsExtra2,
Rovastar + Fvese - Paranormal Static,presets-extra,69
Rovastar + Geiss - Bipolar 2 (Vectrip Mix),presets-extra,69
Rovastar + Geiss - Dynamic Swirls 3 (Voyage Of Twisted Souls Mix),presets-extra,69
Rovastar + Geiss - Hurricane Nightmare,butterchurnPresetsExtra,
Rovastar + Geiss - Hurricane Nightmare (Gold Chrome Mix),butterchurnPresetsExtra2,
Rovastar + Geiss - Hurricane Nightmare (Relief Mix),butterchurnPresetsExtra,
Rovastar + Geiss - Hyperkaleidoscope Glow 2 motion blur (Jelly),butterchurnPresetsExtra,
Rovastar + Geiss - Hyperspace - kaleidoscope,butterchurnPresetsExtra2,
Rovastar + Geiss - Snapshot Of Space (LSB mix),butterchurnPresetsExtra,
Rovastar + Geiss - Twisted Bytes (Curve Mix),presets-extra,69
Rovastar + Idiot24-7 - Balk Acid,presets-extra,69
Rovastar + Illusion - Shifting Sphere (Shifting Colour Mix),presets-extra,69
Rovastar + Krash - Rainbow Deflection,presets-extra,69
Rovastar + Loadus + Geiss - FractalDrop (Triple Mix),butterchurnPresets,
Rovastar + Loadus + Geiss - Tone-mapped FractalDrop 7c,butterchurnPresetsExtra,
Rovastar + Redi Jedi - The Shroomery (still tripping mix),presets-extra,69
"Rovastar + Redi Jedi - The Shroomery (you know your gel tabs are good, when you can see shrooms floating around in them)",presets-extra,69
Rovastar + Redi Jedi - The Shroomery(drugs are bad mix),presets-extra,69
Rovastar + Redi Jedi - The Shroomery(i love mushrooms mix),presets-extra,69
Rovastar + Redi Jedi - The Shroomery(i love mushrooms two much mix),presets-extra,69
Rovastar + Redi Jedi - The Shroomery(i love pshycoactives mix),presets-extra,69
"Rovastar + Redi Jedi - The Shroomery(what am i suspost to do with two chins, one thumb, and a reverse mohawk on my butt)",presets-extra,69
Rovastar + Redi Jedi - The Shroomery(what is this strange white powder mix),presets-extra,69
Rovastar + Rocke - Sugar Spun Sister,presets-extra,69
Rovastar + Telek - Altars of Madness (Rolling Oceans Mix),butterchurnPresetsExtra,
Rovastar + Unchained - Ambrosia Mystic (Dark Heart Mix),presets-extra,69
Rovastar + Unchained - Life After Pie (Remix),presets-extra,69
Rovastar + Unchained - Oddball World,presets-extra,69
Rovastar + Unchained - Voodoo Chess Magnet (Everglow Mix),presets-extra,69
Rovastar + Unchained - Xen Traffic,presets-extra,69
Rovastar + Zylot - Azirphaeli's Plan (Multiplan Mix),presets-extra,69
Rovastar + Zylot - Narell's Fever,presets-extra,69
Rovastar + Zylot - Urza's Revenge,presets-extra,69
Rovastar - 3am Somewhere,presets-extra,70
Rovastar - A Million Miles From Earth (Circle Version),presets-extra,70
Rovastar - A Million Miles From Earth (Drift Mix),presets-extra,70
Rovastar - A Million Miles From Earth (Fog Of Time Mix),presets-extra,70
Rovastar - A Million Miles From Earth (Swirl Remix),presets-extra,70
Rovastar - A Million Miles From Earth (Wormhole Mix 2),presets-extra,70
Rovastar - A Million Miles From Earth (Wormhole Mix),butterchurnPresetsExtra,
Rovastar - A Million Miles from Earth,presets-extra,70
Rovastar - A Million Miles from Earth (Pathfinder Mix),presets-extra,70
Rovastar - A Million Miles from Earth (Scanning Mix),presets-extra,70
Rovastar - Accident In Paradise,presets-extra,70
Rovastar - Ace of Spades,presets-extra,70
Rovastar - Acid Chamber,presets-extra,70
Rovastar - Acid Chamber (More Acid Remix),presets-extra,70
Rovastar - Afterlife,presets-extra,70
Rovastar - Airlock,presets-extra,70
Rovastar - Alien Flowering,presets-extra,70
Rovastar - Alien Heart,presets-extra,70
Rovastar - Alien Sunflower,presets-extra,70
Rovastar - Alien Waters,presets-extra,70
Rovastar - Alpha Conflict,presets-extra,70
Rovastar - Altars Of Harlequin's Maddess,presets-extra,70
Rovastar - Altars Of Harlequin's Madness,presets-extra,70
Rovastar - Altars Of Harlequin's Madness (Dark Disorder Mix),presets-extra,70
Rovastar - Altars Of Harlequin's Madness (Dark Disorder Mix) BDRV et  AL  rmx,presets-extra,70
Rovastar - Altars Of Harlequin's Madness (Dark Disorder Mix) BDRV et  AL  rmx1,presets-extra,70
Rovastar - Altars Of Harlequin's Madness (Dark Disorder Mix) BDRV et  AL  rmx2,presets-extra,70
Rovastar - Altars Of Harlequin's Madness (Dark Disorder Mix) BDRV et  AL  rmx5,presets-extra,70
Rovastar - Altars Of Harlequin's Madness (Dark Disorder Mix)_Phat_Shape_Edit,presets-extra,70
Rovastar - Altars Of Harlequin's Madness (Dark Disorder Mix)_Phat_Shape_Edit BDRV et  AL  rmx,presets-extra,70
Rovastar - Altars Of Madness,presets-extra,70
Rovastar - Altars Of Madness (A Million Miles From Earth Mix),presets-extra,70
Rovastar - Altars Of Madness (Boxfresh Mix),presets-extra,70
Rovastar - Altars Of Madness (Boxfresh Spiral Mix),presets-extra,70
Rovastar - Altars Of Madness (Cerebral Demons Mix),presets-extra,70
Rovastar - Altars Of Madness (Double Exposure Mix),presets-extra,70
Rovastar - Altars Of Madness (Duel Mix),presets-extra,70
Rovastar - Altars Of Madness (Forgotten Realm Mix),presets-extra,70
Rovastar - Altars Of Madness (Hyperswirl Mix),presets-extra,70
Rovastar - Altars Of Madness (Jesters Vessel Mix),presets-extra,70
Rovastar - Altars Of Madness (Shrine Mix),presets-extra,70
Rovastar - Altars Of Madness (Speed Fix Mix),presets-extra,70
Rovastar - Altars Of Madness (Surealist Mix),presets-extra,70
Rovastar - Altars Of Madness 2,presets-extra,70
Rovastar - Altars Of Madness 2 (Dark Decay Mix),presets-extra,70
Rovastar - Altars Of Madness 2 (Frozen Time Mix),presets-extra,70
Rovastar - Altars Of Madness 2 (Frozen Time Mix) BDRV et  AL  rmx,presets-extra,70
Rovastar - Altars Of Madness 2 (Frozen Time Mix) BDRV et  AL  rmx1,presets-extra,70
Rovastar - Altars Of Madness 2 (Love Without Hope Mix),presets-extra,70
Rovastar - Altars Of Madness 2 (Spirit Of Madness Mix),presets-extra,70
Rovastar - Altars Of Madness 3,presets-extra,70
Rovastar - Altars Of Madness 3 (Chunky Monkey Mix),presets-extra,70
Rovastar - Altars Of Madness 4,presets-extra,70
Rovastar - Altars Of Madness 4 (Limited Exposure Mix),presets-extra,70
Rovastar - Altars Of Madness 4 (Spirit Of Twisted Madness Mix),presets-extra,70
Rovastar - Altars Of Madness 4 (Spirit Of Twisted Madness Mix)zzz,presets-extra,70
Rovastar - Ambient Wallpaper (Bass Warp Mix),presets-extra,70
Rovastar - Ambient Wallpaper 1,presets-extra,70
Rovastar - Ambient Wallpaper 2,presets-extra,70
Rovastar - Aquarius,presets-extra,70
Rovastar - Aquarius Boxfresh 1,presets-extra,70
Rovastar - Aquarius Boxfresh 2,presets-extra,70
Rovastar - Aquarius Visions,presets-extra,70
Rovastar - Aquarius Visions (Fine Mix),presets-extra,70
Rovastar - Aquarius vs Boxfresh,presets-extra,70
Rovastar - Aquarius vs Boxfresh II,presets-extra,70
Rovastar - Astral Projection,presets-extra,70
Rovastar - Attacking Freedom,presets-extra,70
Rovastar - Attacking The Immune System,presets-extra,70
Rovastar - Basic Electronica,presets-extra,70
Rovastar - Bass Cadet,presets-extra,70
Rovastar - Bellanova,presets-extra,70
Rovastar - Bellanova (New Wave Mix),presets-extra,70
Rovastar - Bellanova (Sunburst Spiral Mix),presets-extra,70
Rovastar - Biohazard Warning,presets-extra,70
Rovastar - Blue Shining,presets-extra,70
Rovastar - Bmelgren - Fvese - Bleading Rainbow,presets-extra,70
Rovastar - Braindance,presets-extra,70
Rovastar - Braindance (Hyperspace Mix),presets-extra,70
Rovastar - Braindance (Scanner Mix),presets-extra,70
Rovastar - Braindance 1,presets-extra,70
Rovastar - Broken Phoenix,presets-extra,70
Rovastar - Broken Phoenix (Fixed Mix),presets-extra,70
Rovastar - Broken Phoenix (Remix),presets-extra,70
Rovastar - Bytes,presets-extra,70
Rovastar - Celestial Puddle,presets-extra,70
Rovastar - Celestial Puddle (Living Jelly Mix),presets-extra,70
Rovastar - Celestial Sphere,presets-extra,70
Rovastar - Celestial Sphere (Delirium Mix),presets-extra,70
Rovastar - Celestial Sphere (bmel Dippity Doo),presets-extra,70
Rovastar - Cerebral Parasites,presets-extra,70
Rovastar - Cerebral Parasites (Attack Mix),presets-extra,70
Rovastar - Cerebral Parasites (Craft Slaying Mix),presets-extra,70
Rovastar - Chaotic Circus,presets-extra,70
Rovastar - Chapel Of Ghouls,presets-extra,70
Rovastar - Chapel Of Ghouls (Havok Plasma Mix),presets-extra,70
Rovastar - Chasing Dragons,presets-extra,70
Rovastar - Chemical Spirituality,presets-extra,70
Rovastar - Chemical Spirituality (Hofmann Fire Sect Mix),presets-extra,70
Rovastar - Chi-ad,presets-extra,70
Rovastar - Chrome Waves,presets-extra,70
Rovastar - Chrome Waves 2,presets-extra,70
Rovastar - Circus To The Stars,presets-extra,70
Rovastar - Closer Encounters,presets-extra,70
Rovastar - Closer Encounters (Active Mix),presets-extra,70
Rovastar - Clouded Judgement,presets-extra,70
Rovastar - Clouded Judgement 1,presets-extra,70
Rovastar - Clouded Judgement 2,presets-extra,70
Rovastar - Clouded Judgement 3,presets-extra,70
Rovastar - Colliding Visions,presets-extra,70
Rovastar - Colour Wash,presets-extra,70
Rovastar - Cosmic Confusion,presets-extra,70
Rovastar - Cosmic Echoes (Beam me up! Mix),presets-extra,70
Rovastar - Cosmic Echoes (Halflife Beat Time Mix),presets-extra,70
Rovastar - Cosmic Echoes 1,presets-extra,70
Rovastar - Cosmic Echoes 1 (Echoing Zoom Mix),presets-extra,70
Rovastar - Cosmic Echoes 1 (Manta Echoeing Zoom Mix),presets-extra,70
Rovastar - Cosmic Echoes 1 (Manta Echoeing Zoom),presets-extra,70
Rovastar - Cosmic Echoes 2,presets-extra,70
Rovastar - Cosmic Echoes II,presets-extra,70
Rovastar - Cosmic Eclipse,presets-extra,70
Rovastar - Cosmic Eclipse Storm,presets-extra,70
Rovastar - Cosmic Havoc,presets-extra,70
Rovastar - Cosmic Mosaic (Active Mix),presets-extra,70
Rovastar - Cosmic Tornado,presets-extra,70
Rovastar - Crazy Orbit,presets-extra,70
Rovastar - Creation Void,presets-extra,71
Rovastar - Creation Void (Genesis Mix),presets-extra,71
Rovastar - Dark Matrix,presets-extra,71
Rovastar - Dark Ritual,presets-extra,71
Rovastar - Dark Ritual (NEOhm's 'Bat'-BlackBack-SuperMegaUltraForceSpaceDuel-mix),presets-extra,71
Rovastar - Dark Ritual (Spider's Lair Mix),presets-extra,71
Rovastar - Dark Ritual (Star Of Destiny Denied Mix),presets-extra,71
Rovastar - Dark Ritual (Star Of Destiny Mix),presets-extra,71
Rovastar - Dark Ritual (Star Of Destiny Revised Mix),presets-extra,71
Rovastar - Dark Soul Falls,presets-extra,71
Rovastar - De-Orbit (Internal Mix),presets-extra,71
Rovastar - Decreasing Dreams (Extended Movement Mix),presets-extra,71
Rovastar - Decreasing Dreams (Increasing Memory Mix) ,presets-extra,71
Rovastar - Decreasing Dreams (Orginal) ,presets-extra,71
Rovastar - Deeper Inside,presets-extra,71
Rovastar - Demon Sunflower,presets-extra,71
Rovastar - Demon Sunflower (Brainstrom Mix),presets-extra,71
Rovastar - Demon Sunflower (Double Demon Mix),presets-extra,71
Rovastar - Demon Sunflower (Double Resistance Mix),presets-extra,71
Rovastar - Demon Sunflower (Drifting Plane Mix),presets-extra,71
Rovastar - Destiny Star,presets-extra,71
Rovastar - Destiny Star (Starbrust Mix),presets-extra,71
Rovastar - Diamond Desires,presets-extra,71
Rovastar - Dreamcatcher,presets-extra,71
Rovastar - Dreamtime,presets-extra,71
Rovastar - Dropsphere,presets-extra,71
Rovastar - Early Unreleased Hubble Video,presets-extra,71
Rovastar - Eclectic Interface,presets-extra,71
Rovastar - Eclectic Interface (Mist Mix),presets-extra,71
Rovastar - Electromagnetic Discharge,presets-extra,71
Rovastar - Electromagnetic Discharge (idiots new energy),presets-extra,71
Rovastar - Enchanting Signs,presets-extra,71
Rovastar - Encounters Of The 7th Kind (Part I),presets-extra,71
Rovastar - Encounters Of The 7th Kind (Part II),presets-extra,71
Rovastar - Encounters Of The 7th Kind (Part III),presets-extra,71
Rovastar - Everglow Flower Light (More Mystery Mix),presets-extra,71
Rovastar - Explosive Minds,butterchurnPresetsExtra,
Rovastar - Eye Of Chaos,presets-extra,71
Rovastar - Eye On Reality,presets-extra,71
Rovastar - Eye On Reality (Fever Mix),presets-extra,71
Rovastar - Eye On Reality (Mega 3 Mix),presets-extra,71
Rovastar - Eye On Reality (Mega 3 Mix)_phat_edit,presets-extra,71
Rovastar - For Krash,presets-extra,71
Rovastar - Forgotten Moon,presets-extra,71
Rovastar - Forgotten Moon (Dark Spiral Remix),presets-extra,71
Rovastar - Forming Worlds,presets-extra,71
Rovastar - Fractopia (Dancing Lights Mix),presets-extra,71
Rovastar - Fractopia (Fantic Dancing Lights Mix),presets-extra,71
Rovastar - Fractopia (Fantic Dancing Lights Mix) BDRV et  AL  rmx,presets-extra,71
Rovastar - Fractopia (Focused Childhood Mix ),presets-extra,71
Rovastar - Fractopia (Fractal Havok Mix),presets-extra,71
Rovastar - Fractopia (Fractal Torment Mix),presets-extra,71
Rovastar - Fractopia (Further Realization Mix),presets-extra,71
Rovastar - Fractopia (Galaxy Swirl Mix 2),presets-extra,71
Rovastar - Fractopia (Galaxy Swirl Mix),presets-extra,71
Rovastar - Fractopia (Hyperswirl Remix),presets-extra,71
Rovastar - Fractopia (Unhappy Childhood Mix),presets-extra,71
Rovastar - Fractopia (Universe Forming Mix),presets-extra,71
Rovastar - Fractopia (Upspoken Mix),presets-extra,71
Rovastar - Fractopia (Upspoken Mix)_Phat_Speak_When_Spoken,presets-extra,71
Rovastar - Fractopia (Upspoken Mix)_Phat_Speak_When_Spoken_2,presets-extra,71
Rovastar - Fractopia (Upspoken Mix)_Phat_Speak_When_Spoken_2_1,presets-extra,71
Rovastar - Fractopia (Upspoken Mix)_Phat_Speak_When_Spoken_3,presets-extra,71
Rovastar - Fractopia (Upspoken Mix)_Phat_Speak_When_Spoken_4,presets-extra,71
Rovastar - Fractopia (Upspoken Mix)_Phat_Speak_When_Spoken_6_made_for_NVIDIA,presets-extra,71
Rovastar - Fractopia (Upspoken Mix)zzz 6,presets-extra,71
Rovastar - Fractopia (Wallpaper Mix),presets-extra,71
Rovastar - Frozen Rapture ,presets-extra,71
Rovastar - Frozen Rapture (Multi Orientation Mix),presets-extra,71
Rovastar - Future Energy,presets-extra,71
Rovastar - Future Ocean Sunset ,presets-extra,71
Rovastar - Future Speakers,presets-extra,71
Rovastar - Fvese - 16bit Ritual Of Life,presets-extra,71
Rovastar - Fvese - Natural Frequency-border,presets-extra,71
Rovastar - Fvese - Travelling Without Moving,presets-extra,71
Rovastar - Fvese - x square,presets-extra,71
Rovastar - Fvese Harlequin's 16bit wallpaper,presets-extra,71
Rovastar - Genetic Disaster,presets-extra,71
Rovastar - Ghostly Figure,presets-extra,71
Rovastar - Goa,presets-extra,71
Rovastar - Halcyon Dreams 1,presets-extra,71
Rovastar - Halcyon Dreams 2,presets-extra,71
Rovastar - Halcyon Dreams 3,presets-extra,71
Rovastar - Hallucinogenic Pyramids,presets-extra,71
Rovastar - Hallucinogenic Pyramids (Beat Time Mix),presets-extra,71
Rovastar - Hallucinogenic Pyramids (NEOhm's Bad Video Sync watching Oil Field Fires_mix),presets-extra,71
Rovastar - Harlequin's & Jester's Dual Delight,presets-extra,71
Rovastar - Harlequin's & Jester's Dual Delight (Chaotic Nightmare Mix),presets-extra,71
Rovastar - Harlequin's & Jester's Dual Delight (Rainbow Dream Mix),presets-extra,71
Rovastar - Harlequin's Delight,presets-extra,71
Rovastar - Harlequin's Delight (Endless Tunnel Mix),presets-extra,71
Rovastar - Harlequin's Delight (Incedision Corner Mix),presets-extra,71
Rovastar - Harlequin's Delight (Indecision Corner Mix),presets-extra,71
Rovastar - Harlequin's Dynamic Fractal,presets-extra,71
Rovastar - Harlequin's Dynamic Fractal (Crazed Spiral Mix),presets-extra,71
Rovastar - Harlequin's Dynamic Fractal (Dual Spiral Mix ),presets-extra,71
Rovastar - Harlequin's Dynamic Fractal (Dual Spiral Mix),presets-extra,71
Rovastar - Harlequin's Dynamic Fractal 1,presets-extra,71
Rovastar - Harlequin's Dynamic Fractal 2,presets-extra,71
Rovastar - Harlequin's Dynamic Fractal 3,presets-extra,71
Rovastar - Harlequin's Fluid Wallpaper,presets-extra,71
Rovastar - Harlequin's Fluid Wallpaper 1,presets-extra,71
Rovastar - Harlequin's Fluid Wallpaper 2,presets-extra,71
Rovastar - Harlequin's Fluid Wallpaper 3,presets-extra,71
Rovastar - Harlequin's Fractal Encounter,presets-extra,71
Rovastar - Harlequin's Fractal Encounter 2,presets-extra,71
Rovastar - Harlequin's Liquid Dragon,presets-extra,71
Rovastar - Harlequin's Living Wall,presets-extra,71
Rovastar - Harlequin's Meditation,presets-extra,71
Rovastar - Harlequin's Spirit,presets-extra,71
Rovastar - Harlequin's Spirit (Twisted Mix),presets-extra,71
Rovastar - Harlequin's Spirit Cave,presets-extra,71
Rovastar - Harlequin′s Fractal Encounter - cancer of saints,butterchurnPresetsExtra2,
Rovastar - Harmony,presets-extra,71
Rovastar - Harmony (Twisted Mix),presets-extra,71
Rovastar - Hell Flow of the Damned,presets-extra,71
Rovastar - History Spin,presets-extra,71
Rovastar - History Spin (Vortex Mix),presets-extra,71
Rovastar - Homecoming,presets-extra,71
Rovastar - Hopes and Desires,presets-extra,71
Rovastar - Hyperdyne Nuphonic Sphere,presets-extra,71
Rovastar - Hyperspace,presets-extra,71
Rovastar - Hyperspace (Frozen Rapture Mix),presets-extra,71
Rovastar - Hyperspace (Hyper Speed Mix),presets-extra,71
Rovastar - Hyperspace (Starfield Mix),presets-extra,71
Rovastar - Immune System Under Attack (Beat Pulse Mix),presets-extra,71
Rovastar - Infinity Wheel,presets-extra,71
Rovastar - Inner Thoughts (Bright Dawn Mix),presets-extra,71
Rovastar - Inner Thoughts (Clouded Judgement Mix),presets-extra,71
Rovastar - Inner Thoughts (Dark Secret Mix),presets-extra,72
Rovastar - Inner Thoughts (Distant Memories Mix),presets-extra,72
Rovastar - Inner Thoughts (Frantic Thoughts Mix),presets-extra,72
Rovastar - Inner Thoughts (Strange Cargo Mix),presets-extra,72
Rovastar - Inner Thoughts (Twisted Dreams Mix),presets-extra,72
Rovastar - Intelligent Basic Electronica,presets-extra,72
Rovastar - Intense Desire,presets-extra,72
Rovastar - Interplanetary Travel,presets-extra,72
Rovastar - Java,presets-extra,72
Rovastar - Java (bmel tweak Digital Altar),presets-extra,72
Rovastar - Jester's Awakening,presets-extra,72
Rovastar - Jester's Awakenings(redi),presets-extra,72
Rovastar - Jester's Calling 1,presets-extra,72
Rovastar - Jester's Calling 2,presets-extra,72
Rovastar - Jester's Calling 3,presets-extra,72
Rovastar - Jester's Peacock Swirl,presets-extra,72
Rovastar - Jester's Surreal Tornado,presets-extra,72
Rovastar - Jester's Surreal Tornado (Abstract Art Mix),presets-extra,72
Rovastar - Jester's Surreal Tornado (Further Vortex Mix),presets-extra,72
Rovastar - Jester's Surreal Tornado (Inside The Storm Mix),presets-extra,72
Rovastar - Jester's Surreal Tornado (Multi Resistant Mix),presets-extra,72
Rovastar - Jester's Surreal Tornado (Sleepwalking Mix),presets-extra,72
Rovastar - Jester's Surreal Tornado (Sumpkin Wave Tweak),presets-extra,72
Rovastar - Jester's Surreal Tornado (Twisted Mass Mix),presets-extra,72
Rovastar - Jester's Swirl,presets-extra,72
Rovastar - Jester's Time Tunnel,presets-extra,72
Rovastar - Jester's Time Tunnel 2,presets-extra,72
Rovastar - Judgement Day,presets-extra,72
Rovastar - Judgement Day (Bass Warp Mix),presets-extra,72
Rovastar - Kaleidovisions,presets-extra,72
Rovastar - Kalideostars,presets-extra,72
Rovastar - Kalideostars (Altars Of Madness MIx),presets-extra,72
Rovastar - Kalideostars (Round  Round Mix),presets-extra,72
Rovastar - Kronos,presets-extra,72
Rovastar - Kronos' Twisted Spawn,presets-extra,72
Rovastar - LabFunk,presets-extra,72
Rovastar - Lines of Indecision,presets-extra,72
Rovastar - Liquid Flow,presets-extra,72
Rovastar - Lost Souls  of the Bermuda Triangle ,presets-extra,72
Rovastar - Lost Souls of the Bermuda Triangle,presets-extra,72
Rovastar - Lost Souls of the Bermuda Triangle (Dark Swirl Remix),presets-extra,72
Rovastar - Lost Souls of the Bermuda Triangle (Darkest Souls Mix),presets-extra,72
Rovastar - Lost Souls of the Bermuda Triangle (Darkest Souls Mix) BDRV et  AL  rmxmix,presets-extra,72
Rovastar - Lost Souls of the Bermuda Triangle (Saviour Path Mix),presets-extra,72
Rovastar - Magic Carpet,presets-extra,72
Rovastar - Maze Of Torment,presets-extra,72
Rovastar - Maze Of Torment (No Escape Mix),presets-extra,72
Rovastar - Mixed Moods Of The Mind,presets-extra,72
Rovastar - Moebuis,presets-extra,72
Rovastar - Mosaics Of Ages,presets-extra,72
Rovastar - Mountains Of Neon,presets-extra,72
Rovastar - Multiverse Starfield,presets-extra,72
Rovastar - Multiverse Starfield 1,presets-extra,72
Rovastar - Multiverse Starfield 2,presets-extra,72
Rovastar - Multiverse Starfield 3,presets-extra,72
Rovastar - Mum,presets-extra,72
Rovastar - Music Is Maths,presets-extra,72
Rovastar - Natural Frequency,presets-extra,72
Rovastar - Negative Harmony,presets-extra,72
Rovastar - Northern Lights,presets-extra,72
Rovastar - Northern Lights Bud,presets-extra,72
Rovastar - Northern Lights Throbbing Bud,presets-extra,72
Rovastar - Notions Of Tonality 2,presets-extra,72
Rovastar - Nuphonic Sphere,presets-extra,72
Rovastar - Occident,presets-extra,72
Rovastar - Omnipresence Resurrection,presets-extra,72
Rovastar - Omnipresence Resurrection (Active Mix),presets-extra,72
Rovastar - Omnipresence Resurrection (Raw Mix),presets-extra,72
Rovastar - Omnipresence Resurrection (Raw Mix)_Phat_Plazma_Soul_2,presets-extra,72
Rovastar - Omnipresence Resurrection (Raw Mix)_Phat_Plazma_Soul_2_1,presets-extra,72
Rovastar - Omnipresence Resurrection (Raw Mix)_Phat_Plazma_Soul_3,presets-extra,72
Rovastar - Omnipresence Resurrection (Raw Mix)_Phat_Plazma_Soul_3_1,presets-extra,72
Rovastar - Omnipresence Resurrection (Raw Mix)_Phat_Plazma_Soul_4,presets-extra,72
Rovastar - Omnipresence Resurrection (Raw Mix)_Phat_Plazma_Soul_4_1,presets-extra,72
Rovastar - Omnipresence Resurrection (Raw Mix)_Phat_edit,presets-extra,72
Rovastar - Omnipresence Resurrection (Raw Mix)_Phat_test,presets-extra,72
Rovastar - Omnipresence Resurrection (Raw Mix)_Phat_test_b,presets-extra,72
Rovastar - Omnipresence Resurrection - Eo.S.+Phat Angle_Orb_remix,presets-extra,72
Rovastar - Omnipresence Resurrection - Eo.S.+Phat Speak with the orb remix,presets-extra,72
Rovastar - Omnipresence Resurrection - Eo.S.+Phat Speak with the orb remix(mantis),presets-extra,72
Rovastar - Omnipresence Resurrection - Eo.S.+Phat detached centerpoint mix,presets-extra,72
Rovastar - Omnipresence Resurrection - Eo.S.+Phat detached centerpoint mix_v2,presets-extra,72
Rovastar - Omnipresence Resurrection - Eo.S.+Phat detached starpoint mix,presets-extra,72
Rovastar - Omnipresence Resurrection - Eo.S.+Phat detached starpoint mix_Boxs_mix,presets-extra,72
Rovastar - Omnipresence Resurrection - Eo.S.+Phat detached starpoint mix_Circle_mix,presets-extra,72
Rovastar - Omnipresence Resurrection - Eo.S.+Phat detached starpoint mix_frame rate mix,presets-extra,72
Rovastar - Omnipresence Resurrection - Eo.S.+Phat detached starpoint rotation mix,presets-extra,72
Rovastar - Omnipresence Resurrection - Eo.S.+Phat detached starpoint rotation mix2,presets-extra,72
Rovastar - Omnipresence Resurrection - Eo.S.+Phat detached starpoint seizure mix,presets-extra,72
Rovastar - Oozing Resistance,butterchurnPresets,
Rovastar - Pandora's Volcano,presets-extra,72
Rovastar - Paradigm Sphere,presets-extra,72
Rovastar - Paradigm Sphere zzz1,presets-extra,72
Rovastar - Parallel Universe,presets-extra,72
Rovastar - Parallel Universe (Future Mix),presets-extra,72
Rovastar - Parallelogram Bin,presets-extra,72
Rovastar - Parallelogram Bin 2,presets-extra,72
Rovastar - Parallelogram Bin 2 (Naked Mix),presets-extra,72
Rovastar - Paranormal Analyser,presets-extra,72
Rovastar - Paranormal Diffusion Analyserr,presets-extra,72
Rovastar - Power Trip,presets-extra,72
Rovastar - Power Trip (Power Mix),presets-extra,72
Rovastar - Power Trip (Trip Mix),presets-extra,72
Rovastar - Psychaos,presets-extra,72
Rovastar - Psychaos (Antichaos Mix),presets-extra,72
Rovastar - Psycosyin,presets-extra,72
Rovastar - Quantum Pulse,presets-extra,72
Rovastar - Quantum Rainbow,presets-extra,72
Rovastar - Random Indecision Vector Template,presets-extra,72
Rovastar - Regressive Detox,presets-extra,72
Rovastar - Requiem,presets-extra,72
Rovastar - Ritual Of Life,presets-extra,72
Rovastar - River Of Illusion,presets-extra,72
Rovastar - Scanning For Life (Intellegence Pending),presets-extra,72
Rovastar - Scanning For Life (Intellegent Pending),presets-extra,72
Rovastar - Scanning For Life (Onboard),presets-extra,72
Rovastar - Sea Life,presets-extra,72
Rovastar - Sea Life (Evoluation Mix),presets-extra,72
Rovastar - Sea Life (Eye Evil Mix),presets-extra,72
Rovastar - Sea Shells,presets-extra,72
Rovastar - Season Stars,presets-extra,72
Rovastar - Season Stars (Vibrant Mix),presets-extra,72
Rovastar - Sensual Enjoyment,presets-extra,72
Rovastar - Shadows Portal,presets-extra,72
Rovastar - Shango 1,presets-extra,72
Rovastar - Shango 2,presets-extra,72
Rovastar - Simple Brain,presets-extra,72
Rovastar - Slap Fight (Unfinished) (Cruise Mix),presets-extra,72
Rovastar - Snapshot Of Space,presets-extra,73
Rovastar - Solarized Space,presets-extra,73
Rovastar - Solarized Space (Fractalized Remix),presets-extra,73
Rovastar - Solarized Space (Space DNA Mix),presets-extra,73
Rovastar - Son Of Xeper,presets-extra,73
Rovastar - Southern Lights,presets-extra,73
Rovastar - Southern Lights (Nocturnal Mix),presets-extra,73
Rovastar - Southern Lights 1,presets-extra,73
Rovastar - Southern Lights 2,presets-extra,73
Rovastar - Space,presets-extra,73
Rovastar - Space (Twisted Dimension Mix),presets-extra,73
Rovastar - Space Dwelling Lifeforms,presets-extra,73
Rovastar - Spacewater,presets-extra,73
Rovastar - Spirit Cave Lights,presets-extra,73
Rovastar - Spudink,presets-extra,73
Rovastar - Square Root Of All Evil,presets-extra,73
Rovastar - Starquake,presets-extra,73
Rovastar - Starquake (Sunquake Mix),presets-extra,73
Rovastar - Stepping Temple,presets-extra,73
Rovastar - Stepping Temple (bmel Spectral Sphincter),presets-extra,73
Rovastar - Stripe,presets-extra,73
Rovastar - Sunflower Passion,presets-extra,73
Rovastar - Sunflower Passion (Enlightment Mix),presets-extra,73
Rovastar - Sunflower Passion (Enlightment Mix)_Phat_edit,presets-extra,73
Rovastar - Sunflower Passion (Simple Mix),presets-extra,73
Rovastar - Sunflower Passion (Simple Mix)_Phat_being_mix,presets-extra,73
Rovastar - Sunflower Passion (Simple Mix)_Phat_being_mix_reactive_mix,presets-extra,73
Rovastar - Sunflower Passion (Simple Mix)_Phat_being_mix_reactive_mix_v2,presets-extra,73
Rovastar - Sunflower Passion (Simple Mix)_Phat_being_mix_reactive_mix_v3,presets-extra,73
Rovastar - Sunflower Passion (Simple Mix)_phat+Eo.S. werid_angle_mix,presets-extra,73
Rovastar - Sunflower Passion (Simple Mix)_phat+Eo.S. werid_angle_mix_ZOomed_MIx,presets-extra,73
Rovastar - Sunflower Passion (Simple Mix)_phat+Eo.S. werid_angle_mix_ZOomed_MIx_v2,presets-extra,73
Rovastar - Sunflower Passion (Simple Mix)_phat+Eo.S. werid_angle_mix_ZOomed_MIx_v3,presets-extra,73
Rovastar - Sunflower Passion (Simple Mix)_phat+Eo.S. werid_angle_mix_ZOomed_MIx_v4,presets-extra,73
Rovastar - Sunflower Passion (Simple Mix)_phat+Eo.S. werid_angle_mix_v2,presets-extra,73
Rovastar - Supernova,presets-extra,73
Rovastar - Temple Of Encounters,presets-extra,73
Rovastar - The Awakening,presets-extra,73
Rovastar - The Chaos Of Colours,presets-extra,73
Rovastar - The Chaos Of Colours (Drifting Mix),presets-extra,73
Rovastar - The Chaos Of Colours_phat_mix,presets-extra,73
Rovastar - The Shroomery,presets-extra,73
Rovastar - The shroomery (unfinished),presets-extra,73
Rovastar - Throbbing Northern Lights,presets-extra,73
Rovastar - Throbbing Northern Lights tweek ,presets-extra,73
Rovastar - Timeless Voyage,presets-extra,73
Rovastar - Timeless Voyage 2,presets-extra,73
Rovastar - Torrid Tales,butterchurnPresetsExtra2,
Rovastar - Touchdown on Mars (Detailed Pictures (Nightvision) Mix),presets-extra,73
Rovastar - Touchdown on Mars (Detailed Pictures (Nightvision)),presets-extra,73
Rovastar - Touchdown on Mars (Detailed Pictures ),presets-extra,73
Rovastar - Touchdown on Mars (Detailed Pictures Mix),presets-extra,73
Rovastar - Touchdown on Mars (First Pictures (Nightvision) Mix),presets-extra,73
Rovastar - Touchdown on Mars (First Pictures (Nightvision)),presets-extra,73
Rovastar - Touchdown on Mars (First Pictures Mix),presets-extra,73
Rovastar - Touchdown on Mars (First Pictures),presets-extra,73
Rovastar - Touchdown on Mars (Planetary Swirl Mix),presets-extra,73
Rovastar - Toxygenetic,presets-extra,73
Rovastar - Transcend,presets-extra,73
Rovastar - Trapped in Harliquin Endless Tunnel,presets-extra,73
Rovastar - Trapped in Harliquin's Endless Tunnel,presets-extra,73
Rovastar - Travelling Without Moving,presets-extra,73
Rovastar - Tripmaker,presets-extra,73
Rovastar - Tripmaker (Space Trip Mix),presets-extra,73
Rovastar - Trippy S.,presets-extra,73
Rovastar - Trippy Sperm (Jelly),butterchurnPresetsExtra,
Rovastar - Twilight Tunnel,presets-extra,73
Rovastar - Twilight Tunnel (More Warped Desire Mix),presets-extra,73
Rovastar - Twilight Tunnel (Warped Desire Mix),presets-extra,73
Rovastar - Twisted Tubes,presets-extra,73
Rovastar - Unchained & Fvese - Genesis (Remix),presets-extra,73
Rovastar - Unknown Bytes,presets-extra,73
Rovastar - Violent Relaxation,presets-extra,73
Rovastar - Violent Relaxation (Twisted Mix),presets-extra,73
Rovastar - Visions Beyond,presets-extra,73
Rovastar - Visions Of The Future,presets-extra,73
Rovastar - Vivid Understanding,presets-extra,73
Rovastar - VooV's Brainwaves,presets-extra,73
Rovastar - VooV's Brainwaves 2,presets-extra,73
Rovastar - VooV's Brainwaves 2 (Deep Plasma Mix),presets-extra,73
Rovastar - VooV's Brainwaves 2 (Mirror Mix),presets-extra,73
Rovastar - VooV's Brainwaves 2 (Plasma Mix),presets-extra,73
Rovastar - VooV's Light Pattern,presets-extra,73
Rovastar - VooV's Movement,presets-extra,73
Rovastar - VooV's Movement (After Dark Mix),presets-extra,73
Rovastar - VooV's Naked Movement,presets-extra,73
Rovastar - VooV's Naked Movement (Pincushion Mix),presets-extra,73
Rovastar - VooV's Organic Light,presets-extra,73
Rovastar - Vortex Chamber,presets-extra,73
Rovastar - Voyage,presets-extra,73
Rovastar - Voyage 1,presets-extra,73
Rovastar - Voyage 2,presets-extra,73
Rovastar - Voyage On A Helicopter,presets-extra,73
Rovastar - Voyage On A Helicopter (Voyage Mix),presets-extra,73
Rovastar - Xeper,presets-extra,73
Rovastar - Xeper's Birth,presets-extra,73
Rovastar - Xtal,presets-extra,73
Rovastar - braindance 2,presets-extra,73
Rovastar - de-orbit,presets-extra,73
Rovastar - eclectic interface (despair mix),presets-extra,73
Rovastar - mirror ball visions,presets-extra,73
Rovastar - paranormal diffusion analyser,presets-extra,73
Rovastar - twisted bytes,presets-extra,73
Rovastar and Adair - The Echo Tube,presets-extra,73
Rovastar and Aderrasi - Troubled Contrasting Helix,presets-extra,73
Rovastar and Aderrasi - Troubled Contrasting Helix (Deeply Troubled Mix),presets-extra,73
Rovastar and Bmelgren - Liquid Chrome,presets-extra,73
Rovastar and Bmelgren - Organic Rainbow,presets-extra,73
Rovastar and Bmelgren - Schisathing,presets-extra,73
Rovastar and Bmelgren - Schisathing (Tweak 4),presets-extra,73
Rovastar and Bmelgren - Schisathing 3 FAB,presets-extra,73
Rovastar and Bmelgren - Schisathing Coalescence,presets-extra,73
Rovastar and Bmelgren - Schisathing Coalescence 2,presets-extra,73
Rovastar and Bmelgren - Schisathing FAB  MOD 1,presets-extra,73
Rovastar and Bmelgren - Schisathing tweak 3,presets-extra,73
Rovastar and Bmelgren - Schisathing tweak 6,presets-extra,73
Rovastar and Bmelgren - Schisathing tweak 7,presets-extra,73
Rovastar and CTho - Deeper Spacedust,presets-extra,73
Rovastar and CTho - Spacedust,presets-extra,73
Rovastar and EvilJim - Evil Unknown,presets-extra,73
Rovastar and EvilJim - Evil Unknown 2,presets-extra,73
Rovastar and Fvese - ASN (Alien Spider Nightmare),presets-extra,73
Rovastar and Fvese - Deadly Flower,presets-extra,73
Rovastar and Fvese - Fibla Carbon,presets-extra,73
Rovastar and Fvese - Frozen Demon Fly,presets-extra,73
Rovastar and Fvese - Hyperspace Nightmare,presets-extra,73
Rovastar and Fvese - Stranger Minds,presets-extra,73
Rovastar and Fvese - Stranger Minds (Astral Mix),presets-extra,73
Rovastar and Fvese - Thumb Up or Down (Thumbs Up Remix),presets-extra,73
Rovastar and Idiot24-7 - Terminal X,presets-extra,74
Rovastar and Idiot24-7 - Terminal X (Mirror Nightmare Mix),presets-extra,74
Rovastar and Krash - Accidential Aenema,presets-extra,74
Rovastar and Krash - Aenema Encounters,presets-extra,74
Rovastar and Krash - Circles Of Shadows,presets-extra,74
Rovastar and Krash - Hallucinogenic Pyramids (Extra Beat Time Mix),presets-extra,74
Rovastar and Krash - Mindfield,presets-extra,74
Rovastar and Krash - Rainbow Deflection,presets-extra,74
Rovastar and Krash - Seas Of Tron,presets-extra,74
Rovastar and Krash - Telomeres Confusion,presets-extra,74
Rovastar and Krash - Travelocity,presets-extra,74
Rovastar and Rocke - Sugar Spun Sister,presets-extra,74
Rovastar and Studio Music - Spider In the Mind,presets-extra,74
Rovastar and Studio Music - Spider's Dance,presets-extra,74
Rovastar and Studio Music - Twisted Spider Web,presets-extra,74
Rovastar and Unchained - Beautiful Strange tweek 1,presets-extra,74
Rovastar and Unchained - Beautiful Strange tweek 2,presets-extra,74
Rovastar and Unchained - Braindance Visions,presets-extra,74
Rovastar and Unchained - Chess Brain Trip,presets-extra,74
Rovastar and Unchained - Life After Pie (Remix),presets-extra,74
Rovastar and Unchained - Orb Of Voodoo,presets-extra,74
Rovastar and Unchained - Orb of Mixed Meaning,presets-extra,74
Rovastar and Unchained - Red Planet Exploration,presets-extra,74
Rovastar and Unchained - Remixed Moods Of The Mind,presets-extra,74
Rovastar and Unchained - Voodoo Chess Magnet,presets-extra,74
Rovastar and Zylot - Altars Of Madness (Dissociative Dissorder mix),presets-extra,74
Rovastar and Zylot - Altars Of Madness (Lost Sanity mix),presets-extra,74
Rovastar and Zylot - Cosmic Echoes (Collapsing Cosmics reMix),presets-extra,74
Rovastar and Zylot - Crystal Ocean,presets-extra,74
Rovastar and Zylot - Harlequin's Lost Memory,presets-extra,74
Rovastar and Zylot - Requiem for a Dream,presets-extra,74
Rovastar and Zylot - Sea Of Zigrot,presets-extra,74
Rovastar and idiot - A million miles from earth (Twisted path),presets-extra,74
Rovastar and idiot - Altars Of Madness 2 (X.42 mix),presets-extra,74
Rovastar and idiot - Cosmic Mantas,presets-extra,74
Rovastar and idiot - Sully's trip (gone worse),presets-extra,74
Rovastar and idiot and Zylot - Sully's trip (the worstest),presets-extra,74
Rovastar and idiot24-7  - Cosmic Echoes rmx,presets-extra,74
Rovastar and idiot24-7 - Abstract Psychaos,presets-extra,74
Rovastar and idiot24-7 - Abstract Psychaos (dot wave),presets-extra,74
Rovastar and idiot24-7 - Galaxy,presets-extra,74
Rovastar and idiot24-7 - Rova can do better alone.,presets-extra,74
Rovastar and idiot24-7 - Self Destruct,presets-extra,74
Rovastar and idiot24-7 - The New Source,presets-extra,74
Rovastar phat eos bw - xengolborg,presets-extra,74
Rovastar ver 2 in Rovastar's and Evil Jim's Advanced Beat Monitor,presets-extra,74
Rovastar ver 3 in Rovastar's and Evil Jim's Advanced Beat Monitor,presets-extra,74
Rovastar vs Krash - Flowing Synergy,presets-extra,74
Rovastar vs Unchained - Slow Solstice,presets-extra,74
Rovastar vs idiot - Harlequin Trapped in Marphet's Vortex,presets-extra,74
Rovastar vs idiot - Harlequin Trapped in Marphet's Vortex 2,presets-extra,74
Rovastar&Aderrasi-ClockworkOrgan,presets-extra,74
Rovastar&Aderrasi-TroubledCont,presets-extra,74
Rovastar&Aderrasi-TroubledContr,presets-extra,74
Rovastar&Aderrasi-TroubledContra,presets-extra,74
Rovastar&Che-AdelaTheFlower(Al,presets-extra,74
Rovastar&Che-TrappedInTheAsyl,presets-extra,74
Rovastar&Che-TrappedInTheAsylu,presets-extra,74
Rovastar&Dbleja-ElectricPlasmaD,presets-extra,74
Rovastar&EvilJim-AdvancedBassMo,presets-extra,74
Rovastar&EvilJim-InsideTheMotio,presets-extra,74
Rovastar&Fvese-AlienSpiderNigh,presets-extra,74
Rovastar&Fvese-AlienSpiderNight,presets-extra,74
Rovastar&Fvese-LivingInABox(I,presets-extra,74
Rovastar&Fvese-NaturalFrequen00,presets-extra,74
Rovastar&Fvese-NaturalFrequency,presets-extra,74
Rovastar&Fvese-RephlexSurface(H,presets-extra,74
Rovastar&Fvese-StrangerMinds(As,presets-extra,74
Rovastar&Fvese-TravellingWithout,presets-extra,74
Rovastar&Geiss-Dynamic,presets-extra,74
Rovastar&Geiss-DynamicS,presets-extra,74
Rovastar&Geiss-DynamicSw,presets-extra,74
Rovastar&Geiss-DynamicSwi,presets-extra,74
Rovastar&Geiss-DynamicSwir,presets-extra,74
Rovastar&Geiss-DynamicSwir00,presets-extra,74
Rovastar&Geiss-DynamicSwirl,presets-extra,74
Rovastar&Geiss-DynamicSwirl00,presets-extra,74
Rovastar&Geiss-DynamicSwirls,presets-extra,74
Rovastar&Geiss-DynamicSwirls(Ve,presets-extra,74
Rovastar&Geiss-DynamicSwirls3(,presets-extra,74
Rovastar&Geiss-Galaxy(VectripMi,presets-extra,74
Rovastar&Geiss-JuliaFractal(Vec,presets-extra,74
Rovastar&Geiss-ManyMoreColou00,presets-extra,74
Rovastar&Geiss-MusicBox(Vectrip,presets-extra,74
Rovastar&Geiss-NotionsOfTonalit,presets-extra,74
Rovastar&Geiss-Octotrip(DeadlyB,presets-extra,74
Rovastar&Geiss-Pastel(VectripMi,presets-extra,74
Rovastar&Geiss-Tokamak(NakedInt,presets-extra,74
Rovastar&Idiot-Astralasia(Nasty,presets-extra,74
Rovastar&Idiot-Sully'sTrip,presets-extra,74
Rovastar&Idiot24-7-Distasteful,presets-extra,74
Rovastar&Idiot24-7-DistastefulR,presets-extra,74
Rovastar&Idiot24-7-DistastefulRu,presets-extra,74
Rovastar&Idiot24-7-HyperBallWra,presets-extra,74
Rovastar&Idiot24-7-Marphet'sShri,presets-extra,74
Rovastar&Idiot24-7-TerminalX(Mi,presets-extra,74
Rovastar&Illusion-AbacusMakingM,presets-extra,74
Rovastar&Illusion-DualShiftingS,presets-extra,74
Rovastar&Illusion-FurtherBasic,presets-extra,74
Rovastar&Illusion-FurtherBasicE,presets-extra,74
Rovastar&Illusion-GrandOdyssey,presets-extra,74
Rovastar&Illusion-GrandOdysseyM,presets-extra,74
Rovastar&Illusion-ShiftingSpher,presets-extra,74
Rovastar&Jellby-WhirlingIllusion,presets-extra,74
Rovastar&Krash-CerebralDemons(B,presets-extra,74
Rovastar&Krash-CerebralDemons(D,presets-extra,74
Rovastar&Krash-CerebralDemons(M,presets-extra,74
Rovastar&Krash-CerebralDemons(S,presets-extra,74
Rovastar&Krash-ExtremeIndecisive,presets-extra,74
Rovastar&Krash-HallucinogenicPy,presets-extra,74
Rovastar&Krash-HallucinogenicPyr,presets-extra,74
Rovastar&Krash-Heatwaves(Thermal,presets-extra,74
Rovastar&Krash-IndecisiveLandsca,presets-extra,74
Rovastar&Krash-InterstellarRipp,presets-extra,74
Rovastar&Krash-InterstellarRippl,presets-extra,74
Rovastar&Krash-Interwoven(Contra,presets-extra,74
Rovastar&Krash-PrimitiveFirework,presets-extra,74
Rovastar&Krash-Rainpainting(Euro,presets-extra,74
Rovastar&Krash-Rainpainting(Rock,presets-extra,74
Rovastar&Krash-Rainpainting(Ulti,presets-extra,74
Rovastar&Krash-TelomeresConfusio,presets-extra,74
Rovastar&Malte-CircleOfDeeperM,presets-extra,74
Rovastar&Malte-CircleOfDrugWar,presets-extra,74
Rovastar&StudioMusic-Intelligent,presets-extra,74
Rovastar&StudioMusic-MoreCherish,presets-extra,74
Rovastar&StudioMusic-Spider'sDan,presets-extra,74
Rovastar&StudioMusic-SpiderInth,presets-extra,74
Rovastar&StudioMusic-TakeYourPi,presets-extra,75
Rovastar&StudioMusic-TwistedSpid,presets-extra,75
Rovastar&TEcHNO-PsychadelicTrans,presets-extra,75
Rovastar&TEcHNO-PsychadelicTunne,presets-extra,75
Rovastar&TobiasWlofBoi-Underwater,presets-extra,75
Rovastar&Unchained-AmbrosiaUnder,presets-extra,75
Rovastar&Unchained-CentreOfGra,presets-extra,75
Rovastar&Unchained-CentreOfGrav,presets-extra,75
Rovastar&Unchained-ChessBrainTr,presets-extra,75
Rovastar&Unchained-FurtherTaste,presets-extra,75
Rovastar&Unchained-FurtherTastes,presets-extra,75
Rovastar&Unchained-JustAin'tRig,presets-extra,75
Rovastar&Unchained-LifeAfterPie0,presets-extra,75
Rovastar&Unchained-OddballWorld0,presets-extra,75
Rovastar&Unchained-OrbOfMixedM,presets-extra,75
Rovastar&Unchained-RedPlanetExp,presets-extra,75
Rovastar&Unchained-TheEchoEcho,presets-extra,75
Rovastar&Unchained-UnifiedDrag2,presets-extra,75
Rovastar&Zylot-CrystalBall(Ceri,presets-extra,75
Rovastar&Zylot-CrystalBall(Too,presets-extra,75
Rovastar&Zylot-DistortedDistorti,presets-extra,75
Rovastar&Zylot-Harlequin'sPortal,presets-extra,75
Rovastar&Zylot-Harlequin'sVision,presets-extra,75
Rovastar&Zylot-IMOCInvasion(Par,presets-extra,75
Rovastar&Zylot-InsideTheTransd,presets-extra,75
Rovastar&Zylot-InsideTheTransdi,presets-extra,75
Rovastar&Zylot-IouoStoneMorphic,presets-extra,75
Rovastar&Zylot-MindOfDr.Hoffma,presets-extra,75
Rovastar&Zylot-MirrorBallVision,presets-extra,75
Rovastar&Zylot-Narell'sFever(Na,presets-extra,75
Rovastar&Zylot-Urza'sRevenge,presets-extra,75
Rovastar&Zylot-Urza'sRevenge(Da,presets-extra,75
Rovastar&Zylot-VoyageOfIllusio,presets-extra,75
Rovastar&Zylot-VoyageOfIllusion,presets-extra,75
Rovastar&Zylot-WeirdDimension(I,presets-extra,75
Rovastar&adair-theechotube,presets-extra,75
Rovastar&ader(steadyrollercoastermix),presets-extra,75
Rovastar&aderrasi-(deeplytroubledmix),presets-extra,75
Rovastar&aderrasi-airsofchange,presets-extra,75
Rovastar&aderrasi-clockworkorganism,presets-extra,75
Rovastar&aderrasi-ocea(underwatermix),presets-extra,75
Rovastar&aderrasi-troubledcontrasting,presets-extra,75
Rovastar&bmelgren-liquidchrome,presets-extra,75
Rovastar&bmelgren-organicrainbow,presets-extra,75
Rovastar&che-adelatheflower(altarso1),presets-extra,75
Rovastar&che-adelatheflower(altarso2),presets-extra,75
Rovastar&che-asylumanimations,presets-extra,75
Rovastar&che-definitlynotfortheepilep,presets-extra,75
Rovastar&che-trappedintheasy(darkmix),presets-extra,75
Rovastar&che-trappedintheasylum,presets-extra,75
Rovastar&ctho-deeperspacedust,presets-extra,75
Rovastar&ctho-spacedust,presets-extra,75
Rovastar&dbleja-electricplasmadrops,presets-extra,75
Rovastar&dbleja-intensenebulas,presets-extra,75
Rovastar&eviljim-advancedbassmonitor,presets-extra,75
Rovastar&eviljim-basstubeoflight,presets-extra,75
Rovastar&eviljim-evilunknown1,presets-extra,75
Rovastar&eviljim-evilunknown2,presets-extra,75
Rovastar&eviljim-insidethemotionball,presets-extra,75
Rovastar&eviljim-strangeshiftinglight,presets-extra,75
Rovastar&fvese-alienspidernightmare1,presets-extra,75
Rovastar&fvese-alienspidernightmare2,presets-extra,75
Rovastar&fvese-darksubconscious,presets-extra,75
Rovastar&fvese-deadlyflower,presets-extra,75
Rovastar&fvese-fiblacarbon,presets-extra,75
Rovastar&fvese-frozendemonfly,presets-extra,75
Rovastar&fvese-haloweb,presets-extra,75
Rovastar&fvese-liberator,presets-extra,75
Rovastar&fvese-livingin(interludemix),presets-extra,75
Rovastar&fvese-livinginabox,presets-extra,75
Rovastar&fvese-majestichalo,presets-extra,75
Rovastar&fvese-mosaicwaves,presets-extra,75
Rovastar&fvese-naturalfreq(bordermix),presets-extra,75
Rovastar&fvese-naturalfreque(coolmix),presets-extra,75
Rovastar&fvese-paranormalstatic,presets-extra,75
Rovastar&fvese-rephlexsu(hologrammix),presets-extra,75
Rovastar&fvese-rephlexsurface,presets-extra,75
Rovastar&fvese-strangermin(astralmix),presets-extra,75
Rovastar&fvese-strangerminds,presets-extra,75
Rovastar&fvese-thumbsup(remix),presets-extra,75
Rovastar&fvese-travellingwitho(remix),presets-extra,75
Rovastar&geiss-approach(vectripmix),presets-extra,75
Rovastar&geiss-bipolar2(vectripmix),presets-extra,75
Rovastar&geiss-dy3(smokinglyricalmix),presets-extra,75
Rovastar&geiss-dyn3(brokendestinymix),presets-extra,75
Rovastar&geiss-dyn3(voyageofsoulsmix),presets-extra,75
Rovastar&geiss-dyna3(twistedtruthmix),presets-extra,75
Rovastar&geiss-dynam3(poltergiestmix),presets-extra,75
Rovastar&geiss-dynamicspheres,presets-extra,75
Rovastar&geiss-dynamicswi(vectripmix),presets-extra,75
Rovastar&geiss-dynamicswir3(smokemix),presets-extra,75
Rovastar&geiss-dynamicswirls3,presets-extra,75
Rovastar&geiss-dynamicswirls3(altarso,presets-extra,75
Rovastar&geiss-dynamicswirls3(mystici,presets-extra,75
Rovastar&geiss-dynamicswirls3(smoking,presets-extra,75
Rovastar&geiss-dynamicswirls3(voyageo,presets-extra,75
Rovastar&geiss-galaxy(vectripmix),presets-extra,75
Rovastar&geiss-hurricanenightmare,presets-extra,75
Rovastar&geiss-iceplanet,presets-extra,75
Rovastar&geiss-juliafract(vectripmix),presets-extra,75
Rovastar&geiss-manymoreco(vectripmix),presets-extra,75
Rovastar&geiss-manymorecolours,presets-extra,75
Rovastar&geiss-morphingpolygons,presets-extra,75
Rovastar&geiss-musicbox(vectripmix),presets-extra,75
Rovastar&geiss-notionsoftonality,presets-extra,75
Rovastar&geiss-octoplasm,presets-extra,75
Rovastar&geiss-octotrip,presets-extra,75
Rovastar&geiss-octotrip(deadlybtmix),presets-extra,75
Rovastar&geiss-pastel(vectripmix),presets-extra,75
Rovastar&geiss-surface(vectripmix),presets-extra,75
Rovastar&geiss-tokamak(nakedintrusion,presets-extra,75
Rovastar&idiot-astralasia,presets-extra,75
Rovastar&idiot-astralasia(nastycomedo,presets-extra,75
Rovastar&idiot-sullystrip,presets-extra,75
Rovastar&idiot24-(harlequinsshamemix),presets-extra,75
Rovastar&idiot24-7-(loringdespairmix),presets-extra,75
Rovastar&idiot24-7-balkacid,presets-extra,75
Rovastar&idiot24-7-dista(nepalesemix),presets-extra,75
Rovastar&idiot24-7-distastefulrush,presets-extra,75
Rovastar&idiot24-7-hyperballwrap,presets-extra,75
Rovastar&idiot24-7-juanita,presets-extra,75
Rovastar&idiot24-7-marphetsshrine,presets-extra,75
Rovastar&idiot24-7-seismicshift,presets-extra,75
Rovastar&idiot24-7-termina(mirrormix),presets-extra,75
Rovastar&idiot24-7-terminalx,presets-extra,75
Rovastar&illusion-(shiftingcolourmix),presets-extra,75
Rovastar&illusion-abacusmakingmusic,presets-extra,75
Rovastar&illusion-contact,presets-extra,75
Rovastar&illusion-diversion,presets-extra,76
Rovastar&illusion-dottymadspace,presets-extra,76
Rovastar&illusion-dualwave,presets-extra,76
Rovastar&illusion-dualwave1,presets-extra,76
Rovastar&illusion-dualwave2,presets-extra,76
Rovastar&illusion-furtherbasicelectr1,presets-extra,76
Rovastar&illusion-furtherbasicelectr2,presets-extra,76
Rovastar&illusion-goodmoods,presets-extra,76
Rovastar&illusion-grandodyssey(remix),presets-extra,76
Rovastar&illusion-grandodysseymod,presets-extra,76
Rovastar&illusion-greatmoods,presets-extra,76
Rovastar&illusion-hypnoticspell,presets-extra,76
Rovastar&illusion-lostinmymind,presets-extra,76
Rovastar&illusion-shifting(colourmix),presets-extra,76
Rovastar&illusion-shiftingsphere,presets-extra,76
Rovastar&illusion-wildmoods,presets-extra,76
Rovastar&jaiph-subnubus,presets-extra,76
Rovastar&jaiph-turbulenttravel,presets-extra,76
Rovastar&jellby-whirlingillusions2,presets-extra,76
Rovastar&krash-accidentialaenema,presets-extra,76
Rovastar&krash-aenemaencounters,presets-extra,76
Rovastar&krash-aenematic,presets-extra,76
Rovastar&krash-aenemawaves,presets-extra,76
Rovastar&krash-cereb(mentalhealthmix),presets-extra,76
Rovastar&krash-cerebral(beatpulsemix),presets-extra,76
Rovastar&krash-cerebral(darksoulsmix),presets-extra,76
Rovastar&krash-cerebral(soulvirusmix),presets-extra,76
Rovastar&krash-cerebraldemons,presets-extra,76
Rovastar&krash-circlesofshadows,presets-extra,76
Rovastar&krash-extremeindecisivemovem,presets-extra,76
Rovastar&krash-flowingsynergy,presets-extra,76
Rovastar&krash-hall(extrabeattimemix),presets-extra,76
Rovastar&krash-halluci(beatertimemix),presets-extra,76
Rovastar&krash-heatwaves(thermalimage,presets-extra,76
Rovastar&krash-in(sodiumintensitymix),presets-extra,76
Rovastar&krash-indecisivelandscapes,presets-extra,76
Rovastar&krash-interstellarripple,presets-extra,76
Rovastar&krash-interwoven(contramix),presets-extra,76
Rovastar&krash-mindfield,presets-extra,76
Rovastar&krash-mixeddisks,presets-extra,76
Rovastar&krash-primitivefi(strobemix),presets-extra,76
Rovastar&krash-rainbowdeflection,presets-extra,76
Rovastar&krash-rainp(europadreamsmix),presets-extra,76
Rovastar&krash-rainpaintin(ultimamix),presets-extra,76
Rovastar&krash-rainpainting(rocksofeu,presets-extra,76
Rovastar&krash-seasoftron,presets-extra,76
Rovastar&krash-sweetness&light,presets-extra,76
Rovastar&krash-telomeresconfusion,presets-extra,76
Rovastar&krash-travelocity,presets-extra,76
Rovastar&malte-circleofdeepermeaning,presets-extra,76
Rovastar&malte-circleofdrugwarp,presets-extra,76
Rovastar&rocke-answer42(trippyspermmi,presets-extra,76
Rovastar&rocke-headspin,presets-extra,76
Rovastar&rocke-sugarspunsister,presets-extra,76
Rovastar&studiomusic-intelligenttranc,presets-extra,76
Rovastar&studiomusic-morecherisheddes,presets-extra,76
Rovastar&studiomusic-spiderinthemind,presets-extra,76
Rovastar&studiomusic-spidersdance,presets-extra,76
Rovastar&studiomusic-tak(boxfreshmix),presets-extra,76
Rovastar&studiomusic-twistedspiderweb,presets-extra,76
Rovastar&techno-psychadelictransport,presets-extra,76
Rovastar&techno-psychadelictunnel,presets-extra,76
Rovastar&telek-alta(rollingoceansmix),presets-extra,76
Rovastar&telek-cosmicfireworks,presets-extra,76
Rovastar&tobiaswlofboi-underwaterskyh,presets-extra,76
Rovastar&unchain(multipledisordermix),presets-extra,76
Rovastar&unchained-ambrosiaunderstand,presets-extra,76
Rovastar&unchained-cent(testimonymix),presets-extra,76
Rovastar&unchained-centreofgravity,presets-extra,76
Rovastar&unchained-chessbraintrip,presets-extra,76
Rovastar&unchained-de(vampiresoulmix),presets-extra,76
Rovastar&unchained-digitalenergy,presets-extra,76
Rovastar&unchained-fu(honeyflowermix),presets-extra,76
Rovastar&unchained-furthertastesofamb,presets-extra,76
Rovastar&unchained-lifeafterpi(remix),presets-extra,76
Rovastar&unchained-lifeafterpie,presets-extra,76
Rovastar&unchained-odd(statictimemix),presets-extra,76
Rovastar&unchained-oddballworld,presets-extra,76
Rovastar&unchained-orbofmixedmeaning,presets-extra,76
Rovastar&unchained-orbofvoodoo,presets-extra,76
Rovastar&unchained-redplanetexplorati,presets-extra,76
Rovastar&unchained-theechoechotube,presets-extra,76
Rovastar&unchained-voodo(everglowmix),presets-extra,76
Rovastar&unchained-xentraffic,presets-extra,76
Rovastar&unchained2(ghostlyvisionmix),presets-extra,76
Rovastar&zylot-azirphae(multiplanmix),presets-extra,76
Rovastar&zylot-cryst(cerimonialdecor),presets-extra,76
Rovastar&zylot-crysta(manyvisionsmix),presets-extra,76
Rovastar&zylot-crystalball(toomanyvis,presets-extra,76
Rovastar&zylot-crystalocean,presets-extra,76
Rovastar&zylot-distorteddistortion,presets-extra,76
Rovastar&zylot-harlequinsportal,presets-extra,76
Rovastar&zylot-harlequinsvision,presets-extra,76
Rovastar&zylot-imocinvas(paranioamix),presets-extra,76
Rovastar&zylot-imocinvasion,presets-extra,76
Rovastar&zylot-inside(multiportalmix),presets-extra,76
Rovastar&zylot-insidethetransdimensio,presets-extra,76
Rovastar&zylot-iouostonefusion,presets-extra,76
Rovastar&zylot-iouostonemorphicfusion,presets-extra,76
Rovastar&zylot-mindofdrhoffman,presets-extra,76
Rovastar&zylot-mirrorballvisions,presets-extra,76
Rovastar&zylot-narellsfever,presets-extra,76
Rovastar&zylot-narellsfever(nakedmix),presets-extra,76
Rovastar&zylot-passionflower,presets-extra,76
Rovastar&zylot-reactormirage,presets-extra,76
Rovastar&zylot-reactorturmoil,presets-extra,76
Rovastar&zylot-seaofzigrot,presets-extra,76
Rovastar&zylot-sugarrush,presets-extra,76
Rovastar&zylot-urzas(darkbeattimemix),presets-extra,76
Rovastar&zylot-urzasrevenge,presets-extra,76
Rovastar&zylot-voyageofillusions,presets-extra,76
Rovastar&zylot-voyageofillusions2,presets-extra,76
Rovastar&zylot-warpedillusions,presets-extra,76
Rovastar&zylot-warpedillusions2,presets-extra,76
Rovastar&zylot-warpedillusions3,presets-extra,76
Rovastar&zylot-weirddim(interfacemix),presets-extra,76
"Rovastar, Unchained n Hexcollie - Tubez",presets-extra,76
Rovastar-3amsomewhere,presets-extra,76
Rovastar-AMillionMilesFromEar,presets-extra,76
Rovastar-AMillionMilesfromEa,presets-extra,76
Rovastar-AcidChamber(MoreAcidRe,presets-extra,76
Rovastar-AltarsOfHarlequin'sMadn,presets-extra,76
Rovastar-AltarsOfMadness(AMilli,presets-extra,76
Rovastar-AltarsOfMadness(Cerebra,presets-extra,76
Rovastar-AltarsOfMadness(Double,presets-extra,76
Rovastar-AltarsOfMadness(DuelMi,presets-extra,76
Rovastar-AltarsOfMadness(Forgott,presets-extra,76
Rovastar-AltarsOfMadness(Jesters,presets-extra,76
Rovastar-AltarsOfMadness(Shrine,presets-extra,77
Rovastar-AltarsOfMadness(Sureali,presets-extra,77
Rovastar-AltarsOfMadness2(Dark,presets-extra,77
Rovastar-AltarsOfMadness2(Love,presets-extra,77
Rovastar-AltarsOfMadness2(Spiri,presets-extra,77
Rovastar-AltarsOfMadness3(Chunk,presets-extra,77
Rovastar-AltarsOfMadness4(Limit,presets-extra,77
Rovastar-AmbientWallpaper(BassWa,presets-extra,77
Rovastar-AquariusVisions(FineMix,presets-extra,77
Rovastar-AttackingTheImmuneSyste,presets-extra,77
Rovastar-CelestialPuddle(LivingJ,presets-extra,77
Rovastar-CelestialSphere(Delirium,presets-extra,77
Rovastar-CerebralParasites(Attack,presets-extra,77
Rovastar-ChapelOfGhouls(HavokPl,presets-extra,77
Rovastar-ChemicalSpirituality(Hof,presets-extra,77
Rovastar-CosmicEchoes(BeamMeUp,presets-extra,77
Rovastar-CosmicEchoes(HalflifeBe,presets-extra,77
Rovastar-CosmicEchoes1(MantaEch,presets-extra,77
Rovastar-CreationVoid(GenesisMix,presets-extra,77
Rovastar-DarkRitual(Spider'sLair,presets-extra,77
Rovastar-DarkRitual(StarOfDes,presets-extra,77
Rovastar-DestinyStar(StarbrustMi,presets-extra,77
Rovastar-EarlyUnreleasedHubbleVi,presets-extra,77
Rovastar-EclecticInterface(MistM,presets-extra,77
Rovastar-EncountersOfThe7thKi,presets-extra,77
Rovastar-EncountersOfThe7thKin,presets-extra,77
Rovastar-EncountersOfThe7thKind,presets-extra,77
Rovastar-Fvese-Natural Frequency-tweak,presets-extra,77
Rovastar-Harlequin's&Jester'sD,presets-extra,77
Rovastar-Harlequin's&Jester'sDu,presets-extra,77
Rovastar-Harlequin's&Jester'sDua,presets-extra,77
Rovastar-Harlequin'sDelight,presets-extra,77
Rovastar-Harlequin'sDelight(Indec,presets-extra,77
Rovastar-Harlequin'sDynamicFra,presets-extra,77
Rovastar-Harlequin'sDynamicFracta,presets-extra,77
Rovastar-Harlequin'sFluidWallpa,presets-extra,77
Rovastar-Harlequin'sFluidWallpap,presets-extra,77
Rovastar-Harlequin'sFluidWallpape,presets-extra,77
Rovastar-Harlequin'sSpiritCave,presets-extra,77
Rovastar-ImmuneSystemUnderAttack,presets-extra,77
Rovastar-InnerThoughts(BrightDaw,presets-extra,77
Rovastar-InnerThoughts(CloudedJu,presets-extra,77
Rovastar-InnerThoughts(DarkSecre,presets-extra,77
Rovastar-InnerThoughts(DistantMe,presets-extra,77
Rovastar-InnerThoughts(FranticTh,presets-extra,77
Rovastar-InnerThoughts(StrangeCa,presets-extra,77
Rovastar-InnerThoughts(TwistedDr,presets-extra,77
Rovastar-IntelligentBasicElectron,presets-extra,77
Rovastar-Jester'sCalling1,presets-extra,77
Rovastar-Jester'sPeacockSwirl,presets-extra,77
Rovastar-Jester'sSurrealTor,presets-extra,77
Rovastar-Jester'sSurrealTorn,presets-extra,77
Rovastar-Jester'sSurrealTorna,presets-extra,77
Rovastar-Jester'sSurrealTorna00,presets-extra,77
Rovastar-Jester'sSurrealTornad,presets-extra,77
Rovastar-Jester'sSurrealTornado(,presets-extra,77
Rovastar-Jester'sSwirl,presets-extra,77
Rovastar-Jester'sTimeTunnel,presets-extra,77
Rovastar-Jester'sTimeTunnel2,presets-extra,77
Rovastar-JudgementDay(BassWarpM,presets-extra,77
Rovastar-Kalideostars(AltarsOfMa,presets-extra,77
Rovastar-Kalideostars(RoundRound,presets-extra,77
Rovastar-Kronos'TwistedSpawn,presets-extra,77
Rovastar-LostSoulsoftheBermu00,presets-extra,77
Rovastar-LostSoulsoftheBermud,presets-extra,77
Rovastar-NorthernLightsThrobbing,presets-extra,77
Rovastar-OmnipresenceResurrecti00,presets-extra,77
Rovastar-OmnipresenceResurrectio,presets-extra,77
Rovastar-OmnipresenceResurrection,presets-extra,77
Rovastar-ParallelUniverse(Future,presets-extra,77
Rovastar-ParallelogramBin2(Naked,presets-extra,77
Rovastar-ScanningForLife(Intelle,presets-extra,77
Rovastar-ScanningForLife(Onboard,presets-extra,77
Rovastar-SouthernLights(Nocturnal,presets-extra,77
Rovastar-Space(TwistedDimensionM,presets-extra,77
Rovastar-TheChaosOfColours(Drif,presets-extra,77
Rovastar-TouchdownonMars(Detail,presets-extra,77
Rovastar-TouchdownonMars(Detaile,presets-extra,77
Rovastar-TouchdownonMars(First,presets-extra,77
Rovastar-TouchdownonMars(FirstP,presets-extra,77
Rovastar-TrappedinHarliquin'sEnd,presets-extra,77
Rovastar-ViolentRelaxation(Twiste,presets-extra,77
Rovastar-VooV'sBrainwaves2,presets-extra,77
Rovastar-VooV'sBrainwaves2(Deep,presets-extra,77
Rovastar-VooV'sBrainwaves2(Mirro,presets-extra,77
Rovastar-VooV'sBrainwaves2(Plasm,presets-extra,77
Rovastar-VooV'sLightPattern,presets-extra,77
Rovastar-VooV'sNakedMovement,presets-extra,77
Rovastar-VooV'sNakedMovement(Pin,presets-extra,77
Rovastar-Xeper'sBirth,presets-extra,77
Rovastar-accidentinparadise,presets-extra,77
Rovastar-aceofspades,presets-extra,77
Rovastar-acidchamber,presets-extra,77
Rovastar-acidchamber(moreacidremix),presets-extra,77
Rovastar-afterlife,presets-extra,77
Rovastar-airlock,presets-extra,77
Rovastar-alienheart,presets-extra,77
Rovastar-aliensunflower,presets-extra,77
Rovastar-alphaconflict,presets-extra,77
Rovastar-altarsofhar(darkdisordermix),presets-extra,77
Rovastar-altarsofharlequinsmaddess,presets-extra,77
Rovastar-altarsofmadn2(frozentimemix),presets-extra,77
Rovastar-altarsofmadne2(darkdecaymix),presets-extra,77
Rovastar-altarsofmadnes(surealistmix),presets-extra,77
Rovastar-altarsofmadness,presets-extra,77
Rovastar-altarsofmadness(amillionmile,presets-extra,77
Rovastar-altarsofmadness(boxfreshmix),presets-extra,77
Rovastar-altarsofmadness(cerebraldemo,presets-extra,77
Rovastar-altarsofmadness(doubleexposu,presets-extra,77
Rovastar-altarsofmadness(duelmix),presets-extra,77
Rovastar-altarsofmadness(forgottenrea,butterchurnPresetsExtra,
Rovastar-altarsofmadness(jestersvesse,presets-extra,77
Rovastar-altarsofmadness(shrinemix),presets-extra,77
Rovastar-altarsofmadness2,presets-extra,77
Rovastar-altarsofmadness2(lovewithout,presets-extra,77
Rovastar-altarsofmadness2(spiritofmad,presets-extra,77
Rovastar-altarsofmadness3,presets-extra,77
Rovastar-altarsofmadness3(chunkymonke,presets-extra,77
Rovastar-altarsofmadness4,presets-extra,77
Rovastar-altarsofmadness4(limitedexpo,presets-extra,77
Rovastar-altarsofmadness4(spiritoftwi,presets-extra,77
Rovastar-ambientwallpape(basswarpmix),presets-extra,77
Rovastar-ambientwallpaper1,presets-extra,77
Rovastar-ambientwallpaper2,presets-extra,77
Rovastar-amillionmiles(pathfindermix),presets-extra,77
Rovastar-amillionmilesf(fogoftimemix),presets-extra,77
Rovastar-amillionmilesfr(wormholemix),presets-extra,77
Rovastar-amillionmilesfrome(driftmix),presets-extra,77
Rovastar-amillionmilesfromearth,presets-extra,78
Rovastar-aquarius,presets-extra,78
Rovastar-aquariusboxfresh1,presets-extra,78
Rovastar-aquariusboxfresh2,presets-extra,78
Rovastar-aquariusvisions,presets-extra,78
Rovastar-aquariusvisions(finemix),presets-extra,78
Rovastar-astralprojection,presets-extra,78
Rovastar-attackingfreedom,presets-extra,78
Rovastar-attackingtheimmunesystem,presets-extra,78
Rovastar-basicelectronica,presets-extra,78
Rovastar-basscadet,presets-extra,78
Rovastar-bellaluna,presets-extra,78
Rovastar-bellanova,presets-extra,78
Rovastar-bits,presets-extra,78
Rovastar-blueshining,presets-extra,78
Rovastar-braindance1,presets-extra,78
Rovastar-braindance2,presets-extra,78
Rovastar-brokenphoenix,presets-extra,78
Rovastar-brokenphoenix(remix),presets-extra,78
Rovastar-celestialpuddle,presets-extra,78
Rovastar-celestialpuddle(livingjellym,presets-extra,78
Rovastar-celestialsphere,presets-extra,78
Rovastar-celestialsphere(deliriummix),presets-extra,78
Rovastar-cerebralparasites,presets-extra,78
Rovastar-cerebralparasites(attackmix),presets-extra,78
Rovastar-chaoticcircus,presets-extra,78
Rovastar-chapelofghouls,presets-extra,78
Rovastar-chapelofghouls(havokplasmami,presets-extra,78
Rovastar-chasingdragons,presets-extra,78
Rovastar-chemicalspirituality,presets-extra,78
Rovastar-chemicalspirituality(hofmann,presets-extra,78
Rovastar-chi-ad,presets-extra,78
Rovastar-chromewaves,presets-extra,78
Rovastar-chromewaves2,presets-extra,78
Rovastar-circustothestars,presets-extra,78
Rovastar-closerencounters,presets-extra,78
Rovastar-cloudedjudgement1,presets-extra,78
Rovastar-cloudedjudgement2,presets-extra,78
Rovastar-cloudedjudgement3,presets-extra,78
Rovastar-collidingvisions,presets-extra,78
Rovastar-colourwash,presets-extra,78
Rovastar-cosmicconfusion,presets-extra,78
Rovastar-cosmicechoes(beammeupmix),presets-extra,78
Rovastar-cosmicechoes(halflifebeattim,presets-extra,78
Rovastar-cosmicechoes1,presets-extra,78
Rovastar-cosmicechoes1(mantaechoeingz,presets-extra,78
Rovastar-cosmicechoes2,presets-extra,78
Rovastar-cosmiceclipse,presets-extra,78
Rovastar-cosmiceclipsestorm,presets-extra,78
Rovastar-cosmichavoc,presets-extra,78
Rovastar-cosmictornado,presets-extra,78
Rovastar-crazyorbit,presets-extra,78
Rovastar-creationvoid,presets-extra,78
Rovastar-creationvoid(genesismix),presets-extra,78
Rovastar-darkmatrix,presets-extra,78
Rovastar-darkritual,presets-extra,78
Rovastar-darkritual(spiderslairmix),presets-extra,78
Rovastar-darkritual(starofdestinydeni,presets-extra,78
Rovastar-darkritual(starofdestinymix),presets-extra,78
Rovastar-darkritual(starofdestinyrevi,presets-extra,78
Rovastar-darksoulfalls,presets-extra,78
Rovastar-de-orbit,presets-extra,78
Rovastar-de-orbit(internalmix),presets-extra,78
Rovastar-deeperinside,presets-extra,78
Rovastar-destinystar,presets-extra,78
Rovastar-destinystar(starbrustmix),presets-extra,78
Rovastar-diamonddesires,presets-extra,78
Rovastar-dreamcatcher,presets-extra,78
Rovastar-dreamtime,presets-extra,78
Rovastar-dropsphere,presets-extra,78
Rovastar-earlyunreleasedhubblevideo,presets-extra,78
Rovastar-eclecticinterfac(despairmix),presets-extra,78
Rovastar-eclecticinterface,presets-extra,78
Rovastar-eclecticinterface(mistmix),presets-extra,78
Rovastar-enchantingsigns,presets-extra,78
Rovastar-encountersofthe7thk(partiii),presets-extra,78
Rovastar-encountersofthe7thki(partii),presets-extra,78
Rovastar-encountersofthe7thkin(parti),presets-extra,78
Rovastar-explosiveminds,presets-extra,78
Rovastar-eyeofchaos,presets-extra,78
Rovastar-forgottenmoon,presets-extra,78
Rovastar-futureenergy,presets-extra,78
Rovastar-geneticdisaster,presets-extra,78
Rovastar-ghostlyfigure,presets-extra,78
Rovastar-goa,presets-extra,78
Rovastar-halcyondreams1,presets-extra,78
Rovastar-halcyondreams2,presets-extra,78
Rovastar-halcyondreams3,presets-extra,78
Rovastar-hallucinogenicp(beattimemix),presets-extra,78
Rovastar-hallucinogenicpyramids,presets-extra,78
Rovastar-harlequ(chaoticnightmaremix),presets-extra,78
Rovastar-harlequins&(rainbowdreammix),presets-extra,78
Rovastar-harlequins&jestersdualdeligh,presets-extra,78
Rovastar-harlequinsd(crazedspiralmix),presets-extra,78
Rovastar-harlequinsdelight,presets-extra,78
Rovastar-harlequinsdelight(endlesstun,presets-extra,78
Rovastar-harlequinsdelight(indecision,presets-extra,78
Rovastar-harlequinsdyn(dualspiralmix),presets-extra,78
Rovastar-harlequinsdynamicfractal1,presets-extra,78
Rovastar-harlequinsdynamicfractal2,presets-extra,78
Rovastar-harlequinsdynamicfractal3,presets-extra,78
Rovastar-harlequinsfluidwallpaper1,presets-extra,78
Rovastar-harlequinsfluidwallpaper2,presets-extra,78
Rovastar-harlequinsfluidwallpaper3,presets-extra,78
Rovastar-harlequinsfractalencounter,presets-extra,78
Rovastar-harlequinsfractalencounter2,presets-extra,78
Rovastar-harlequinsliquiddragon,presets-extra,78
Rovastar-harlequinsspirit,presets-extra,78
Rovastar-harlequinsspirit(twistedmix),presets-extra,78
Rovastar-harlequinsspiritcave,presets-extra,78
Rovastar-harmony,presets-extra,78
Rovastar-hellflowofthedamned,presets-extra,78
Rovastar-historyspin,presets-extra,78
Rovastar-homecoming,presets-extra,78
Rovastar-hopesanddesires,presets-extra,78
Rovastar-hyperdynenuphonicsphere,presets-extra,78
Rovastar-hyperspace,presets-extra,78
Rovastar-hyperspace(frozenrapturemix),presets-extra,78
Rovastar-hyperspace(hyperspeedmix),presets-extra,78
Rovastar-immunesystemun(beatpulsemix),presets-extra,78
Rovastar-infinitywheel,presets-extra,78
Rovastar-innerthoughts(brightdawnmix),presets-extra,78
Rovastar-innerthoughts(cloudedjudgeme,presets-extra,78
Rovastar-innerthoughts(darksecretmix),presets-extra,78
Rovastar-innerthoughts(distantmemorie,presets-extra,78
Rovastar-innerthoughts(franticthought,presets-extra,78
Rovastar-innerthoughts(strangecargomi,presets-extra,78
Rovastar-innerthoughts(twisteddreamsm,presets-extra,79
Rovastar-intelligentbasicelectronica,presets-extra,79
Rovastar-intensedesire,presets-extra,79
Rovastar-interplanetarytravel,presets-extra,79
Rovastar-java,presets-extra,79
Rovastar-jestersawakening,presets-extra,79
Rovastar-jesterscalling1,presets-extra,79
Rovastar-jesterscalling2,presets-extra,79
Rovastar-jesterscalling3,presets-extra,79
Rovastar-jesterspeacockswirl,presets-extra,79
Rovastar-jesterssu(multiresistantmix),presets-extra,79
Rovastar-jesterssur(furthervortexmix),presets-extra,79
Rovastar-jesterssurr(sleepwalkingmix),presets-extra,79
Rovastar-jesterssurre(abstractartmix),presets-extra,79
Rovastar-jesterssurre(twistedmassmix),presets-extra,79
Rovastar-jesterssurrealtornado,presets-extra,79
Rovastar-jesterssurrealtornado(inside,presets-extra,79
Rovastar-jestersswirl,presets-extra,79
Rovastar-jesterstimetunnel,presets-extra,79
Rovastar-jesterstimetunnel2,presets-extra,79
Rovastar-judgementday,presets-extra,79
Rovastar-judgementday(basswarpmix),presets-extra,79
Rovastar-kaleidovisions,presets-extra,79
Rovastar-kalideostars,presets-extra,79
Rovastar-kalideostars(altarsofmadness,presets-extra,79
Rovastar-kalideostars(roundroundmix),presets-extra,79
Rovastar-kronos,presets-extra,79
Rovastar-kronostwistedspawn,presets-extra,79
Rovastar-labfunk,presets-extra,79
Rovastar-linesofindecision,presets-extra,79
Rovastar-liquidflow,presets-extra,79
Rovastar-lostsoulsof(darkestsoulsmix),presets-extra,79
Rovastar-lostsoulsoft(saviourpathmix),presets-extra,79
Rovastar-lostsoulsofthebermudatriangl,presets-extra,79
Rovastar-magiccarpet,presets-extra,79
Rovastar-mixedmoodsofthemind,presets-extra,79
Rovastar-moebuis,presets-extra,79
Rovastar-mosaicsofages,presets-extra,79
Rovastar-mountainsofneon,presets-extra,79
Rovastar-multiversestarfield1,presets-extra,79
Rovastar-multiversestarfield2,presets-extra,79
Rovastar-multiversestarfield3,presets-extra,79
Rovastar-mum,presets-extra,79
Rovastar-musicismaths,presets-extra,79
Rovastar-naturalfrequency,presets-extra,79
Rovastar-negativeharmony,presets-extra,79
Rovastar-northernlights,presets-extra,79
Rovastar-northernlightsbud,presets-extra,79
Rovastar-northernlightsthrobbingbud,presets-extra,79
Rovastar-nuphonicsphere,presets-extra,79
Rovastar-occident,presets-extra,79
Rovastar-omnipresenceresur(activemix),presets-extra,79
Rovastar-omnipresenceresurrec(rawmix),presets-extra,79
Rovastar-oozingresistance,presets-extra,79
Rovastar-pandorasvolcano,presets-extra,79
Rovastar-paradigmsphere,presets-extra,79
Rovastar-parallelogrambin,presets-extra,79
Rovastar-parallelogrambin2,presets-extra,79
Rovastar-parallelogrambin2(nakedmix),presets-extra,79
Rovastar-paralleluniverse,presets-extra,79
Rovastar-paralleluniverse(futuremix),presets-extra,79
Rovastar-paranormalanalyser,presets-extra,79
Rovastar-paranormaldiffusionanalyser,presets-extra,79
Rovastar-powertrip,presets-extra,79
Rovastar-powertrip(powermix),presets-extra,79
Rovastar-powertrip(tripmix),presets-extra,79
Rovastar-psychaos,presets-extra,79
Rovastar-psychaos(antichaosmix),presets-extra,79
Rovastar-psycosyin,presets-extra,79
Rovastar-quantumpulse,presets-extra,79
Rovastar-quantumrainbow,presets-extra,79
Rovastar-regressivedetox,presets-extra,79
Rovastar-requiem,presets-extra,79
Rovastar-returntothesource,presets-extra,79
Rovastar-ritualoflife,presets-extra,79
Rovastar-riverofillusion,presets-extra,79
Rovastar-scanningforlife(intellegence,presets-extra,79
Rovastar-scanningforlife(onboard),presets-extra,79
Rovastar-sealife,presets-extra,79
Rovastar-sealife(evoluationmix),presets-extra,79
Rovastar-sealife(eyeevilmix),presets-extra,79
Rovastar-seasonstars,presets-extra,79
Rovastar-seasonstars(vibrantmix),presets-extra,79
Rovastar-sensualenjoyment,presets-extra,79
Rovastar-shadowsandangels,presets-extra,79
Rovastar-shadowsportal,presets-extra,79
Rovastar-shango1,presets-extra,79
Rovastar-shango2,presets-extra,79
Rovastar-simplebrain,presets-extra,79
Rovastar-snapshotofspace,presets-extra,79
Rovastar-solarizedspace,presets-extra,79
Rovastar-solarizedspace(spacednamix),presets-extra,79
Rovastar-sonofxeper,presets-extra,79
Rovastar-southernlights(nocturnalmix),presets-extra,79
Rovastar-southernlights1,presets-extra,79
Rovastar-southernlights2,presets-extra,79
Rovastar-space,presets-extra,79
Rovastar-space(twisteddimensionmix),presets-extra,79
Rovastar-spacedwellinglifeforms,presets-extra,79
Rovastar-spacewater,presets-extra,79
Rovastar-spiritcavelights,presets-extra,79
Rovastar-spudink,presets-extra,79
Rovastar-squarerootofallevil,presets-extra,79
Rovastar-starquake,presets-extra,79
Rovastar-starquake(sunquakemix),presets-extra,79
Rovastar-steppingtemple,presets-extra,79
Rovastar-stripe,presets-extra,79
Rovastar-supernova,presets-extra,79
Rovastar-templeofencounters,presets-extra,79
Rovastar-theawakening,presets-extra,79
Rovastar-thechaosofcolou(driftingmix),presets-extra,79
Rovastar-thechaosofcolours,presets-extra,79
Rovastar-thefinalvoyage,presets-extra,79
Rovastar-theshroomery,presets-extra,79
Rovastar-throbbingnorthernlights,presets-extra,79
Rovastar-timelessvoyage,presets-extra,79
Rovastar-timelessvoyage2,presets-extra,79
Rovastar-torridtales,presets-extra,79
Rovastar-touchdownonmar(nightvision),presets-extra,79
Rovastar-touchdownonmars(detailedpict,presets-extra,79
Rovastar-touchdownonmars(firstpicture,presets-extra,79
Rovastar-touchdownonmars(nightvision),presets-extra,79
Rovastar-toxygenetic,presets-extra,79
Rovastar-transcend,presets-extra,79
Rovastar-trappedinharliquinsendlesstu,presets-extra,79
Rovastar-travellingwithoutmoving,presets-extra,79
Rovastar-tripmaker,presets-extra,79
Rovastar-tripmaker(spacetripmix),presets-extra,79
Rovastar-trippysperm,presets-extra,80
Rovastar-twistedbytes,presets-extra,80
Rovastar-twistedgreenlava,presets-extra,80
Rovastar-twistedtubes,presets-extra,80
Rovastar-unknownbytes,presets-extra,80
Rovastar-violentrelaxatio(twistedmix),presets-extra,80
Rovastar-violentrelaxation,presets-extra,80
Rovastar-virtualhorizons,presets-extra,80
Rovastar-visionsbeyond,presets-extra,80
Rovastar-visionsofthefuture,presets-extra,80
Rovastar-vividunderstanding,presets-extra,80
Rovastar-voovsbrainwa2(deepplasmamix),presets-extra,80
Rovastar-voovsbrainwaves,presets-extra,80
Rovastar-voovsbrainwaves2,presets-extra,80
Rovastar-voovsbrainwaves2(mirrormix),presets-extra,80
Rovastar-voovsbrainwaves2(plasmamix),presets-extra,80
Rovastar-voovslightpattern,presets-extra,80
Rovastar-voovsmovement,presets-extra,80
Rovastar-voovsmovement(afterdarkmix),presets-extra,80
Rovastar-voovsnakedmov(pincushionmix),presets-extra,80
Rovastar-voovsnakedmovement,presets-extra,80
Rovastar-voovsorganiclight,presets-extra,80
Rovastar-vortexchamber,presets-extra,80
Rovastar-voyage1,presets-extra,80
Rovastar-voyage2,presets-extra,80
Rovastar-voyageonahelicopter,presets-extra,80
Rovastar-xeper,presets-extra,80
Rovastar-xepersbirth,presets-extra,80
Rovastar-xtal,presets-extra,80
Rovastar_ Phat_ Eo.S. & Fvese -The Great Eye (Remix)1,presets-extra,80
Rovastar_ Phat_ Eo.S. & Fvese -The Great Eye (Remix)2,presets-extra,80
Rovastar_ Phat_Eo.S. & Fvese -The Great Eye (Remix)3,presets-extra,80
Royal Jelly,presets-extra,80
Rozzer & Idiot - Another Depressing Preset (Remix 2 Color Tweak),presets-extra,80
Rozzer & Idiot - Scrambled Eggs (Colour Remix),presets-extra,80
Rozzer & Krash - Molten Indecision (Hot Fast Tweak),presets-extra,80
Rozzer & Neuro - Starover (Semicolon Mix),presets-extra,80
Rozzer & Unchained - Cosmic Havoc Mod,presets-extra,80
Rozzer & Zylot - Force Field Generator (Slowtime Tweak),presets-extra,80
Rozzer&Idiot-AnotherDepressingP,presets-extra,80
Rozzer&Idiot-ScrambledEggs(Colo,presets-extra,80
Rozzer&Krash-MoltenIndecision(H,presets-extra,80
Rozzer&Neuro-Starover(Semicolon,presets-extra,80
Rozzer&Zylot-ForceFieldGenerato,presets-extra,80
Rozzer&idiot-anothe(remix2colortweak),presets-extra,80
Rozzer&idiot-scrambledeg(colourremix),presets-extra,80
Rozzer&krash-molteninde(hotfasttweak),presets-extra,80
Rozzer&neuro-starover(semicolonmix),presets-extra,80
Rozzer&unchained-cosmichavocmod,presets-extra,80
Rozzer&zylot-forcefiel(slowtimetweak),presets-extra,80
Rozzor  and Unchained - Not So Much Goofy as Wack,presets-extra,80
Rozzor & Aderrasi - Canon,presets-extra,80
Rozzor & Boz - Pink Bikini,presets-extra,80
Rozzor & Che - Inside The House Of Nil,presets-extra,80
Rozzor & Esotic - Blue Brain Scan,presets-extra,80
Rozzor & Esotic - Code Is My Queen! I Would Eat Dirt For Code!,presets-extra,80
Rozzor & Esotic - Color Plotz,presets-extra,80
Rozzor & Esotic - Let Everyone Say Mmmmmmmmmmmmmm,presets-extra,80
Rozzor & Esotic - PPL (NWI) Mandala Chill Color Reactive,presets-extra,80
Rozzor & Esotic - PPL (NWI) Mandala Chill Color Reactive Texture Tweaked,presets-extra,80
Rozzor & Esotic - Pixie Party Light (Party Down Mix),presets-extra,80
Rozzor & Esotic - Pixie Party Light (With Liquid Refreshment Mix),presets-extra,80
Rozzor & Esotic - Rainbow Bright's Brainscan,presets-extra,80
Rozzor & Esotic - Rainbow Portal Subliminally Seething,presets-extra,80
Rozzor & Esotic - Rainbow's Brain Slobber,presets-extra,80
Rozzor & Esotic - Rainbow's Brain Slobber (No Wave Invasion Mix),presets-extra,80
Rozzor & Esotic - River Portal,presets-extra,80
Rozzor & Esotic - Sea Portal,presets-extra,80
Rozzor & Esotic - The Taming Of The Color Plotz,presets-extra,80
Rozzor & Esotic - Windowed Rainbow Prism Portal,presets-extra,80
Rozzor & Esotic - Windowed Rainbow Prism Portal Outscaled,presets-extra,80
Rozzor & Esotic - Windowed Rainbow Prism Portal Outscaled 2,presets-extra,80
Rozzor & Fvese - Emergence,presets-extra,80
Rozzor & Fvese - Rebirth Is Not Redundant,presets-extra,80
Rozzor & Idiot -  Rozsez mmmmmOddnezz,presets-extra,80
Rozzor & Idiot - Any Other Deep Rising,presets-extra,80
Rozzor & Idiot - Full Spectrum,presets-extra,80
Rozzor & Idiot - Slow-Motion Machine (Unbalanced Mix),presets-extra,80
Rozzor & Illusion - Key 21,presets-extra,80
Rozzor & Illusion - Snowflake (Remix),presets-extra,80
Rozzor & Illusion - Twice Alive (Living Mix),presets-extra,80
Rozzor & Krash - Margulis was Right,presets-extra,80
Rozzor & Krash - Photographic Memory (Wave Mod),presets-extra,80
Rozzor & Krash - Rainbow Indeterminate YinYang,presets-extra,80
Rozzor & Krash - RollAway,presets-extra,80
Rozzor & Krash - Spiralmania,presets-extra,80
Rozzor & Krash - Sumpin Purdy,presets-extra,80
Rozzor & Krash - Throwing The Book,presets-extra,80
Rozzor & Krash - Time Enough For Love,presets-extra,80
Rozzor & Krash - Time Enough For Love (Bouquet Mix),presets-extra,80
Rozzor & Krash - Time Enough For Love (Disc Mix),presets-extra,80
Rozzor & Krash - Time Enough For Love (Dueling Mix),presets-extra,80
Rozzor & Krash - Time Enough For Love (Esotic Mix),presets-extra,80
Rozzor & Neuro - Starover (Semicolon Mix),presets-extra,80
Rozzor & Pithlit - Under the Sea,presets-extra,80
Rozzor & Rovastar - Advanced Beat Monitor (Beat Lite Mix),presets-extra,80
Rozzor & Rovastar - Altars Of Madness 3 (Ooze Tweak With Custom Wave Mix),presets-extra,80
Rozzor & Rovastar - Altars Of Madness 3 (Ooze Tweak),presets-extra,80
Rozzor & Rovastar - Altars Of Madness 3 (ooze tweak with custom wave),presets-extra,80
Rozzor & Rovastar - Attacking Freedom (Cultural Ignorance Mix),presets-extra,80
Rozzor & Rovastar - Cosmos and Impatience,presets-extra,80
Rozzor & Rovastar - Dark Ritual (Color Mod),presets-extra,80
Rozzor & Rovastar - Dark Ritual (Microscopic Mix),presets-extra,80
Rozzor & Rovastar - Dynamic Swirls 3 (Mysticial Awakening Mix Tweak),presets-extra,80
Rozzor & Rovastar - Dynamic Swirls 3 (Twisted Truth Mix Modded),presets-extra,80
Rozzor & Rovastar - Harlequin YinYang,presets-extra,80
Rozzor & Rovastar - Jesters Vessel  (Funhouse Mirror Mix),presets-extra,80
Rozzor & Rovastar - Let Everyone Say Ahhhhhhhhh,presets-extra,80
Rozzor & Rovastar - No Slowing the Cosmos,presets-extra,80
Rozzor & Rovastar - Oozing Resistance (Waveform Mod),presets-extra,80
Rozzor & Rovastar - Shame Turns inTo Change,presets-extra,80
Rozzor & Rovastar - Spirit Of Madness (Big Movement Mix),presets-extra,80
Rozzor & Rovastar - Spirit Of Madness (Drifting Ribbon Mix),presets-extra,80
Rozzor & Rovastar - Spirit Of Madness (Hair Of The Dog Mix),presets-extra,80
Rozzor & Rovastar - Spirit Of Madness (Zoomexp Mix),presets-extra,80
Rozzor & Rovastar - Tiamat,presets-extra,80
Rozzor & Rovastar - Trip Them Out and You Will Love Forever,presets-extra,80
Rozzor & Shreyas - Bright Swallowing Dark,presets-extra,80
Rozzor & Shreyas - Craft And Art,presets-extra,80
Rozzor & Shreyas - Deeper Aesthetics,butterchurnPresetsExtra2,
Rozzor & Shreyas - Distortorama,presets-extra,80
Rozzor & Shreyas - Festival Of Science,presets-extra,80
Rozzor & Shreyas - Happy Hubris,presets-extra,80
Rozzor & Shreyas - Visible From The Ferris Wheel,presets-extra,80
Rozzor & StudioMusic  - Sistine Silence,presets-extra,80
Rozzor & StudioMusic - Vertigyny,presets-extra,80
Rozzor & StudioMusic - Vertigyny (Geiss Shape Mod),presets-extra,80
Rozzor & Telek - Naming Is Half The Fun,presets-extra,80
"Rozzor & Unchained - Crescat Scientia, Vita Excolatur",presets-extra,81
"Rozzor & Unchained - Daemon Knowledge, Eh",presets-extra,81
"Rozzor & Unchained - Daemon Knowledge, Eh (Ghostlight Mix)",presets-extra,81
"Rozzor & Unchained - Daemon Knowledge, Eh (Starfield Mix)",presets-extra,81
Rozzor & Unchained - Not So Much Goofy As Wack,presets-extra,81
Rozzor & Unchained - Painful Plasma (Multi-Wave Mirrored Rage (Triangle Tweak)),presets-extra,81
Rozzor & Unchained - Safe From Harm 2,presets-extra,81
Rozzor & Unchained - Safe From Harm 3,presets-extra,81
Rozzor & Unchained - Scientia Potestas Est,presets-extra,81
Rozzor & Unchained - Scientifically Shapely,presets-extra,81
Rozzor & Unchained - YinYang Fu Hsi style,presets-extra,81
Rozzor & Unit57 - Dancing Backwards,presets-extra,81
Rozzor & Zylot - Associative Order,presets-extra,81
Rozzor & Zylot - Blast From The Past,presets-extra,81
Rozzor & Zylot - Meeting Place (Remix),presets-extra,81
Rozzor & Zylot - Rainbow River,presets-extra,81
Rozzor & Zylot - Shuffle,presets-extra,81
Rozzor & idiot - Area 03 (Falling Sun Mix),presets-extra,81
Rozzor + Idiot - Any Other Deep Rising,presets-extra,81
Rozzor - Color Breaks its Boycott,presets-extra,81
Rozzor - Color Breaks its Boycott (shape mod),presets-extra,81
Rozzor - Dark Swallowing Bright,presets-extra,81
Rozzor - Give Foo A Chance,presets-extra,81
Rozzor - Give Foo A Chance (Reactive Mix),presets-extra,81
Rozzor - Grieving On The Brink Of War,presets-extra,81
Rozzor - Hello World,presets-extra,81
Rozzor - Icebreaker,presets-extra,81
Rozzor - Learning Curve,presets-extra,81
Rozzor - Learning Curve (Invert Tweak),presets-extra,81
Rozzor - Love Made Visible,presets-extra,81
Rozzor - Love Made Visible (Calm & Ennui Mix),presets-extra,81
Rozzor - Love Made Visible (Calm and Ennui mix),presets-extra,81
Rozzor - Milkdrop Is A Superscope Only Better,presets-extra,81
Rozzor - Naked Peace,presets-extra,81
Rozzor - Naked Peace (Inverted Mix),presets-extra,81
Rozzor - Platonic Sweet Spot,presets-extra,81
Rozzor - Sucking Vortex of Need,presets-extra,81
Rozzor - Toothsome Tweaksome,presets-extra,81
Rozzor - Trip Hopping Until I Feel Like a Stream,presets-extra,81
Rozzor - YinYang,presets-extra,81
Rozzor - YinYang (Beat Mix),presets-extra,81
Rozzor - YinYang (Lite Mix),presets-extra,81
Rozzor - YinYang lite,presets-extra,81
Rozzor - YinYang with  beat detection,presets-extra,81
Rozzor and  idiot - Area 03 (Falling Sun),presets-extra,81
Rozzor and  idiot - Slow-Motion Machine (unbalanced mix),presets-extra,81
Rozzor and Aderrasi - Canon,presets-extra,81
Rozzor and Boz - Pink Bikini,presets-extra,81
Rozzor and Esotic - Shared Joy,presets-extra,81
Rozzor and Fvese - Rebirth is not Redundant,presets-extra,81
Rozzor and Idiot - Any Other Deep Rising,presets-extra,81
Rozzor and Illusion - Key 21,presets-extra,81
Rozzor and Illusion - twice alive,presets-extra,81
Rozzor and Krash - Margulis was Right,presets-extra,81
Rozzor and Krash - Rainbow Indeterminate YinYang,presets-extra,81
Rozzor and Krash - RollAway,presets-extra,81
Rozzor and Krash - Spiralmania,presets-extra,81
Rozzor and Krash - Sumpin Purdy,presets-extra,81
Rozzor and Krash - Time Enough for Love,presets-extra,81
Rozzor and Krash - Time Enough for Love (Esotic mix),presets-extra,81
Rozzor and Krash - Time Enough for Love (bouquet mix),presets-extra,81
Rozzor and Krash - Time Enough for Love (disc mix),presets-extra,81
Rozzor and Krash - Time Enough for Love (dueling mix),presets-extra,81
Rozzor and Krash -- Spiralmania,presets-extra,81
Rozzor and Pithlit - TiltaWhirl (with Shreyas waves),presets-extra,81
Rozzor and Rovastar - Altars Of Madness 3 (ooze tweak with custom wave),presets-extra,81
Rozzor and Rovastar - Altars Of Madness 3 (ooze tweak),presets-extra,81
Rozzor and Rovastar - Attacking Freedom (Cultural Ignorance Mix),presets-extra,81
Rozzor and Rovastar - Dark Ritual (Microscopic mix),presets-extra,81
Rozzor and Rovastar - Dark Ritual (color mod),presets-extra,81
Rozzor and Rovastar - Harlequin YinYang,presets-extra,81
Rozzor and Rovastar - Jesters Vessel  (Funhouse Mirror Mix),presets-extra,81
Rozzor and Rovastar - Let Everyone Say ahhhhhhhhh,presets-extra,81
Rozzor and Rovastar - Oozing Resistance (waveform mod),presets-extra,81
Rozzor and Rovastar - Spirit Of Madness (bigmovement mix),presets-extra,81
Rozzor and Rovastar - Spirit Of Madness (drifting ribbon mix),presets-extra,81
Rozzor and Rovastar - Spirit Of Madness (hair of the dog mix),presets-extra,81
Rozzor and Rovastar - Spirit Of Madness (zoomexp mix),presets-extra,81
Rozzor and Rovastar - Tiamat,presets-extra,81
Rozzor and Rovastar - Trip Them Out and You Will Love Forever,presets-extra,81
Rozzor and Shreyas - Craft and Art,presets-extra,81
Rozzor and Shreyas - Happy Hubris,presets-extra,81
Rozzor and StudioMusic  - Sistine Silence,presets-extra,81
Rozzor and StudioMusic - Vertigyny,presets-extra,81
Rozzor and StudioMusic - Vertigyny (Geiss shape mod),presets-extra,81
Rozzor and Telek - Naming is Half the Fun,presets-extra,81
"Rozzor and Unchained - Crescat Scientia, Vita Excolatur",presets-extra,81
"Rozzor and Unchained - Daemon Knowledge,  Eh (Ghostlight Mix)",presets-extra,81
"Rozzor and Unchained - Daemon Knowledge, Eh",presets-extra,81
"Rozzor and Unchained - Daemon Knowledge, Eh (starfield mix)",presets-extra,81
Rozzor and Unchained - In the Begoofed Age,presets-extra,81
Rozzor and Unchained - Peg's Memory Lingers (Tripmaker mod),presets-extra,81
Rozzor and Unchained - Scientia Potestas Est,presets-extra,81
Rozzor and Unchained - Scientifically Shapely,presets-extra,81
Rozzor and Unchained - YinYang Fu Hsi style,presets-extra,81
Rozzor and Unit57 - Dancing Backwards,presets-extra,81
Rozzor and Zylot - Associative Order,presets-extra,81
Rozzor and Zylot - Associative Order 20030326232843 - AutoSave .EMPR,presets-extra,81
Rozzor and Zylot - Blast from the Past,presets-extra,81
Rozzor and Zylot - Rainbow River,presets-extra,81
Rozzor and Zylot - Shuffle,presets-extra,81
Rozzor and che - Inside the House of nil,presets-extra,81
Rozzor and idiot - Full Spectrum,presets-extra,81
Rozzor ver 1 in Rovastar's and Evil Jim's Advanced Beat Monitor,presets-extra,81
Rozzor ver 1.1 in Rovastar's and Evil Jim's Advanced Beat Monitor,presets-extra,81
Rozzor ver 1.22 (beat lite) in Rovastar's and Evil Jim's Advanced Beat Monitor,presets-extra,81
Rozzor vs Esotic - Blue Brain Scan,presets-extra,81
Rozzor vs Esotic - Hippie Hypnotizer,presets-extra,81
Rozzor vs Esotic - Let Everyone Say mmmmmmmmmmmmmm,presets-extra,81
Rozzor vs Esotic - Museum,presets-extra,81
Rozzor vs Esotic - Now And Later,presets-extra,81
Rozzor vs Esotic - PPL (NWI) Mandala Chill Color Reactive,presets-extra,81
Rozzor vs Esotic - PPL (NWI) Mandala Chill Color Reactive Texture Tweaked,presets-extra,81
Rozzor vs Esotic - Pixie Party Light (Party Down),presets-extra,81
Rozzor vs Esotic - Pixie Party Light (With Liquid Refreshment),presets-extra,81
Rozzor vs Esotic - Pixie Party Light (With Liquid Refreshment) Bonus Round,presets-extra,81
Rozzor vs Esotic - Rainbow Bright's Brainscan,presets-extra,81
Rozzor vs Esotic - Rainbow Portal Subliminally Seething,presets-extra,81
Rozzor vs Esotic - Rainbow Prism Portal,presets-extra,81
Rozzor vs Esotic - Rainbow Prism Portal 2 Legit,presets-extra,81
Rozzor vs Esotic - Rainbow Prism Portal 2 Legit 2 Quit,presets-extra,81
Rozzor vs Esotic - Rainbow Starving Brain Sucker,presets-extra,81
Rozzor vs Esotic - Rainbow's Brain Slobber (No Wave Invasion),presets-extra,81
Rozzor vs Esotic - Revolverlution,presets-extra,81
Rozzor vs Esotic - River Portal,presets-extra,81
Rozzor vs Esotic - Sea Portal,presets-extra,81
Rozzor vs Esotic - The Dark Side Of My Moon,presets-extra,82
Rozzor vs Esotic - Windowed Rainbow Prism Portal,presets-extra,82
Rozzor vs Esotic - Windowed Rainbow Prism Portal Outscaled,presets-extra,82
Rozzor vs Esotic - Windowed Rainbow Prism Portal Outscaled 2,presets-extra,82
Rozzor vs Unchained - Tripmaker (Color Plotz),presets-extra,82
Rozzor&Che-InsideTheHouseOfNi,presets-extra,82
Rozzor&Esotic-CodeIsMyQueen!I,presets-extra,82
Rozzor&Esotic-LetEveryoneSayMm,presets-extra,82
Rozzor&Esotic-PPL(NWI)Mandala,presets-extra,82
Rozzor&Esotic-PPL(NWI)MandalaC,presets-extra,82
Rozzor&Esotic-PixiePartyLight,presets-extra,82
Rozzor&Esotic-PixiePartyLight(,presets-extra,82
Rozzor&Esotic-Rainbow'sBrainSl,presets-extra,82
Rozzor&Esotic-Rainbow'sBrainSlo,presets-extra,82
Rozzor&Esotic-RainbowBright'sBr,presets-extra,82
Rozzor&Esotic-RainbowPortalSubl,presets-extra,82
Rozzor&Esotic-TheTamingOfTheC,presets-extra,82
Rozzor&Esotic-WindowedRainbow,presets-extra,82
Rozzor&Esotic-WindowedRainbowP,presets-extra,82
Rozzor&Esotic-WindowedRainbowPr,presets-extra,82
Rozzor&Fvese-RebirthIsNotRedun,presets-extra,82
Rozzor&Idiot-Slow-MotionMachine,presets-extra,82
Rozzor&Illusion-TwiceAlive(Livi,presets-extra,82
Rozzor&Krash-PhotographicMemory,presets-extra,82
Rozzor&Krash-RainbowIndeterminat,presets-extra,82
Rozzor&Krash-TimeEnoughFor,presets-extra,82
Rozzor&Krash-TimeEnoughForL,presets-extra,82
Rozzor&Krash-TimeEnoughForLo,presets-extra,82
Rozzor&Krash-TimeEnoughForLov,presets-extra,82
Rozzor&Rovastar-AdvancedBeatMon,presets-extra,82
Rozzor&Rovastar-AltarsOfMadnes,presets-extra,82
Rozzor&Rovastar-AltarsOfMadness,presets-extra,82
Rozzor&Rovastar-AttackingFreedom,presets-extra,82
Rozzor&Rovastar-CosmosandImpati,presets-extra,82
Rozzor&Rovastar-DarkRitual(Colo,presets-extra,82
Rozzor&Rovastar-DarkRitual(Micr,presets-extra,82
Rozzor&Rovastar-DynamicSwirl00,presets-extra,82
Rozzor&Rovastar-DynamicSwirls3,presets-extra,82
Rozzor&Rovastar-JestersVessel(,presets-extra,82
Rozzor&Rovastar-LetEveryoneSay,presets-extra,82
Rozzor&Rovastar-NoSlowingtheCo,presets-extra,82
Rozzor&Rovastar-OozingResistance,presets-extra,82
Rozzor&Rovastar-ShameTurnsinTo,presets-extra,82
Rozzor&Rovastar-SpiritOfMadn,presets-extra,82
Rozzor&Rovastar-SpiritOfMadne,presets-extra,82
Rozzor&Rovastar-SpiritOfMadnes,presets-extra,82
Rozzor&Rovastar-SpiritOfMadness,presets-extra,82
Rozzor&Rovastar-TripThemOutand,presets-extra,82
Rozzor&Shreyas-BrightSwallowing,presets-extra,82
Rozzor&Shreyas-FestivalOfScienc,presets-extra,82
Rozzor&Shreyas-VisibleFromTheF,presets-extra,82
Rozzor&StudioMusic-SistineSilen,presets-extra,82
Rozzor&Telek-NamingIsHalfTheF,presets-extra,82
Rozzor&Unchained-CrescatScientia,presets-extra,82
Rozzor&Unchained-DaemonKnowled,presets-extra,82
Rozzor&Unchained-DaemonKnowledg,presets-extra,82
Rozzor&Unchained-DaemonKnowledge,presets-extra,82
Rozzor&Unchained-NotSoMuchGoof,presets-extra,82
Rozzor&Unchained-PainfulPlasma(,presets-extra,82
Rozzor&Unchained-ScientiaPotesta,presets-extra,82
Rozzor&Unchained-ScientificallyS,presets-extra,82
Rozzor&Unchained-YinYangFuHsis,presets-extra,82
Rozzor&Zylot-MeetingPlace(Remix,presets-extra,82
Rozzor&aderrasi-canon,presets-extra,82
Rozzor&boz-pinkbikini,presets-extra,82
Rozzor&che-insidethehouseofnil,presets-extra,82
Rozzor&esotic-bluebrainscan,presets-extra,82
Rozzor&esotic-codeismyqueeniwouldeatd,presets-extra,82
Rozzor&esotic-colorplotz,presets-extra,82
Rozzor&esotic-leteveryonesaymmmmmmmmm,presets-extra,82
Rozzor&esotic-pixiepart(partydownmix),presets-extra,82
Rozzor&esotic-pixiepartylight(withliq,presets-extra,82
Rozzor&esotic-ppl(nwi)mandalachillco,presets-extra,82
Rozzor&esotic-ppl(nwi)mandalachillcol,presets-extra,82
Rozzor&esotic-rain(nowaveinvasionmix),presets-extra,82
Rozzor&esotic-rainbowbrightsbrainscan,presets-extra,82
Rozzor&esotic-rainbowportalsubliminal,presets-extra,82
Rozzor&esotic-rainbowsbrainslobber,presets-extra,82
Rozzor&esotic-riverportal,presets-extra,82
Rozzor&esotic-seaportal,presets-extra,82
Rozzor&esotic-thetamingofthecolorplot,presets-extra,82
Rozzor&esotic-windowedrainbowprismpo,presets-extra,82
Rozzor&esotic-windowedrainbowprismpo2,presets-extra,82
Rozzor&esotic-windowedrainbowprismpor,presets-extra,82
Rozzor&fvese-emergence,presets-extra,82
Rozzor&fvese-rebirthisnotredundant,presets-extra,82
Rozzor&idiot-Area03(FallingSun,presets-extra,82
Rozzor&idiot-anyotherdeeprising,presets-extra,82
Rozzor&idiot-area03(fallingsunmix),presets-extra,82
Rozzor&idiot-fullspectrum,presets-extra,82
Rozzor&idiot-rozsezmmmmmoddnezz,presets-extra,82
Rozzor&idiot-slow-moti(unbalancedmix),presets-extra,82
Rozzor&illusion-key21,presets-extra,82
Rozzor&illusion-snowflake(remix),presets-extra,82
Rozzor&illusion-twicealive(livingmix),presets-extra,82
Rozzor&krash-marguliswasright,presets-extra,82
Rozzor&krash-photographicmem(wavemod),presets-extra,82
Rozzor&krash-rainbowindeterminateyiny,presets-extra,82
Rozzor&krash-rollaway,presets-extra,82
Rozzor&krash-spiralmania,presets-extra,82
Rozzor&krash-sumpinpurdy,presets-extra,82
Rozzor&krash-throwingthebook,presets-extra,82
Rozzor&krash-timeenoughfo(bouquetmix),presets-extra,82
Rozzor&krash-timeenoughfo(duelingmix),presets-extra,82
Rozzor&krash-timeenoughfor(esoticmix),presets-extra,82
Rozzor&krash-timeenoughforlo(discmix),presets-extra,82
Rozzor&krash-timeenoughforlove,presets-extra,82
Rozzor&rovastar-advanced(beatlitemix),presets-extra,82
Rozzor&rovastar-altarsofm3(oozetweak),presets-extra,82
Rozzor&rovastar-altarsofmadness3(ooze,presets-extra,82
Rozzor&rovastar-attackingfreedom(cult,presets-extra,82
Rozzor&rovastar-cosmosandimpatience,presets-extra,82
Rozzor&rovastar-darkr(microscopicmix),presets-extra,82
Rozzor&rovastar-darkritual(colormod),presets-extra,82
Rozzor&rovastar-dynamicswirls3(mystic,presets-extra,82
Rozzor&rovastar-dynamicswirls3(twiste,presets-extra,82
Rozzor&rovastar-harlequinyinyang,presets-extra,82
Rozzor&rovastar-je(funhousemirrormix),presets-extra,82
Rozzor&rovastar-leteveryonesayahhhhhh,presets-extra,82
Rozzor&rovastar-noslowingthecosmos,presets-extra,82
Rozzor&rovastar-oozingre(waveformmod),presets-extra,82
Rozzor&rovastar-shameturnsintochange,presets-extra,82
Rozzor&rovastar-sp(driftingribbonmix),presets-extra,82
Rozzor&rovastar-spir(hairofthedogmix),presets-extra,82
Rozzor&rovastar-spiri(bigmovementmix),presets-extra,82
Rozzor&rovastar-spiritofm(zoomexpmix),presets-extra,82
Rozzor&rovastar-tiamat,presets-extra,82
Rozzor&rovastar-tripthemoutandyouwill,presets-extra,82
Rozzor&shreyas-brightswallowingdark,presets-extra,83
Rozzor&shreyas-craftandart,presets-extra,83
Rozzor&shreyas-deeperaesthetics,presets-extra,83
Rozzor&shreyas-distortorama,presets-extra,83
Rozzor&shreyas-festivalofscience,presets-extra,83
Rozzor&shreyas-happyhubris,presets-extra,83
Rozzor&shreyas-visiblefromtheferriswh,presets-extra,83
Rozzor&studiomusic-sistinesilence,presets-extra,83
Rozzor&studiomusic-ver(geissshapemod),presets-extra,83
Rozzor&studiomusic-vertigyny,presets-extra,83
Rozzor&telek-namingishalfthefun,presets-extra,83
Rozzor&unchained-crescatscientiavitae,presets-extra,83
Rozzor&unchained-daemo(ghostlightmix),presets-extra,83
Rozzor&unchained-daemon(starfieldmix),presets-extra,83
Rozzor&unchained-daemonknowledgeeh,presets-extra,83
Rozzor&unchained-painf(triangletweak),presets-extra,83
Rozzor&unchained-scientiapotestasest,presets-extra,83
Rozzor&unchained-scientificallyshapel,presets-extra,83
Rozzor&unchained-yinyangfuhsistyle,presets-extra,83
Rozzor&unit57-dancingbackwards,presets-extra,83
Rozzor&zylot-associativeorder,presets-extra,83
Rozzor&zylot-blastfromthepast,presets-extra,83
Rozzor&zylot-meetingplace(remix),presets-extra,83
Rozzor&zylot-rainbowriver,presets-extra,83
Rozzor&zylot-shuffle,presets-extra,83
Rozzor- Hello World,presets-extra,83
Rozzor-GiveFooAChance(Reactive,presets-extra,83
Rozzor-LoveMadeVisible(Calm&En,presets-extra,83
Rozzor-MilkdropIsASuperscopeOnl,presets-extra,83
Rozzor-TripHoppingUntilIFeelLi,presets-extra,83
Rozzor-colorbreaksitsboycot(shapemod),presets-extra,83
Rozzor-colorbreaksitsboycott,presets-extra,83
Rozzor-darkswallowingbright,presets-extra,83
Rozzor-givefooachance,presets-extra,83
Rozzor-givefooachance(reactivemix),presets-extra,83
Rozzor-grievingonthebrinkofwar,presets-extra,83
Rozzor-helloworld,presets-extra,83
Rozzor-icebreaker,presets-extra,83
Rozzor-learningcurve,presets-extra,83
Rozzor-learningcurve(inverttweak),presets-extra,83
Rozzor-lovemadevisible,presets-extra,83
Rozzor-lovemadevisible(calm&ennuimix),presets-extra,83
Rozzor-milkdropisasuperscopeonlybette,presets-extra,83
Rozzor-nakedpeace,presets-extra,83
Rozzor-nakedpeace(invertedmix),presets-extra,83
Rozzor-platonicsweetspot,presets-extra,83
Rozzor-suckingvortexofneed,presets-extra,83
Rozzor-toothsometweaksome,presets-extra,83
Rozzor-triphoppinguntilifeellikeastre,presets-extra,83
Rozzor-yinyang,presets-extra,83
Rozzor-yinyang(beatmix),presets-extra,83
Rozzor-yinyang(litemix),presets-extra,83
RozzorandUnchained-IntheBegoofe,presets-extra,83
Rozzorandunchained-inthebegoofedage,presets-extra,83
Rustic Pond,presets-extra,83
Ryjhan - Attempt 1,presets-extra,83
Ryjhan - Attempt 2,presets-extra,83
Ryjhan - First Attempt,presets-extra,83
Ryjhan - First Attempt v2,presets-extra,83
Ryjhan-attempt1,presets-extra,83
Ryjhan-attempt2,presets-extra,83
S4LTine & Geiss - Samsara (Jiggling path of the Boddhisattva),presets-extra,83
S4LTine & Geiss - Samsara (NOT ANYMORE YOU DON'T),presets-extra,83
S4LTine - Firstproject,presets-extra,83
S4LTine - Firstproject(became a mess),presets-extra,83
S4LTine - Samsara,presets-extra,83
STP Gebnar - Circular Reasoning,presets-extra,83
STP Gebnar - Living Fractal 1,presets-extra,83
STP Gebnar - Triangular Glory,presets-extra,83
Safety Net,presets-extra,83
Scanner (@ztec)2,presets-extra,83
Scanner (@ztec)2_phat_edit,presets-extra,83
Scanner (Hyperswirl Mix),presets-extra,83
Scanner (Scanning Warp Remix),presets-extra,83
Schisathing Coalescence,presets-extra,83
Second Time on Valium,presets-extra,83
Self-Eating Wormhole,presets-extra,83
Sex Pulse Virus,presets-extra,83
ShadowHarlequin - Crystal Liquid - [Eo.S. + Phat - the lights at night_spikes],presets-extra,83
ShadowHarlequin - Dancing Petals - [Eo.S. + Phat - chasers 11 sentinel C],presets-extra,83
ShadowHarlequin - Fitting Butterfly - v1 - [Loadus & Geiss - FractalDrop 22],presets-extra,83
ShadowHarlequin - Fitting Butterfly - v2 - [Loadus & Geiss - FractalDrop 22],presets-extra,83
ShadowHarlequin - Fitting Butterfly - v2 - [Loadus & Geiss - FractalDrop 22] - REMIXED NEW22v2v2v2v2 - new,presets-extra,83
ShadowHarlequin - Fitting Butterfly - v3 - [Loadus & Geiss - FractalDrop 22],presets-extra,83
ShadowHarlequin - Fitting Butterfly - v4 - [Loadus & Geiss - FractalDrop 22],presets-extra,83
ShadowHarlequin - Fitting Butterfly - v4 - [Loadus & Geiss - FractalDrop 22] v2v2v2v2newcolorsv2,presets-extra,83
ShadowHarlequin - Fitting Butterfly - v4 - [Loadus & Geiss - FractalDrop 22] v2v2v2v2newcolorsv2v2-22v2-NEWv222,presets-extra,83
ShadowHarlequin - Fitting Butterfly - v4 - [Loadus & Geiss - FractalDrop 22] v2v2v2v2newcolorsv2v2-22v2-NEWv222v2,presets-extra,83
ShadowHarlequin - Fitting Butterfly - v5 - [Loadus & Geiss - FractalDrop 22],presets-extra,83
ShadowHarlequin - Fitting Butterfly - v6 - [Loadus & Geiss - FractalDrop 22],presets-extra,83
ShadowHarlequin - Fitting Butterfly - v7 - [Loadus & Geiss - FractalDrop 22],presets-extra,83
ShadowHarlequin - Fitting Butterfly - v7 - [Loadus & Geiss - FractalDrop 22] neon starscape,presets-extra,83
ShadowHarlequin - Fitting Butterfly - v7 - [Loadus & Geiss - FractalDrop 22] neon starscapev2,presets-extra,83
ShadowHarlequin - SH0TS - v1 - [Geiss - Reducto Absurdum 2],presets-extra,83
ShadowHarlequin - SH0TS v2 - [Geiss - Reducto Absurdum 2],presets-extra,83
ShadowHarlequin - Sketching Ghosts - v1 - [fiShbRaiN - witchcraft (necromancer remix)_phat_edit_v3],presets-extra,83
ShadowHarlequin - Sketching Ghosts - v2 - [fiShbRaiN - witchcraft (necromancer remix)_phat_edit_v3],presets-extra,83
ShadowHarlequin - mashup - Entering Nebula,presets-extra,83
ShadowHarlequin - mashup - Entering Nebula (warp mix),presets-extra,83
ShadowHarlequin - mashup - Satin Sunburst,presets-extra,83
Shadows Portal,presets-extra,83
Shamed Into Silence,presets-extra,83
Shifter & Eo.S+Phat - Fractical dancer (Bubble Mix),presets-extra,83
Shifter & Eo.S+Phat - Fractical dancer (Decipher Protocol),presets-extra,83
Shifter & Eo.S+Phat - Fractical dancer (Decipher Protocol_v2),presets-extra,83
Shifter & Eo.S+Phat - Fractical dancer (Inward Plane),presets-extra,83
Shifter & Eo.S+Phat - Fractical dancer (MV_mix),presets-extra,83
Shifter & Eo.S+Phat - Fractical dancer (Orent 2 Plane),presets-extra,83
Shifter & Eo.S+Phat - Fractical dancer (Slide Plane),presets-extra,83
Shifter & Eo.S+Phat - Fractical dancer (Spaz Mix),presets-extra,83
Shifter & Eo.S+Phat - Fractical dancer (inside the neural net),presets-extra,83
Shifter & Eo.S+Phat - Fractical dancer (inside the neural net_axon_mix),presets-extra,83
Shifter & Eo.S+Phat - Fractical dancer (shattered mind),presets-extra,83
Shifter & Eo.S+Phat Blob,presets-extra,83
Shifter & Eo.S+Phat Blob_v2,presets-extra,83
Shifter - Butterfly Box (Cataract Mix),presets-extra,83
Shifter - Tartan (Eyepop Mix),presets-extra,83
Shifter-ButterflyBox(CataractMix,presets-extra,83
Shifter-butterflybox(cataractmix),presets-extra,83
Shifter-cellular,presets-extra,83
Shifter-cellularphatspinnymix,presets-extra,83
Shifter-cellularphatspinnyslidemix,presets-extra,83
Shifter-cellularphatspinnyslidemixv2,presets-extra,83
Shifter-cellularphatspinnyslidemixv2t,presets-extra,83
Shifter-cellularphatspinnyswimmermiv2,presets-extra,83
Shifter-cellularphatyakinfusion,presets-extra,83
Shifter-cellularphatyakinfusion(shif,presets-extra,83
Shifter-cellularphatyakinfusion(shift,presets-extra,84
Shifter-cellularphatyakinfusionv2,presets-extra,84
Shifter-feathers(angelwings),presets-extra,84
Shifter-fuzzball,presets-extra,84
Shifter-jellybox,presets-extra,84
Shifter-liquidity,presets-extra,84
Shifter-neonpulse,presets-extra,84
Shifter-neonpulse(reactive),presets-extra,84
Shifter-oddball,presets-extra,84
Shifter-openthelight,presets-extra,84
Shifter-robotopia,presets-extra,84
Shifter-snakeskin,presets-extra,84
Shifter-snakeskin(edged),presets-extra,84
Shifter-snakeskin(pulsemini),presets-extra,84
Shifter-swarm,presets-extra,84
Shifter-tadpoleevolution,presets-extra,84
Shifter-tadpoleevolution(staticmix),presets-extra,84
Shifter-tartan(eyepopmix),presets-extra,84
Shifter-tumblingcubes,presets-extra,84
Shifter-tumblingcubes(redijediswetbox,presets-extra,84
Shifter-yak(yetanotherkaleidoscope)00,presets-extra,84
Shifter-yak(yetanotherkaleidoscope)01,presets-extra,84
Shifter-yak(yetanotherkaleidoscope)02,presets-extra,84
Shifter_Phat_Eo.S._Krash_Screen_Soul_BETA4,presets-extra,84
"Shine Bright, Oh Faithful Star",presets-extra,84
Shreyas & Geiss - Distortorama (Rozzor mashup),presets-extra,84
Shreyas & Unchained - Deeper Aesthetics (Rozzor mashup),presets-extra,84
Shreyas & Unchained - Festival of Science (Rozzor mashup),presets-extra,84
Shreyas - 3d Scc Base,presets-extra,84
Shreyas - Carnival,presets-extra,84
Shreyas-carnival,presets-extra,84
Signal Gone Mad,presets-extra,84
Sinistar,presets-extra,84
Siren's Whirlpool,presets-extra,84
Sjadoh - Fortune Teller,presets-extra,84
Sjadoh-fortuneteller,presets-extra,84
Snowflake,presets-extra,84
Snowflake Halo,presets-extra,84
Solar Flare (NOT BLUE),presets-extra,84
Solar Orgasm,presets-extra,84
Somaesthesia,presets-extra,84
Soul Cage,presets-extra,84
Sound Blast,presets-extra,84
Sound Vault,presets-extra,84
Soup,presets-extra,84
Southern Lights 2,presets-extra,84
Space Dwelling Lifeforms 2,presets-extra,84
Spawning Blindness JD,presets-extra,84
Spindizzy,presets-extra,84
Spirits Of The Night Sky,presets-extra,84
Spookytay - Flames,presets-extra,84
Spookytay-flames,presets-extra,84
Spudink,presets-extra,84
Stahlregen & Aderrasi + XXL + Zylot - Swallow! (Raw),presets-extra,84
Stahlregen & Aderrasi + XXL + Zylot - Swallow! (Raw)_1,presets-extra,84
Stahlregen & Aderrasi + XXL + Zylot - Swallow! (Raw)_2,presets-extra,84
Stahlregen & Boz + Eo.S + Geiss + Phat + Rovastar + Zylot - Machine Code [Jelly],butterchurnPresetsExtra,
Stahlregen & Boz + Eo.S + Phat + Rovastar + Zylot - Machine Code (01010010 01000001 01010111),presets-extra,84
Stahlregen & Boz + Eo.S + Phat + Rovastar + Zylot - Machine Code (01010010 01000001 01010111)_1,presets-extra,84
Stahlregen & Boz + Eo.S + Phat + Rovastar + Zylot - Machine Code (01010010 01000001 01010111)_2,presets-extra,84
Stahlregen & Eo.S + Geiss + Phat + yin - Gaping Hole (Random Texture + Zoom)_3,presets-extra,84
Stahlregen & Eo.S + Geiss + Phat + yin - Gaping Hole (Random Texture + Zoom)_4,presets-extra,84
Stahlregen & Eo.S + Phat + Rovastar + Unchained - Checker Dimensions,presets-extra,84
Stahlregen & Eo.S + Phat + Rovastar + Unchained - Checker Dimensions (Inverted),presets-extra,84
Stahlregen & Eo.S + Phat + Rovastar + Unchained - Checker Dimensions (Inverted)_1,presets-extra,84
Stahlregen & Eo.S + Phat + Rovastar + Unchained - Checker Dimensions (Inverted)_2,presets-extra,84
Stahlregen & Eo.S + Phat + Rovastar + Unchained - Checker Dimensions (Inverted)_3,presets-extra,84
Stahlregen & Eo.S + Phat + Rovastar + Unchained - Checker Dimensions (Inverted)_4,presets-extra,84
Stahlregen & Eo.S + Phat + Rovastar + Unchained - Checker Dimensions_1,presets-extra,84
Stahlregen & Eo.S + Phat + Rovastar + Unchained - Checker Dimensions_2,presets-extra,84
Stahlregen & Eo.S + Phat + Rovastar + Unchained - Checker Dimensions_3,presets-extra,84
Stahlregen & Eo.S + Phat + Rovastar + Unchained - Checker Dimensions_4,presets-extra,84
Stahlregen & fiShbRaiN + Geiss + Phat - Deja Vu,presets-extra,84
Stahlregen & flexi + Geiss + Rovastar + Shifter - Fractal Feedback (for Hexcollie),butterchurnPresetsExtra2,
Stahlregen + Unchained - Dot Kung Fu,presets-extra,84
Stahlregen + Unchained - Dot Kung Fu (Psychedelic Flower V2 - Corrupt),presets-extra,84
Stahlregen + Unchained - Psychedelic Flower Kung Fu (Corrupt),presets-extra,84
Stahlregen + martin + others - Psychedelic Metal Flower,butterchurnPresetsExtra,
Stahlregen - Bass Pulsing,presets-extra,84
Stahlregen - Bass Pulsing (Geometry Mix B),presets-extra,84
Stahlregen - Bass Pulsing (Geometry Mix),presets-extra,84
Stahlregen - Bass Pulsing x Solar Flare,presets-extra,84
Stahlregen - Bass Spectre,presets-extra,84
Stahlregen - Do the Wave,presets-extra,84
Stahlregen - Do the Wave (V2),presets-extra,84
Stahlregen - Dots (Pixels - Blocky),presets-extra,84
Stahlregen - Dots (Pixels - Blocky) (Jelly V2),butterchurnPresetsExtra2,
Stahlregen - Dots (Pixels - more blur),presets-extra,84
Stahlregen - Dots (Pixels - no Blur),presets-extra,84
Stahlregen - Dots (Pixels - reactive blur),presets-extra,84
Stahlregen - Dots (Pixels),presets-extra,84
Stahlregen - Dots (Psychedelic Flower V2 - Corrupt),presets-extra,84
Stahlregen - Dots (Psychedelic Flower V2 - Corrupt) x Anomaly,presets-extra,84
Stahlregen - Eckshack's Eyeball,presets-extra,84
Stahlregen - Eckshack's Eyeball (Geometry Mix B),presets-extra,84
Stahlregen - Eckshack's Eyeball (Geometry Mix B2),presets-extra,84
Stahlregen - Eckshack's Eyeball (Geometry Mix B2a),presets-extra,84
Stahlregen - Eckshack's Eyeball (Geometry Mix B3),presets-extra,84
Stahlregen - Eckshack's Eyeball (Geometry Mix C),presets-extra,84
Stahlregen - Eckshack's Eyeball (Geometry Mix),presets-extra,84
Stahlregen - Eckshack's Eyeball (floater mix),presets-extra,84
Stahlregen - Eckshack's Eyeball (popped eyeball mix),presets-extra,84
"Stahlregen - Old school, baby! (Beat Ornament - no rot)",presets-extra,84
"Stahlregen - Old school, baby! (Beat Ornament - no rot)_1",presets-extra,84
"Stahlregen - Old school, baby! (Beat Ornament)",presets-extra,84
"Stahlregen - Old school, baby! (Beat Ornament)_1",presets-extra,84
"Stahlregen - Old school, baby! (Beat Spiral - Fog)",presets-extra,84
"Stahlregen - Old school, baby! (Beat Spiral - Fog)_1",presets-extra,84
"Stahlregen - Old school, baby! (Beat Spiral)_1",presets-extra,84
"Stahlregen - Old school, baby! (Beat Spiral)_2",presets-extra,84
"Stahlregen - Old school, baby! (Ornament)",presets-extra,84
"Stahlregen - Old school, baby! (Ornament)_1",presets-extra,84
"Stahlregen - Old school, baby! (Spiral Ornament)_1",presets-extra,84
"Stahlregen - Old school, baby! (Spiral Ornament)_2",presets-extra,84
"Stahlregen - Old school, baby! (Spiral)",presets-extra,84
"Stahlregen - Old school, baby! (Spiral)_1",presets-extra,84
"Stahlregen - Old school, baby! (tweaked)_1",presets-extra,84
"Stahlregen - Old school, baby! (tweaked)_2",presets-extra,84
Stahlregen - Pulse,presets-extra,84
Stahlregen - Random Experiments 1a (RMX),presets-extra,84
Stahlregen - Random Experiments 1a-fix,presets-extra,84
Stahlregen - Random Experiments 1b2,presets-extra,84
Stahlregen - Random Morph Beatshift 2 (borderline),presets-extra,84
Stahlregen - Simple Spectrum,presets-extra,84
Stahlregen - Simple Spectrum (together),presets-extra,84
Stahlregen - Simple Visualization,presets-extra,84
Stahlregen - Solar Flare,presets-extra,84
Stahlregen - Solar Flare (Eclipse),presets-extra,84
Stahlregen - Spiral,presets-extra,84
Stahlregen - Spiral (Fugly),presets-extra,84
Stahlregen - Spiral (Fugly)_1,presets-extra,84
"Stahlregen - Spiral (Oh god my eyes, it burns! 2)_1",presets-extra,84
"Stahlregen - Spiral (Oh god my eyes, it burns! 2)_2",presets-extra,85
"Stahlregen - Spiral (Oh god my eyes, it burns! 3)",presets-extra,85
"Stahlregen - Spiral (Oh god my eyes, it burns! 3)_1",presets-extra,85
"Stahlregen - Spiral (Oh god my eyes, it burns!)",presets-extra,85
"Stahlregen - Spiral (Oh god my eyes, it burns!)_1",presets-extra,85
Stahlregen - Spiral (Waveless 2),presets-extra,85
Stahlregen - Spiral (Waveless 2)_1,presets-extra,85
Stahlregen - Spiral (Waveless 3 - moar),presets-extra,85
Stahlregen - Spiral (Waveless 3 - moar)_1,presets-extra,85
Stahlregen - Spiral (Waveless),presets-extra,85
Stahlregen - Spiral (Waveless)_1,presets-extra,85
Stahlregen - Spiral Beats (Bigger)_1,presets-extra,85
Stahlregen - Spiral Beats (Bigger)_2,presets-extra,85
Stahlregen - Spiral Beats_1,presets-extra,85
Stahlregen - Spiral_1,presets-extra,85
Stahlregen - Squared^2 (Rainbow colored flower),presets-extra,85
Stahlregen - Treb Spectre,presets-extra,85
Stahlregen - Wavering Flower (wtf mosaique),presets-extra,85
Stahlregen - Wavering Flower (wtf mosaique)_1,presets-extra,85
Stahlregen - Windmill (basic ethereal slipstream),presets-extra,85
Stahlregen - Windmill (basic),presets-extra,85
"Stahlregen - You spin me right round, baby, right round...",presets-extra,85
"Stahlregen - You spin me right round, baby, right round..._1",presets-extra,85
Stargate JD,presets-extra,85
Starman & Geiss - Planet Surface,presets-extra,85
Starman & Geiss - Reactor Core,presets-extra,85
Starquake,presets-extra,85
Static,presets-extra,85
Strange,presets-extra,85
Stripe_I,presets-extra,85
Studio Music & Fvese - Spudding,presets-extra,85
Studio Music & Illusion - Imbibe Power (remix),presets-extra,85
Studio Music & Rovastar - Take your pick vs Boxfresh,presets-extra,85
Studio Music & Rovastar - Take your pick vs Boxfresh (remix),presets-extra,85
Studio Music & Unchained + Phat and E.o.S - How it feel's to be Alive_1,presets-extra,85
Studio Music & Unchained + Phat and E.o.S - How it feel's to be Alive_2,presets-extra,85
Studio Music & Unchained + Phat and E.o.S - How it feel's to be Alive_3,presets-extra,85
Studio Music & Unchained -  We gotta get in,presets-extra,85
Studio Music & Unchained -  We gotta get in (inside Milkdrip mix),presets-extra,85
Studio Music & Unchained - Just Ain't Right (It's alright though Mix),presets-extra,85
Studio Music & Unchained - Just Ain't Right (It's alright though Mix)_1,presets-extra,85
Studio Music & Unchained - Just Ain't Right (It's alright though Mix)_2,presets-extra,85
Studio Music & Unchained - Just Ain't Right (It's alright though Mix)_3,presets-extra,85
Studio Music & Unchained - Melody in Bed,presets-extra,85
Studio Music & Unchained - Melody in Bed_1,presets-extra,85
Studio Music & Unchained - So Much Love (When You Let Me Mix),presets-extra,85
Studio Music & Unchained - So Much Love (When You Let Me Mix)_1,presets-extra,85
Studio Music & Unchained - Wrenched Fate,presets-extra,85
Studio Music + Eo.S._Phat - Intuitive Awareness (Traces of Love mix),presets-extra,85
Studio Music + Eo.S._Phat - Intuitive Awareness (Traces of Love mix) - redi jedi (madness mix),presets-extra,85
Studio Music + Eo.S._Phat - Intuitive Awareness (stimulus effect mix) ,presets-extra,85
Studio Music + Eo.S._Phat_edit - Intuitive Awareness (technicolor mix),presets-extra,85
Studio Music + Eo.S._Phat_edit - Intuitive Awareness (techno mix),presets-extra,85
Studio Music + Malte and Rovastar - Hyper Drug Warp with Deeper Meaning,presets-extra,85
"Studio Music - (Sex is like math) Add the bed, subtract the clothes, divide the legs and hope to ",presets-extra,85
"Studio Music - (Sex is like math) Add the bed, subtract the clothes, divide the legs and hope to he",presets-extra,85
"Studio Music - (Sex is like math) Add the bed, subtract the clothes, divide the legs and hope to hell you don't multiply",presets-extra,85
"Studio Music - (Sex is like math) Add the bed, subtract the clothes, divide the legs and hope to hell you don't multiply_1",presets-extra,85
"Studio Music - (Sex is like math) Add the bed, subtract the clothes, divide the legs and hope to hell you don't multiply_2",presets-extra,85
"Studio Music - (Sex is like math) Add the bed, subtract the clothes, divide the legs and hope to hell you don't multiply_3",presets-extra,85
Studio Music - Chemical Reaction,presets-extra,85
Studio Music - Cherished Desires,presets-extra,85
Studio Music - Color Splash,presets-extra,85
Studio Music - Coming at Ya,presets-extra,85
"Studio Music - Eat my  puss, feels so good (don't stop mix)",presets-extra,85
"Studio Music - Eat my  puss, feels so good (don't stop mix)_1",presets-extra,85
Studio Music - Explicit Love,presets-extra,85
Studio Music - Flit,presets-extra,85
Studio Music - Harmonic Bliss,presets-extra,85
Studio Music - Harmonic Irradiateing Ball,presets-extra,85
Studio Music - Imbibe,presets-extra,85
Studio Music - Inscrutable World,presets-extra,85
Studio Music - Inscrutable World (remix),presets-extra,85
Studio Music - Intuitive Awareness (Always want more mix),presets-extra,85
Studio Music - Intuitive Awareness (Traces of Love mix),presets-extra,85
Studio Music - Intuitive Awareness (Traces of Love mix)_1,presets-extra,85
Studio Music - Intuitive Awareness (Traces of Love mix)_2,presets-extra,85
Studio Music - Intuitive Awareness (Traces of Love mix)_3,presets-extra,85
Studio Music - Intuitive Awareness (Traces of Love mix)_4,presets-extra,85
Studio Music - Intuitive Awareness (stimulus effect mix) ,presets-extra,85
Studio Music - Intuitive Awareness (stimulus effect mix) _1,presets-extra,85
Studio Music - Intuitive Awareness (stimulus effect mix) _2,presets-extra,85
Studio Music - Intuitive Awareness (stimulus effect mix) _3,presets-extra,85
Studio Music - It's only Make-believe,presets-extra,85
Studio Music - Just for Now,presets-extra,85
Studio Music - Kaleidoscope,presets-extra,85
Studio Music - Never ending Passageway,presets-extra,85
Studio Music - Personification,presets-extra,85
Studio Music - Quick Fix (dramatic mix),presets-extra,85
Studio Music - Somaesthesia (Remix),presets-extra,85
Studio Music - Spider's Heaven mod,presets-extra,85
Studio Music - Take Your Pick (Remix),presets-extra,85
Studio Music - Take Your Pick (Remix)_1,presets-extra,85
Studio Music - There's another way,presets-extra,85
Studio Music - Turbine Mist,presets-extra,85
Studio Music - Vivifying Window,presets-extra,85
Studio Music - What your love does,presets-extra,85
Studio Music - Within,presets-extra,85
Studio Music and Malte - Hyperized Drug Warp,presets-extra,85
Studio Music and ORB - Intuitive Awareness (Justified Reasoning mix),presets-extra,85
Studio Music and ORB - Intuitive Awareness (Show me Love mix),presets-extra,85
Studio Music and Rovastar - Eye On Reality (Mega accelerate Mix),presets-extra,85
Studio Music and Rovastar - More Cherished Desires Bmel Tweak 2,presets-extra,85
Studio Music and Unchained - Entity,presets-extra,85
Studio Music and Unchained - Infinite Possibilities,presets-extra,85
Studio Music and Unchained - Melody in Bed,presets-extra,85
Studio Music and Unchained - Monstrosity,presets-extra,85
Studio Music and Unchained - Rapid Alteration,butterchurnPresetsMD1,
Studio Music and Unchained - Tweak Of The Week,presets-extra,85
Studio Music and Zylot - Something Out There,presets-extra,85
StudioMusic & Fvese - Spudding,presets-extra,85
StudioMusic & Illusion - Imbibe Power (Remix),presets-extra,85
StudioMusic & Malte - Hyper Drug Warp (Deeper Mix),presets-extra,85
StudioMusic & Malte - Hyperized Drug Warp,presets-extra,85
StudioMusic & Nil - LA Movement,presets-extra,85
StudioMusic & Nil - LA Movement (Vertiginous Mix),presets-extra,85
StudioMusic & Nil - Thinking Inside The Box (Syncopation Mix),presets-extra,85
StudioMusic & Rovastar - Take your pick vs Boxfresh (Remix),presets-extra,85
StudioMusic & Unchained - Driven By Propulsion,presets-extra,85
StudioMusic & Unchained - Entity,presets-extra,85
StudioMusic & Unchained - Infinite Possibilities,presets-extra,85
StudioMusic & Unchained - Just Ain't Right (Extreme Complexity Mix),presets-extra,85
StudioMusic & Unchained - Just Ain't Right (It's alright though Mix),presets-extra,85
StudioMusic & Unchained - Just Ain't Right (Ready or Not Mix),presets-extra,85
StudioMusic & Unchained - Minor Alteration,presets-extra,85
StudioMusic & Unchained - Monstrosity,presets-extra,85
StudioMusic & Unchained - Rapid Alteration,presets-extra,85
StudioMusic & Unchained - Remembering How You Were,presets-extra,85
StudioMusic & Unchained - Remembering How You Were (Perceived Mix),presets-extra,86
StudioMusic & Unchained - Snuggles,presets-extra,86
StudioMusic & Unchained - So Much Love,presets-extra,86
StudioMusic & Unchained - So Much Love (Altogether Mix),presets-extra,86
StudioMusic & Unchained - So Much Love (Aspiration Mix),presets-extra,86
StudioMusic & Unchained - So Much Love (But she's a Heartbreaker Mix),presets-extra,86
StudioMusic & Unchained - So Much Love (Caught In The Middle Mix),presets-extra,86
StudioMusic & Unchained - So Much Love (Forever Christie mix),presets-extra,86
StudioMusic & Unchained - So Much Love (Just Don't Let Go Mix),presets-extra,86
StudioMusic & Unchained - So Much Love (Reason to Believe Mix),presets-extra,86
StudioMusic & Unchained - So Much Love (When you let me mix),presets-extra,86
StudioMusic & Unchained - State Of Discretion,presets-extra,86
StudioMusic & Unchained - Tweak Of The Week (Remix),presets-extra,86
StudioMusic & Unchained - Wrenched Fate,presets-extra,86
StudioMusic & Zylot - Something Out There,presets-extra,86
"StudioMusic , Geiss & Unchained - So Much Love (Forever Christie mix)",presets-extra,86
StudioMusic - Bizarre,presets-extra,86
StudioMusic - Cherished Desires,presets-extra,86
StudioMusic - Color Splash,presets-extra,86
StudioMusic - Coming at Ya,presets-extra,86
StudioMusic - Confusion,presets-extra,86
StudioMusic - Deviated Boxes,presets-extra,86
StudioMusic - Double Stimulus 1,presets-extra,86
StudioMusic - Double Stimulus 2,presets-extra,86
StudioMusic - Electrifying Bacteria,presets-extra,86
StudioMusic - Explicit Love,presets-extra,86
StudioMusic - Flit,presets-extra,86
StudioMusic - Happening,presets-extra,86
StudioMusic - Harmonic Bliss,presets-extra,86
StudioMusic - Harmonic Bliss (elated mix),presets-extra,86
StudioMusic - Harmonic Irradiating Ball,presets-extra,86
StudioMusic - Imbibe,presets-extra,86
StudioMusic - Inscrutable World,presets-extra,86
StudioMusic - Inscrutable World (Remix),presets-extra,86
StudioMusic - Intuitive Awareness,presets-extra,86
StudioMusic - Intuitive Awareness (Revised Edition),presets-extra,86
StudioMusic - Intuitive Awareness (gyrate mix),presets-extra,86
StudioMusic - It's Only Make Believe,presets-extra,86
StudioMusic - Just For Now,presets-extra,86
StudioMusic - Kaleidoscope,presets-extra,86
StudioMusic - Never-Ending Passageway,presets-extra,86
StudioMusic - Numerosity,presets-extra,86
StudioMusic - Quick Fix,presets-extra,86
StudioMusic - Quick Fix (Mercy Mix),presets-extra,86
StudioMusic - Quick Fix (dramatic mix),presets-extra,86
StudioMusic - Somaesthesia,presets-extra,86
StudioMusic - Somaesthesia (Remix),presets-extra,86
StudioMusic - Spider's Heaven,presets-extra,86
StudioMusic - Take Your Pick,presets-extra,86
StudioMusic - Take Your Pick (Remix),presets-extra,86
StudioMusic - There's Another Way,presets-extra,86
StudioMusic - Turbine Mist,presets-extra,86
StudioMusic - Twisted Galaxy,presets-extra,86
StudioMusic - Vivifying Window,presets-extra,86
StudioMusic - What Your Love Does,presets-extra,86
StudioMusic - When You Pass Me By,presets-extra,86
StudioMusic - Within,presets-extra,86
StudioMusic&Illusion-ImbibePower,presets-extra,86
StudioMusic&Malte-HyperDrugWarp,presets-extra,86
StudioMusic&Malte-HyperizedDrug,presets-extra,86
StudioMusic&Nil-LAMovement(Vert,presets-extra,86
StudioMusic&Nil-ThinkingInsideT,presets-extra,86
StudioMusic&Rovastar-Takeyourpi,presets-extra,86
StudioMusic&Unchained-DrivenByP,presets-extra,86
StudioMusic&Unchained-InfinitePo,presets-extra,86
StudioMusic&Unchained-JustAin't,presets-extra,86
StudioMusic&Unchained-MinorAlter,presets-extra,86
StudioMusic&Unchained-Rememberin,presets-extra,86
StudioMusic&Unchained-Remembering,presets-extra,86
StudioMusic&Unchained-SoMu00,presets-extra,86
StudioMusic&Unchained-SoMuc,presets-extra,86
StudioMusic&Unchained-SoMuch,presets-extra,86
StudioMusic&Unchained-SoMuchL,presets-extra,86
StudioMusic&Unchained-SoMuchLo,presets-extra,86
StudioMusic&Unchained-SoMuchLov,presets-extra,86
StudioMusic&Unchained-StateOfDi,presets-extra,86
StudioMusic&Unchained-TweakOfT,presets-extra,86
StudioMusic&Unchained-WrenchedFa,presets-extra,86
StudioMusic&Zylot-SomethingOutT,presets-extra,86
"StudioMusic, Aderrasi & nil - LA movement (Hyperspace Remix)",presets-extra,86
"StudioMusic, Aderrasi & nil - LA movement (Intellectual Sensation Mix)",presets-extra,86
"StudioMusic, Aderrasi & nil - LA movement (Vertiginous Mix)",presets-extra,86
"StudioMusic, Rovastar & Unchained - Just Ain't Right (Extreme Complexity Mix)",presets-extra,86
"StudioMusic, Rozzer & Unchained - Just Ain't Right (Extreme Complexity with shapes mix)",presets-extra,86
"StudioMusic, Unchained & Rovastar - Remembering how you were",presets-extra,86
"StudioMusic, Unchained & Rovastar - Remembering how you were (perceived mix)",presets-extra,86
StudioMusic-HarmonicIrradiatingBa,presets-extra,86
StudioMusic-InscrutableWorld(Remi,presets-extra,86
StudioMusic-It'sOnlyMakeBelieve,presets-extra,86
StudioMusic-Spider'sHeaven,presets-extra,86
StudioMusic-There'sAnotherWay,presets-extra,86
StudioMusici & Nil - LA Movement (Intellectual Sensation Mix),presets-extra,86
StudioMusici&Nil-LAMovement(Int,presets-extra,86
Studiomusic&fvese-spudding,presets-extra,86
Studiomusic&illusion-imbibepow(remix),presets-extra,86
Studiomusic&malte-hyperdru(deepermix),presets-extra,86
Studiomusic&malte-hyperizeddrugwarp,presets-extra,86
Studiomusic&nil-lamov(vertiginousmix),presets-extra,86
Studiomusic&nil-lamovement,presets-extra,86
Studiomusic&nil-think(syncopationmix),presets-extra,86
Studiomusic&rovastar-takeyourp(remix),presets-extra,86
Studiomusic&unc(extremecomplexitymix),presets-extra,86
Studiomusic&unch(itsalrightthoughmix),presets-extra,86
Studiomusic&uncha(foreverchristiemix),presets-extra,86
Studiomusic&unchai(insidemilkdripmix),presets-extra,86
Studiomusic&unchain(justdontletgomix),presets-extra,86
Studiomusic&unchaine(whenyouletmemix),presets-extra,86
Studiomusic&unchained-(altogethermix),presets-extra,86
Studiomusic&unchained-(aspirationmix),presets-extra,86
Studiomusic&unchained-drivenbypropuls,presets-extra,86
Studiomusic&unchained-entity,presets-extra,86
Studiomusic&unchained-infinitepossibi,presets-extra,86
Studiomusic&unchained-minoralteration,presets-extra,86
Studiomusic&unchained-monstrosity,presets-extra,86
Studiomusic&unchained-r(perceivedmix),presets-extra,86
Studiomusic&unchained-rapidalteration,presets-extra,86
Studiomusic&unchained-rememberinghowy,presets-extra,86
Studiomusic&unchained-snuggles,presets-extra,86
Studiomusic&unchained-somuchlove,presets-extra,86
Studiomusic&unchained-somuchlove(caug,presets-extra,86
Studiomusic&unchained-stateofdiscreti,presets-extra,86
Studiomusic&unchained-tweakoft(remix),presets-extra,86
Studiomusic&unchained-tweakoftheweek,presets-extra,86
Studiomusic&unchained-wrenchedfate,presets-extra,86
Studiomusic&zylot-somethingoutthere,presets-extra,86
Studiomusic-bizarre,presets-extra,87
Studiomusic-chemicalreaction,presets-extra,87
Studiomusic-cherisheddesires,presets-extra,87
Studiomusic-colorsplash,presets-extra,87
Studiomusic-comingatya,presets-extra,87
Studiomusic-confusion,presets-extra,87
Studiomusic-deviatedboxes,presets-extra,87
Studiomusic-doublestimulus1,presets-extra,87
Studiomusic-doublestimulus2,presets-extra,87
Studiomusic-explicitlove,presets-extra,87
Studiomusic-flit,presets-extra,87
Studiomusic-happening,presets-extra,87
Studiomusic-harmonicbliss,presets-extra,87
Studiomusic-harmonicbliss(elatedmix),presets-extra,87
Studiomusic-imbibe,presets-extra,87
Studiomusic-inscrutableworld,presets-extra,87
Studiomusic-inscrutableworld(remix),presets-extra,87
Studiomusic-intuitive(revisededition),presets-extra,87
Studiomusic-intuitiveaware(gyratemix),presets-extra,87
Studiomusic-itsonlymakebelieve,presets-extra,87
Studiomusic-justfornow,presets-extra,87
Studiomusic-never-endingpassageway,presets-extra,87
Studiomusic-numerosity,presets-extra,87
Studiomusic-somaesthesia,presets-extra,87
Studiomusic-somaesthesia(remix),presets-extra,87
Studiomusic-spidersheaven,presets-extra,87
Studiomusic-takeyourpick,presets-extra,87
Studiomusic-takeyourpick(remix),presets-extra,87
Studiomusic-theresanotherway,presets-extra,87
Studiomusic-turbinemist,presets-extra,87
Studiomusic-twistedgalaxy,presets-extra,87
Studiomusic-vivifyingwindow,presets-extra,87
Studiomusic-whatyourlovedoes,presets-extra,87
Studiomusic-whenyoupassmeby,presets-extra,87
Studiomusic-within,presets-extra,87
Studiomusici&nil-lamovement(intellect,presets-extra,87
Stunt Double,presets-extra,87
Stuttler - Eye of Conformity,presets-extra,87
Stuttler - Eye of Conformity 1,presets-extra,87
Stuttler - Eye of Conformity 2,presets-extra,87
Stuttler - Kaleidoscope From Hell,presets-extra,87
Stuttler - Kaleidoscope from Hell 1,presets-extra,87
Stuttler - LSD Bloom,presets-extra,87
Stuttler - LSD Bloom 1,presets-extra,87
Stuttler - LSD Bloom 2,presets-extra,87
Stuttler - Rotating Thumper,presets-extra,87
Stuttler - Triple Exxxtacy,presets-extra,87
Stuttler and Zylot - LSD Bloom (Spring remix),presets-extra,87
Stuttler and Zylot - LSD Bloom (Spring remix) bmel Inner Dimension z,presets-extra,87
Stuttler-eyeofconformity1,presets-extra,87
Stuttler-eyeofconformity2,presets-extra,87
Stuttler-kaleidoscopefromhell,presets-extra,87
Stuttler-lsdbloom1,presets-extra,87
Stuttler-lsdbloom2,presets-extra,87
Stuttler-rotatingthumper,presets-extra,87
Stuttler-tripleexxxtacy,presets-extra,87
TEcHNO & SandStorm - Psychodelic Highway,butterchurnPresetsMD1,
Telek - City Helix Lattice,butterchurnPresetsExtra2,
Telek - Sine Wave,butterchurnPresetsExtra2,
TonyMilkdrop - Leonardo Da Vinci's Balloon [Flexi - merry-go-round + techstyle],butterchurnPresets,
TonyMilkdrop - Magellan's Nebula [Flexi - fancy + $this shall not retain],butterchurnPresetsExtra,
TonyMilkdrop - Magellan's Nebula [Flexi - you enter first + multiverse],butterchurnPresets,
Unchained & Rovastar - Wormhole Pillars (Hall of Shadows mix),butterchurnPresets,
Unchained - All You Can Eat,butterchurnPresetsExtra2,
Unchained - Fuzzy Sciences,butterchurnPresetsExtra2,
Unchained - Making a Science of It 4,butterchurnPresetsExtra,
Unchained - Making a Science of It 7,butterchurnPresetsMD1,
Unchained - Rewop,butterchurnPresets,
Unchained - Unified Drag 2,butterchurnPresets,
Zylot - Crossing Over (Paint Spatter mix),butterchurnPresetsExtra2,
Zylot - In death there is life (Geiss Layered Mix),butterchurnPresetsExtra,
Zylot - In death there is life (Geiss Layered Mix) (Jelly),butterchurnPresetsExtra2,
Zylot - Paint Spill (Music Reactive Paint Mix),butterchurnPresets,
Zylot - Star Ornament,butterchurnPresets,
Zylot - True Visionary,butterchurnPresetsExtra2,
Zylot - True Visionary (Final Mix),butterchurnPresets,
_Aderrasi - Wanderer in Curved Space - mash0000 - faclempt kibitzing meshuggana schmaltz (Geiss color mix),butterchurnPresets,
_Eo.S. - glowsticks v2 02 - Geiss HPF,butterchurnPresetsExtra,
"_Flexi, martin + geiss - painterly rogue wave strike (color emboss mix)",butterchurnPresetsExtra,
_Geiss - Artifact 01,butterchurnPresets,
_Geiss - Artifact 03,butterchurnPresetsExtra,
_Geiss - Brain Zoom 3 (Color Emboss Mix),butterchurnPresetsExtra2,
_Geiss - Desert Rose 2,butterchurnPresets,
_Geiss - Explosion Mod 2b,butterchurnPresetsExtra2,
_Geiss - untitled,butterchurnPresets,
_Krash + Eo.S. - Photographic Sentinel,butterchurnPresetsExtra,
_Mig_004_version2,butterchurnPresetsExtra,
_Mig_009,butterchurnPresetsExtra2,
_Mig_014_version2,butterchurnPresetsExtra2,
_Mig_028,butterchurnPresetsExtra,
_Mig_039,butterchurnPresetsExtra2,
_Mig_049,butterchurnPresets,
_Mig_056,butterchurnPresetsExtra2,
_Mig_079,butterchurnPresetsExtra,
_Mig_085,butterchurnPresets,
_Mig_COLORFUL9,butterchurnPresetsExtra,
_Mig_Oscilloscope008,butterchurnPresetsExtra,
_Rovastar + Geiss - Hurricane Nightmare (Posterize Mix),butterchurnPresets,
_Vovan + Geiss - Bass With Flover (Feedback Mix) 2,butterchurnPresetsExtra2,
_geiss_experimental__wavefronts,butterchurnPresetsExtra,
aKo - Hypnotic Punch,presets-extra,87
aa,presets-extra,87
aberration 3D testa,presets-extra,87
aberration 3D testb,presets-extra,87
aberration 3D testc,presets-extra,87
aberration x AkashaDude & Geiss -True Psi_e,presets-extra,87
aberration x AkashaDude & Geiss -True Psi_e_1,presets-extra,87
aberration x AkashaDude & Geiss -True Psi_j,presets-extra,87
aberration x AkashaDude & Geiss -True Psi_j_1,presets-extra,87
aberration x AkashaDude & Geiss -True Psi_q,presets-extra,87
aberration x AkashaDude & Geiss -True Psi_q_1,presets-extra,87
aberration x Eo.S. 3d-glasses_1,presets-extra,87
aberration x Eo.S. 3d-glasses_e_1,presets-extra,87
aberration x Eo.S. 3d-glasses_f_1,presets-extra,87
accident,presets-extra,87
"adam eatit fx 2 martin - disco mix, lodus, geiss, ludicrous speed,flexi, aderrasi n hexcollie",butterchurnPresetsExtra2,
advanced bass monitor,presets-extra,87
aenema,presets-extra,87
aenema waves,presets-extra,87
aenematic,presets-extra,87
afterlife 1,presets-extra,87
afterlife 2,presets-extra,87
afterlife 3,presets-extra,87
aieeeeee!!!,presets-extra,87
alien heart,presets-extra,87
alien spider nightmare,presets-extra,87
allied way,presets-extra,87
alternative way,presets-extra,87
amandio c  - tricks with ellipses 1,presets-extra,87
amandio c  - tricks with ellipses 2,presets-extra,87
amandio c + flexi - pendulum warp 1,presets-extra,87
amandio c -  QBikal's oscilloscope 1,presets-extra,87
amandio c -  QBikal's oscilloscope 2,presets-extra,87
amandio c -  QBikal's oscilloscope 3,presets-extra,87
amandio c -  not a pi thing,presets-extra,87
amandio c -  steam,presets-extra,87
amandio c -  supertubes,presets-extra,87
amandio c - 3d graph template,presets-extra,87
amandio c - 3d graph template (shapes),presets-extra,87
amandio c - Apollonius tangents,presets-extra,87
amandio c - Dynamic shapes - 1 - using wave code,presets-extra,87
amandio c - Dynamic shapes - 2 - varying size,presets-extra,87
amandio c - Dynamic shapes - 3 - changing color,presets-extra,87
amandio c - Dynamic shapes - 4 - rotating,presets-extra,87
amandio c - Dynamic shapes - 5 - varying side number,presets-extra,87
amandio c - Dynamic shapes - 6 - applying 3d rotation,presets-extra,87
amandio c - Dynamic shapes - 7 - don't feed the bug (but the artists),presets-extra,87
amandio c - IFS 01,presets-extra,87
amandio c - IFS 02,presets-extra,87
amandio c - IFS 03,presets-extra,87
amandio c - IFS 04,presets-extra,87
amandio c - IFS 05,presets-extra,87
amandio c - IFS 06,presets-extra,87
amandio c - IFS 10,presets-extra,87
amandio c - IFS 11,presets-extra,87
amandio c - IFS 12,presets-extra,87
amandio c - IFS 13,presets-extra,87
amandio c - IFS 14,presets-extra,87
amandio c - MD pong V.1,presets-extra,87
amandio c - Op tart 1,presets-extra,87
amandio c - Orbitin' around 1,presets-extra,87
amandio c - Orbitin' around 2,presets-extra,87
amandio c - Orbitin' around 3,presets-extra,87
amandio c - Sierpinski's triangle 1,presets-extra,87
amandio c - Sierpinski's triangle 2,presets-extra,87
amandio c - a boid's life,presets-extra,87
amandio c - a boid's life 1,presets-extra,87
amandio c - after the beginning,presets-extra,87
amandio c - air waves,presets-extra,87
amandio c - all in one 1,presets-extra,87
amandio c - all in one 2,presets-extra,88
amandio c - all in one radial 1,presets-extra,88
amandio c - all in one radial 2,presets-extra,88
amandio c - altar of sin,presets-extra,88
amandio c - apollonius problem,presets-extra,88
amandio c - be4 the beginning,presets-extra,88
amandio c - black sheep,presets-extra,88
amandio c - boardgames 1,presets-extra,88
amandio c - boardgames 2,presets-extra,88
amandio c - boids,presets-extra,88
amandio c - box of caramels,presets-extra,88
amandio c - cage,presets-extra,88
amandio c - caroussel 1,presets-extra,88
amandio c - caroussel 2,presets-extra,88
amandio c - caroussel 3,presets-extra,88
amandio c - charisma,presets-extra,88
amandio c - charisma 2,presets-extra,88
amandio c - checkers,presets-extra,88
amandio c - circles intersection - lost points,presets-extra,88
amandio c - circles intersection 1,presets-extra,88
amandio c - circles intersection 2,presets-extra,88
amandio c - circles intersection 3,presets-extra,88
amandio c - circles intersection 4,presets-extra,88
amandio c - circles intersection 5,presets-extra,88
amandio c - circles intersection 6,presets-extra,88
amandio c - circles intersection template,presets-extra,88
amandio c - circuit 1,presets-extra,88
amandio c - circuit 2,presets-extra,88
amandio c - color circle 1,presets-extra,88
amandio c - color circle 2,presets-extra,88
amandio c - color circle 3,presets-extra,88
amandio c - comm,presets-extra,88
amandio c - compass,presets-extra,88
amandio c - condition of tangency,presets-extra,88
amandio c - condition of tangency 2,presets-extra,88
amandio c - condition of tangency 3,presets-extra,88
amandio c - conflict (first hour),presets-extra,88
amandio c - conflict (last hour),presets-extra,88
amandio c - croc astaire,presets-extra,88
amandio c - d.a.n.d.y.,presets-extra,88
amandio c - d.a.n.d.y. - akuinga's langgeng astral body love tweak - triple helix dia-gnostix,presets-extra,88
amandio c - d.a.n.d.y. - akuinga's nglembarator subtle body hate tweak,presets-extra,88
amandio c - d.a.n.d.y. - akuksma's langgeng astral body love tweak,presets-extra,88
amandio c - dancer,presets-extra,88
amandio c - dancer 2,presets-extra,88
amandio c - dark side of the sun 1,presets-extra,88
amandio c - dark side of the sun 2,presets-extra,88
amandio c - dead bees on a cake,presets-extra,88
amandio c - disturbances 1,presets-extra,88
amandio c - disturbances 2,presets-extra,88
amandio c - disturbances 3,presets-extra,88
amandio c - disturbances 4,presets-extra,88
amandio c - disturbances 5,presets-extra,88
amandio c - disturbances 6,presets-extra,88
amandio c - dot map,presets-extra,88
amandio c - dynacube (shifter wave),presets-extra,88
amandio c - ecllipse 1,presets-extra,88
amandio c - ecllipse 2,presets-extra,88
amandio c - eight track,presets-extra,88
amandio c - el calderon,presets-extra,88
amandio c - el guzano loco 1,presets-extra,88
amandio c - el guzano loco 2,presets-extra,88
amandio c - el guzano loco 3,presets-extra,88
amandio c - el sombrero,presets-extra,88
amandio c - electric chair,presets-extra,88
amandio c - embrace 01,presets-extra,88
amandio c - embrace 02,presets-extra,88
amandio c - embrace 03,presets-extra,88
amandio c - embrace 04,presets-extra,88
amandio c - embrace 05,presets-extra,88
amandio c - embrace 06,presets-extra,88
amandio c - embrace 07,presets-extra,88
amandio c - embrace 08,presets-extra,88
amandio c - embrace 09,presets-extra,88
amandio c - embrace 10,presets-extra,88
amandio c - epicenter,presets-extra,88
amandio c - exodus,presets-extra,88
amandio c - eyes wide closed 1,presets-extra,88
amandio c - fading city,presets-extra,88
amandio c - fake frac,presets-extra,88
amandio c - faros,presets-extra,88
amandio c - feeling well,presets-extra,88
amandio c - feeling well 2,presets-extra,88
amandio c - feeling well 3,butterchurnPresetsMD1,
amandio c - feeling well 4,presets-extra,88
amandio c - feeling well 5,presets-extra,88
amandio c - feeling well 6,presets-extra,88
amandio c - feeling well 7,presets-extra,88
amandio c - final hour,presets-extra,88
amandio c - fish curve,presets-extra,88
amandio c - flashy little heli,presets-extra,88
amandio c - flashy little heli lite,presets-extra,88
amandio c - flashy little thing 1,presets-extra,88
amandio c - flashy thing,butterchurnPresetsMD1,
amandio c - flightsim,presets-extra,88
amandio c - flightsim 2,presets-extra,88
amandio c - fly,presets-extra,88
amandio c - fractal bits,presets-extra,88
amandio c - fusion,presets-extra,88
amandio c - future engines,presets-extra,88
amandio c - gate of osiris,presets-extra,88
amandio c - gazelle run,presets-extra,88
amandio c - girl face,presets-extra,88
amandio c - go west - stormy,presets-extra,88
amandio c - go west 1,presets-extra,88
amandio c - go west 2,presets-extra,88
amandio c - go west 2 - 1,presets-extra,88
amandio c - goldline (tutorial),presets-extra,88
amandio c - great balls of sin,presets-extra,88
amandio c - great balls of sin - beta,presets-extra,88
amandio c - green machinery 1,presets-extra,88
amandio c - green machinery 1a,presets-extra,88
amandio c - green machinery 2,presets-extra,88
amandio c - hat track,presets-extra,88
amandio c - helios,presets-extra,88
amandio c - helios 2,presets-extra,88
amandio c - helios 3,presets-extra,88
amandio c - helios 4,presets-extra,88
amandio c - horse run,presets-extra,88
amandio c - horse template 2a,presets-extra,88
amandio c - house of Ra 1,presets-extra,88
amandio c - house of Ra 2,presets-extra,88
amandio c - house of Ra 3,presets-extra,88
amandio c - improbable cube,presets-extra,88
amandio c - interference pattern 1,presets-extra,88
amandio c - interference pattern 2,presets-extra,88
amandio c - interference pattern 3,presets-extra,88
amandio c - interference pattern 4,presets-extra,88
amandio c - iterative - orbits 1,presets-extra,89
amandio c - iterative - orbits 2,presets-extra,89
amandio c - iterative - procedural maps,presets-extra,89
amandio c - iterative - procedural maps malequleir devolgh,presets-extra,89
amandio c - iterative - serial 1,presets-extra,89
amandio c - iterative - serial 2,presets-extra,89
amandio c - iterative - serial 3,presets-extra,89
amandio c - iterative - spirals,presets-extra,89
amandio c - iterative - squares 1,presets-extra,89
amandio c - iterative - squares 2,presets-extra,89
amandio c - iterative - squares 3,presets-extra,89
amandio c - iterative - squares 4,presets-extra,89
amandio c - iterative - tendrils,presets-extra,89
amandio c - iterative - tendrils inertiatic dsp,presets-extra,89
amandio c - iterative - tendrils phuqklustre,presets-extra,89
amandio c - iterative - tendrils ¢A¢$ ¢Ab,presets-extra,89
amandio c - jazz singer,presets-extra,89
amandio c - knot ride,presets-extra,89
amandio c - knot ride 2,presets-extra,89
amandio c - knot ride 2-2,presets-extra,89
amandio c - knot ride 3,presets-extra,89
amandio c - knot ride 3a,presets-extra,89
amandio c - ku klux plan,presets-extra,89
amandio c - learning path,presets-extra,89
amandio c - letter kiss,presets-extra,89
amandio c - little fly 1,presets-extra,89
amandio c - little fly 2,presets-extra,89
amandio c - little fly 3,presets-extra,89
amandio c - little green syrup,presets-extra,89
amandio c - living in a box,presets-extra,89
amandio c - living in a box test,presets-extra,89
amandio c - log tower 1,presets-extra,89
amandio c - log tower 1 pig vomit,presets-extra,89
amandio c - log tower 3,presets-extra,89
amandio c - log tower 4,presets-extra,89
amandio c - log tower 5,presets-extra,89
amandio c - log tower 5 lite,presets-extra,89
amandio c - log tower 6,presets-extra,89
amandio c - love demon,presets-extra,89
amandio c - lusitana sans sheriff (megabuffs) - 20 chars,presets-extra,89
amandio c - lusitana sans sheriff (megabuffs) - 8 chars,presets-extra,89
amandio c - maestro,presets-extra,89
amandio c - magnetosphere,presets-extra,89
amandio c - mass effect,presets-extra,89
amandio c - math shapes - Gabriel's horn,presets-extra,89
amandio c - math shapes - Klein bottle,presets-extra,89
amandio c - math shapes - Moebius strip,presets-extra,89
amandio c - math shapes - boy surface,presets-extra,89
amandio c - math shapes - catalan surface,presets-extra,89
amandio c - math shapes - cone,presets-extra,89
amandio c - math shapes - cornucopia,presets-extra,89
amandio c - math shapes - cylinder 1,presets-extra,89
amandio c - math shapes - cylinder 2,presets-extra,89
amandio c - math shapes - double funnel,presets-extra,89
amandio c - math shapes - eight surface,presets-extra,89
amandio c - math shapes - fish curve,presets-extra,89
amandio c - math shapes - helix,presets-extra,89
amandio c - math shapes - piriform,presets-extra,89
amandio c - math shapes - ripples,presets-extra,89
amandio c - math shapes - sine surface,presets-extra,89
amandio c - math shapes - spherical helix,presets-extra,89
amandio c - math shapes - spindle torus,presets-extra,89
amandio c - math shapes - teardrop curve,presets-extra,89
amandio c - math shapes - trefoil knot 1,presets-extra,89
amandio c - milkydots,presets-extra,89
amandio c - mirage,presets-extra,89
amandio c - mirage - merkaba1,presets-extra,89
amandio c - mirage 2a,presets-extra,89
amandio c - mirage 3a,presets-extra,89
amandio c - mirage 3b,presets-extra,89
amandio c - moebius strip,presets-extra,89
amandio c - monitor wave - MD Beta ,presets-extra,89
amandio c - monitor wave 1,presets-extra,89
amandio c - monitor wave 2,presets-extra,89
amandio c - mordillo's,presets-extra,89
amandio c - mordillo's 2,presets-extra,89
amandio c - mosaic 1,presets-extra,89
amandio c - mosaic 1a,presets-extra,89
amandio c - mosaic 2,presets-extra,89
amandio c - mosaic 3,presets-extra,89
amandio c - mosaic 4,presets-extra,89
amandio c - mosaic 5,presets-extra,89
amandio c - mosaic 6,presets-extra,89
amandio c - mosaic 7,presets-extra,89
amandio c - mosaic 7 - my eyes are glazed over because i am dumb,presets-extra,89
amandio c - mosaic 7 - my eyes are glazed over because i am dumb - bead play,presets-extra,89
amandio c - mosquito,presets-extra,89
amandio c - moving ripple ,presets-extra,89
amandio c - muybridge's horse 1,presets-extra,89
amandio c - neon sign,presets-extra,89
amandio c - neon sign (megabuffs) 1,presets-extra,89
amandio c - neon sign (megabuffs) 2,presets-extra,89
amandio c - neon sign 1,presets-extra,89
amandio c - neptune 1,presets-extra,89
amandio c - neptune 2,presets-extra,89
amandio c - new ecllipse 1,presets-extra,89
amandio c - new ecllipse 1 ball,presets-extra,89
amandio c - new ecllipse 2,presets-extra,89
amandio c - new embrace 1,presets-extra,89
amandio c - new embrace 2,presets-extra,89
amandio c - new embrace 3,presets-extra,89
amandio c - new life,presets-extra,89
amandio c - new life a,presets-extra,89
amandio c - not a pi thing 2,presets-extra,89
amandio c - octopus isotropus,presets-extra,89
amandio c - odd star,presets-extra,89
amandio c - odd twins,presets-extra,89
amandio c - oldschool fractal,presets-extra,89
amandio c - ondulloscope,presets-extra,89
amandio c - ondulloscope 2,presets-extra,89
amandio c - op illusion 1,presets-extra,89
amandio c - op illusion 2,presets-extra,89
amandio c - op illusion 3,presets-extra,89
amandio c - op illusion blue spiral,presets-extra,89
amandio c - organic,presets-extra,89
amandio c - oscilloscope,presets-extra,89
amandio c - oscilloscope 1a,presets-extra,89
amandio c - oscilloscope 2,presets-extra,90
amandio c - oscilloscope 3,presets-extra,90
amandio c - oscilloscope 4,presets-extra,90
amandio c - oscilloscope 5,presets-extra,90
amandio c - oscilloscope 6,presets-extra,90
amandio c - painter's tools,presets-extra,90
amandio c - paperclip springs,presets-extra,90
amandio c - paperclip springs 1,presets-extra,90
amandio c - paperclip springs 2,presets-extra,90
amandio c - paperclip springs 3,presets-extra,90
amandio c - pendulum,presets-extra,90
amandio c - pendulum 3,presets-extra,90
amandio c - pendulum warp 2,presets-extra,90
amandio c - pendulum warp 3,presets-extra,90
amandio c - pendulum warp 4,presets-extra,90
amandio c - piano,presets-extra,90
amandio c - pixelized - cube,presets-extra,90
amandio c - polar value,presets-extra,90
amandio c - pole,presets-extra,90
amandio c - pong,presets-extra,90
amandio c - portal of Ra 1,presets-extra,90
amandio c - portal of Ra 1 (old MD),presets-extra,90
amandio c - portal of Ra 2,presets-extra,90
amandio c - portal of Ra 3,presets-extra,90
amandio c - portal of Ra 3 (old MD),presets-extra,90
amandio c - portal of Ra 4,presets-extra,90
amandio c - portal of Ra 4 (old MD),presets-extra,90
amandio c - prime forms,presets-extra,90
amandio c - prime forms 2,presets-extra,90
amandio c - probe,presets-extra,90
amandio c - pulse,presets-extra,90
amandio c - quiet life 1,presets-extra,90
amandio c - quiet life 2,presets-extra,90
amandio c - random mesh - fractal coarse,presets-extra,90
amandio c - random mesh - fractal fine,presets-extra,90
amandio c - random mesh - voronoi diagram coarse,presets-extra,90
amandio c - random mesh - voronoi diagram fine,presets-extra,90
amandio c - red and square,presets-extra,90
amandio c - red baron,presets-extra,90
amandio c - reflections,presets-extra,90
amandio c - ring system,presets-extra,90
amandio c - ripples,presets-extra,90
amandio c - rubik's dream,presets-extra,90
amandio c - rush 1,presets-extra,90
amandio c - rush 2,presets-extra,90
amandio c - rush 3,presets-extra,90
amandio c - rush 4,presets-extra,90
amandio c - salty beats,presets-extra,90
amandio c - salty beats - spiral,butterchurnPresetsMD1,
amandio c - salty bits - 1,presets-extra,90
amandio c - salty bits - 2,presets-extra,90
amandio c - salty bits - 3,presets-extra,90
amandio c - salty bits - 4,presets-extra,90
amandio c - salty bits - 5,presets-extra,90
amandio c - salty bits - 6,presets-extra,90
amandio c - salty bits - 7,presets-extra,90
amandio c - salty bits - 8,presets-extra,90
amandio c - salty bits - metropolis,presets-extra,90
amandio c - salty bits - walkers,presets-extra,90
amandio c - satellite chain,presets-extra,90
amandio c - savage garden,presets-extra,90
amandio c - scherezade 1,presets-extra,90
amandio c - scherezade 2,presets-extra,90
amandio c - secret garden 1,presets-extra,90
amandio c - secret garden 2,presets-extra,90
amandio c - secret garden 3,presets-extra,90
amandio c - secret garden 4,presets-extra,90
amandio c - secret garden 5,presets-extra,90
amandio c - secret garden 6,presets-extra,90
amandio c - secret garden 7,presets-extra,90
amandio c - secret garden 8,presets-extra,90
amandio c - shooting stars,presets-extra,90
amandio c - sinbody,presets-extra,90
amandio c - sinface 1,presets-extra,90
amandio c - sinface 1a,presets-extra,90
amandio c - sinface 2,presets-extra,90
amandio c - sinface 2a,presets-extra,90
amandio c - singull-2,presets-extra,90
amandio c - sinsea 1,presets-extra,90
amandio c - sinsea 2,presets-extra,90
amandio c - sinskater,presets-extra,90
amandio c - small life (goes disco),presets-extra,90
amandio c - snowflake,presets-extra,90
amandio c - spacewalkers 1,presets-extra,90
amandio c - spacewalkers 2,presets-extra,90
amandio c - spacewalkers 3,presets-extra,90
amandio c - speed,presets-extra,90
amandio c - speed 2,presets-extra,90
"amandio c - speed 2,5",presets-extra,90
amandio c - speed effect 1,presets-extra,90
amandio c - speed effect 2,presets-extra,90
amandio c - spherical ellipsoid,presets-extra,90
amandio c - spirogen,presets-extra,90
amandio c - spore,presets-extra,90
amandio c - stairway to pi,presets-extra,90
amandio c - star channel 1 ,presets-extra,90
amandio c - star channel 2,presets-extra,90
amandio c - starry night,presets-extra,90
amandio c - starry night 2,presets-extra,90
amandio c - stiil variations 1,presets-extra,90
amandio c - still variations - animated,presets-extra,90
amandio c - still variations - the Bund,presets-extra,90
amandio c - still variations - trees growing,presets-extra,90
amandio c - still variations - trees growing slowly,presets-extra,90
amandio c - still variations 2,presets-extra,90
amandio c - strangebox 1,presets-extra,90
amandio c - strangebox 2,presets-extra,90
amandio c - sunspectrum 1,presets-extra,90
amandio c - sunspectrum 2,presets-extra,90
amandio c - sunspectrum 2 doug stanhope doug stanhope doug stanhope doug stanhope doug stanhope,presets-extra,90
amandio c - supertubes a,presets-extra,90
amandio c - supertubes a(2),presets-extra,90
amandio c - supertubes b,presets-extra,90
amandio c - tangent beads 2,presets-extra,90
amandio c - temple of Ra 3,presets-extra,90
amandio c - temple of Ra 4,presets-extra,90
amandio c - temple of Ra 6,presets-extra,90
amandio c - temple of ra,presets-extra,90
amandio c - ten,presets-extra,90
amandio c - tendrils reflected 1,presets-extra,90
amandio c - tendrils reflected 2,presets-extra,90
amandio c - the climbing,presets-extra,90
amandio c - the funnel,presets-extra,90
amandio c - the green machine 07 - moving,presets-extra,90
amandio c - the green machine 08 - zoomed,presets-extra,90
amandio c - the green machine 09 - zoomed + moving,presets-extra,90
amandio c - the green machine 1,presets-extra,90
amandio c - the green machine 11 - normalized + zoom,presets-extra,91
amandio c - the green machine 12 - normalized + moving,presets-extra,91
amandio c - the green machine 2,presets-extra,91
amandio c - the green machine 2a,presets-extra,91
amandio c - the green machine 2b,presets-extra,91
amandio c - the green machine 2c,presets-extra,91
amandio c - the green machine 2d (normalized),presets-extra,91
amandio c - the green machine 2f (systematized),presets-extra,91
amandio c - the green machine 2g (systematized),presets-extra,91
amandio c - the green machine 2h (systematized),presets-extra,91
amandio c - the green machine 2i (systematized),presets-extra,91
amandio c - the green machine 2j (systematized),presets-extra,91
amandio c - the green machine 2k (systematized),presets-extra,91
amandio c - the green machine 3 - slow,presets-extra,91
amandio c - the green machine 4 - radial,presets-extra,91
amandio c - the green machine 4 - radial nature sludge,presets-extra,91
amandio c - the green machine 5 - normalized,presets-extra,91
amandio c - the orange room,presets-extra,91
amandio c - the orange room feat. tickles,presets-extra,91
amandio c - the source 2,presets-extra,91
amandio c - the spiral machine 2,presets-extra,91
amandio c - the spiral machine 3,presets-extra,91
amandio c - tickles,presets-extra,91
amandio c - torus,presets-extra,91
amandio c - tree of oz,presets-extra,91
amandio c - trick with cubes,presets-extra,91
amandio c - trigonometric mandelbrot,presets-extra,91
amandio c - turning point,presets-extra,91
amandio c - twelve moons 1,presets-extra,91
amandio c - twelve moons 2,presets-extra,91
amandio c - twelve moons 3,presets-extra,91
amandio c - twelve moons 4,presets-extra,91
amandio c - twelve moons 5,presets-extra,91
amandio c - twelve moons 6,presets-extra,91
amandio c - twin sparks 1,presets-extra,91
amandio c - twin sparks 2,presets-extra,91
amandio c - twin sparks 3,presets-extra,91
amandio c - united colors,presets-extra,91
amandio c - vader,presets-extra,91
amandio c - vector field,presets-extra,91
amandio c - water ripples - 2D,presets-extra,91
amandio c - western ducks,presets-extra,91
amandio c - woofer,presets-extra,91
amandio c - working city,presets-extra,91
amandioc - the source,presets-extra,91
ambient wallpaper 1,presets-extra,91
ambient wallpaper 2,presets-extra,91
ambient wallpaper 3,presets-extra,91
ambient wallpaper 4,presets-extra,91
anomaly,presets-extra,91
anomaly 1,presets-extra,91
anomaly 2,presets-extra,91
antimatter,presets-extra,91
apple,presets-extra,91
approach,presets-extra,91
askv 061907 - Devil's Raisen v2,presets-extra,91
asmyptote,presets-extra,91
baa - circle of dreamsfds,presets-extra,91
baa- Square rave2,presets-extra,91
baa=sqrad323 confounding,presets-extra,91
baa=sqrad42,presets-extra,91
baa=sqrad424s,presets-extra,91
bablonwarp - rovaster harlequin fractal,presets-extra,91
bad--spyro,presets-extra,91
bad-ekzom3,presets-extra,91
bad-ekzom3s,presets-extra,91
baked & Rovastar - sh00miez g0ne w!Ld,presets-extra,91
baked - 4-20 =),presets-extra,91
baked - Baked Dimensions,presets-extra,91
baked - Baked Dimensions [Bass Trip],presets-extra,91
baked - Baked Dimensions [Bass Trip]+(NEOhm's Relative Calm Remix),presets-extra,91
baked - Baked Dimensions [stone_er age],presets-extra,91
baked - CraZy MaZy of HaZy,presets-extra,91
baked - Focus,presets-extra,91
baked - Narcotic Hypnotic,presets-extra,91
baked - Rebellious Darkness,presets-extra,91
baked - River of Illusion,presets-extra,91
baked - River of Illusion (InfecteD acid mix),presets-extra,91
baked - River of Illusion Dillusion,presets-extra,91
baked - River of Illusion Dillusion [Bubble],butterchurnPresetsExtra2,
baked - TraPped EnCounter,presets-extra,91
baked - TraPped EnCounter_1,presets-extra,91
baked - blackwigger,presets-extra,91
baked - blackwigger2,presets-extra,91
baked - demon isolation,presets-extra,91
baked - demon isolation[drug mix],presets-extra,91
baked - demon isolation_1,presets-extra,91
baked - hurry up and wait,presets-extra,91
baked - insertion point,presets-extra,91
baked - itty tiddy biddy iddies,presets-extra,91
baked - itty tiddy biddy iddies[s0lorized],presets-extra,91
baked - jew baking machine of happiness,presets-extra,91
baked - just a Figment 0f your imagination,presets-extra,91
baked - mushroom rainbows,presets-extra,91
baked - mushroom rainbows (Swirl Mix),presets-extra,91
baked - mushroom rainbows[2],presets-extra,91
baked - mushroom rainbows[acid Storm],butterchurnPresetsMD1,
baked - sh00miez g0ne w!Ld,presets-extra,91
baked - soap eye,presets-extra,91
baked - trip searchlights,presets-extra,91
baked - trip searchlights [Gr0oVy],presets-extra,91
baked - trip searchlights [WarPed RemiX],presets-extra,91
baked - trip searchlights [almost there],presets-extra,91
baked - tyedeyed,presets-extra,91
baked - wAsted,presets-extra,91
baking powder,presets-extra,91
ball of combustion,presets-extra,91
bass kaleidosphere,presets-extra,91
bass zoom,presets-extra,91
bdrv + al - 3'C psycowpat,presets-extra,91
bdrv + al - Atlantic,presets-extra,91
bdrv + al - Square feild,presets-extra,91
bdrv + al - abyss6a,presets-extra,91
bdrv + al - are you sure that was only a cup of tea,presets-extra,91
bdrv + al - are you sure that was only a cup of tea2,presets-extra,91
bdrv + al - are you sure that was only a cup of tea2b,presets-extra,91
bdrv + al - centre of power,presets-extra,91
bdrv + al - def,presets-extra,91
bdrv + al - dude's starpulse vector,presets-extra,91
bdrv + al - gdt2,presets-extra,91
bdrv + al - hazey n mushroom,presets-extra,91
bdrv + al - intergalactic cactus alter,presets-extra,91
bdrv + al - intergalactic crusade of Civillage++6jjfhk,presets-extra,91
bdrv + al - nessy,presets-extra,92
bdrv + al - sta travel,presets-extra,92
bdrv + al - sta travel2,presets-extra,92
bdrv + al - sta travel2c,presets-extra,92
bdrv + al - temporary displacement beacon,presets-extra,92
bdrv + al - temporary displacement beacon...,presets-extra,92
bdrv + al - temporary displacement beacon...1,presets-extra,92
bdrv + al - temporary displacement beacon...1a,presets-extra,92
bdrv + al - temporary displacement beacon...1b,presets-extra,92
bdrv + al - temporary displacement beacon...1c,presets-extra,92
bdrv + al - temporary displacement beacon...1d,presets-extra,92
bdrv + al - temporary displacement beacon...1e,presets-extra,92
bdrv + al - temporary displacement beacon...1f,presets-extra,92
bdrv + al - temporary displacement beacon...1h,presets-extra,92
bdrv + al - temporary displacement beacon...1i,presets-extra,92
bdrv + al - temporary displacement beacon...1j,presets-extra,92
bdrv + al - temporary displacement beacon...1k,presets-extra,92
bdrv + al - temporary displacement beacon2,presets-extra,92
bdrv + al - temporary displacement beacon2a,presets-extra,92
bdrv + al - temporary displacement beacon2b,presets-extra,92
bdrv + al - temporary displacement beacon2beta,presets-extra,92
bdrv + al - temporary displacement beaconh,presets-extra,92
bdrv + al - temporary displacement meiosis,presets-extra,92
bdrv + al - temporary displacement phiscale,presets-extra,92
bdrv + al - temporary displacement plasma,presets-extra,92
bdrv + al - temporary displacement plasma2,presets-extra,92
bdrv + al - temporary displacement plasma3,presets-extra,92
bdrv + al - temporary displacement plasma4,presets-extra,92
bdrv + al - temporary displacement tube2d,presets-extra,92
bdrv + al - temporary displacement tube2lk,presets-extra,92
bdrv + al - velocity2e,presets-extra,92
bdrv + al - wriggly friend shaolin bhudda finger,presets-extra,92
bdrv + al - wriggly friend shaolin bhudda finger2,presets-extra,92
bdrv + al - wriggly friend shaolin bhudda finger3b,presets-extra,92
bdrv + al - wriggly friend25,presets-extra,92
bdrv + al - wriggly friend25g,presets-extra,92
bdrv + al -digistar10s,presets-extra,92
bdrv + al -digistar6cs,presets-extra,92
bdrv + al 3dRaGoNs - Shape 2 mx5,presets-extra,92
bdrv + al Aderrasi - Accelerator (Orbital Migraine) BDRV et  AL  rmxx,presets-extra,92
bdrv + al Aderrasi - Accelerator (Orbital Migraine) bdvr xxx4,presets-extra,92
bdrv + al Aderrasi - Accelerator (orbital Migraine)bdrv et.AL Bromo Mix,presets-extra,92
bdrv + al Aderrasi - Accelerator (orbital Migraine)bdrv et.AL Bromo Mix212,presets-extra,92
bdrv + al Aderrasi - Accelerator (orbital Migraine)bdrv91,presets-extra,92
bdrv + al Aderrasi - Accelerator (orbital Migraine)bdrv91a,presets-extra,92
bdrv + al Aderrasi - Accelerator (orbital Migraine)bdrv94,presets-extra,92
bdrv + al Aderrasi - Accelerator (reactor Chamber) rmx,presets-extra,92
bdrv + al Aderrasi - Acceleratorbdrv et.AL Zodiac Mix,presets-extra,92
bdrv + al Aderrasi - Acceleratorbdrv et.AL Zodiac Mix2,presets-extra,92
bdrv + al Aderrasi - Acceleratorbdrv et.AL Zodiac Mix68,presets-extra,92
bdrv + al Aderrasi - Airborne Artifact Of Destruction  rmx,presets-extra,92
bdrv + al Aderrasi - Airborne Artifact Of Destruction  rmx5,presets-extra,92
bdrv + al Aderrasi - Arcworld (strings That Bind) rmx,presets-extra,92
bdrv + al Aderrasi - Arcworldbdrv et.AL  bdrv plagiarising SHIFTER15,presets-extra,92
bdrv + al Aderrasi - Barcode Of Honor rmx,presets-extra,92
bdrv + al Aderrasi - Barcode Of Honor rmx2,presets-extra,92
bdrv + al Aderrasi - Barcode Of Honor rmx4,presets-extra,92
bdrv + al Aderrasi - Barcode of Honor  mx,presets-extra,92
bdrv + al Aderrasi - Blender rmx,presets-extra,92
bdrv + al Aderrasi - Blender rmx2,presets-extra,92
bdrv + al Aderrasi - Brilliance (Mind Twisting Substance) rmx 5,presets-extra,92
bdrv + al Aderrasi - Chromatic Voyagej phasing,presets-extra,92
bdrv + al Aderrasi - Graft (First Rate Heart) 5,presets-extra,92
bdrv + al Aderrasi - Hethram (korbinus) 2,presets-extra,92
bdrv + al Aderrasi - Madness Teaches us to Fight bdrv et.AL8,presets-extra,92
bdrv + al Aderrasi - Oracle (Southern Crossfire - Naval Battle) mxc,presets-extra,92
bdrv + al Aderrasi - Oracle (southern Crossfire) rmx21,presets-extra,92
bdrv + al Aderrasi - Oracle BDRV et  AL  rmx A,presets-extra,92
bdrv + al Aderrasi - Oracle BDRV et  AL  rmx o,presets-extra,92
bdrv + al Aderrasi - Oracle BDRV et  AL  rmx9.2f,presets-extra,92
bdrv + al Aderrasi - Oracle mop mix,presets-extra,92
bdrv + al Aderrasi - Oracle mop mix2,presets-extra,92
bdrv + al Aderrasi - Oraclebdrv et.AL  Rmx8000,presets-extra,92
bdrv + al Aderrasi - Particular Fusion (xe) rmx26,presets-extra,92
bdrv + al Aderrasi - Potion of Life BDRV et  AL  rmxmix5,presets-extra,92
bdrv + al Aderrasi - Potion of Resurrection BDRV et  AL  rmx5a,presets-extra,92
bdrv + al Aderrasi - Potion of Resurrection BDRV et  AL  rmxx1,presets-extra,92
bdrv + al Aderrasi - Potion of kali,presets-extra,92
bdrv + al Aderrasi - organic memory,presets-extra,92
bdrv + al Aderrasi - organic memory 2,presets-extra,92
bdrv + al Aderrasi - sigmoid brain tuneup,presets-extra,92
bdrv + al Aderrasi - sigmoid3h,presets-extra,92
bdrv + al Aderrasi - spyroblob,presets-extra,92
bdrv + al Aderrasi - telescopic radar shuffle,presets-extra,92
bdrv + al Aderrasi - valhalla,presets-extra,92
bdrv + al Aderrasi - zergmatron,presets-extra,92
bdrv + al Aderrasi -barnacle,presets-extra,92
bdrv + al Aderrasi et al - apocalypse newsflash,presets-extra,92
bdrv + al BDRV et  AL  rmx - couch potato mix,presets-extra,92
bdrv + al BDRV et  AL  rmx et al - electron loom2,presets-extra,92
bdrv + al BDRV et  AL  rmx et al - phantasm91,presets-extra,92
bdrv + al BDRV et  AL  rmx et al - phantasm91a,presets-extra,92
bdrv + al BDRV et  AL  rmx et al - recif,presets-extra,92
bdrv + al BDRV et  AL  rmx et al - recif2,presets-extra,92
bdrv + al BDRV et  AL  rmx et al -phantasmii af,presets-extra,92
bdrv + al BDRV et  AL  rmx rovastar phat eos - cosmic sea2 BDRV et  AL  rmx2,presets-extra,92
bdrv + al BDRV et  AL  rmx rovastar phat eos - cosmic sea2 BDRV et  AL  rmx2b,presets-extra,92
bdrv + al BDRV et  AL  rmx rovastar phat eos - cosmic sea2 BDRV et  AL  rmx2bc,presets-extra,92
bdrv + al BDRV et  AL - beelte7,presets-extra,92
bdrv + al BDRV et  AL - hypngoggles x4,presets-extra,92
bdrv + al Bablonwarp - Rovaster Harlequin Fractal rmx,presets-extra,92
bdrv + al Baked - Narcotic Hypnotic rmx3,presets-extra,92
bdrv + al Baked - Narcotic Hypnotic rmx5,presets-extra,92
bdrv + al Baked - Trapped Encounter rmx,presets-extra,92
bdrv + al Benjam - Grid (Color remix),presets-extra,92
bdrv + al Bw - Wobblinatorbdrv212,presets-extra,92
bdrv + al Bw - Wobblinatorbdrv2121,presets-extra,92
bdrv + al Bw Rovastar - The Angels Are Dead rmx,presets-extra,92
bdrv + al Eo.S - Phat - randombox 35,presets-extra,92
bdrv + al Eo.S. + Phat - chasers 02 daemonmxsss,presets-extra,92
bdrv + al Eo.S. + Phat - chasers 07 nematode_white_mix3a,presets-extra,92
bdrv + al Eo.S. + Phat - chasers 07 nematode_white_mixmx,presets-extra,92
bdrv + al Eo.S. + Phat - chasers 08 nematode_Teal_mix2 bdrv et.AL5,presets-extra,92
bdrv + al Eo.S. + Phat - chasers 08 nematode_Teal_mix24,presets-extra,92
bdrv + al Eo.S. + Phat - chasers 19 Portal_v2 bdrv et.AL2,presets-extra,92
bdrv + al Eo.S. + Phat - chasers 19 Portal_v2b BDRV et  AL  rmx5,presets-extra,92
bdrv + al Eo.S. + Phat - fat stu n cru,presets-extra,92
bdrv + al Eo.S. + Phat - goa is full of scaggy roofracks n aguada stinks,presets-extra,92
bdrv + al Eo.S. + Phat - recursion frustum 02_Ananda_Flash_Remix zion G seizure 3mx,presets-extra,92
bdrv + al Eo.S. + Phat and Zylot - Chasers (Sentinal Wizdom Mix)mx4,presets-extra,92
bdrv + al Eo.S. + Redi Jedi - frequency analysis + glowsticks -  glow - o - scope male left handed complements (Milkdrop beta ver2) BDRV et  AL  rmx5,presets-extra,92
bdrv + al Eo.S. + Redi Jedi - frequency analysis + glowsticks -  glow - o - scope male left handed complements (Milkdrop beta ver2) BDRV et  AL  rmx6,presets-extra,92
bdrv + al Eo.S. + Redi Jedi - frequency analysis + glowsticks -  glow - o - scope male left handed complements (Milkdrop beta ver2) BDRV et  AL  rmx8,presets-extra,92
bdrv + al Eo.S. + Redi Jedi - frequency analysis + glowsticks -  glow - o - scope male left handed complements (Milkdrop beta ver2) bdrv et.AL9,presets-extra,92
bdrv + al Eo.S. + Redi Jedi - frequency analysis + glowsticks -  glow - o - scope male left handed complements (Milkdrop beta ver2) bdrv et.AL9a,presets-extra,92
bdrv + al Eo.S. + Redi Jedi - frequency analysis + glowsticks -  glow - o - scope male left handed complements Bdrv shimmer mix,presets-extra,92
bdrv + al Eo.S. + Redi Jedi _Phat_Insanity psi crusader2,presets-extra,92
bdrv + al Eo.S. - glowsticks v2 05 and proton lights (+Krash's beat code) _Phat_remix03 madhatter mx,presets-extra,93
bdrv + al Eo.S. - more waveforms 5 mx,presets-extra,93
bdrv + al Eo.S. - pulsecube BDRV et  AL  rmxmix 25,presets-extra,93
bdrv + al Eo.S. - sarc g bdrv et.AL2,presets-extra,93
bdrv + al Eo.S. - sarc g bdrv et.AL7,presets-extra,93
bdrv + al Eo.S. Whale_soul BDRV et  AL  rmx21,presets-extra,93
bdrv + al Eo.S. planetfunk-04 - trip1_phat_edit_4 - EoS_jewels_mix,presets-extra,93
bdrv + al Eo.S. planetfunk-10 - tracers E_phat_edit mxc,presets-extra,93
bdrv + al Eo.S.+Phat - Bob Marley after a bong,presets-extra,93
bdrv + al Eo.S.+Phat - Flare bdrv et.AL21,presets-extra,93
bdrv + al Eo.S.+Phat - Flare bdrv et.AL22,presets-extra,93
bdrv + al Eo.S.+Phat - Flare bdrv et.AL28zo,presets-extra,93
bdrv + al Eo.S.+Phat - Ulysses 31,presets-extra,93
bdrv + al Eo.S.+Phat - bright lights big cities,presets-extra,93
bdrv + al Eo.S.+Phat - intergalactic Theatre,presets-extra,93
bdrv + al Eo.S.+Phat - intergalactic archbaby,presets-extra,93
bdrv + al Eo.S.+Phat - intergalactic archbaby2,presets-extra,93
bdrv + al Eo.S.+Phat - intergalactic archsufi,presets-extra,93
bdrv + al Eo.S.+Phat - intergalactic archzephyr,presets-extra,93
bdrv + al Eo.S.+Phat - intergalactic bhudda ears3,presets-extra,93
bdrv + al Eo.S.+Phat - intergalactic blob analyser,presets-extra,93
bdrv + al Eo.S.+Phat - intergalactic blob analyser n,presets-extra,93
bdrv + al Eo.S.+Phat - intergalactic blob analyser n2,presets-extra,93
bdrv + al Eo.S.+Phat - intergalactic blob analyser n2a,presets-extra,93
bdrv + al Eo.S.+Phat - intergalactic blob analyser n2a3,presets-extra,93
bdrv + al Eo.S.+Phat - intergalactic blob analyser n2a4,presets-extra,93
bdrv + al Eo.S.+Phat - intergalactic blob analyser n2a4a,presets-extra,93
bdrv + al Eo.S.+Phat - intergalactic blob analyser2,presets-extra,93
bdrv + al Eo.S.+Phat - intergalactic blob analyser2a,presets-extra,93
bdrv + al Eo.S.+Phat - intergalactic blob analyser_Phenix_Clean_Mix,presets-extra,93
bdrv + al Eo.S.+Phat - intergalactic blob analyser_Phenix_Clean_Mix 8,presets-extra,93
bdrv + al Eo.S.+Phat - intergalactic blob analyser_Phenix_Clean_Mix g2,presets-extra,93
bdrv + al Eo.S.+Phat - intergalactic blob analyser_Phenix_Mix,presets-extra,93
bdrv + al Eo.S.+Phat - intergalactic blob analyser_Phenix_WHATEVER_Mix,presets-extra,93
bdrv + al Eo.S.+Phat - intergalactic blob analyserf nd,presets-extra,93
bdrv + al Eo.S.+Phat - intergalactic blob analyserf2w,presets-extra,93
bdrv + al Eo.S.+Phat - intergalactic blob analyserfr,presets-extra,93
bdrv + al Eo.S.+Phat - intergalactic blob analyserfr2,presets-extra,93
bdrv + al Eo.S.+Phat - intergalactic blob analyserfr2a,presets-extra,93
bdrv + al Eo.S.+Phat - intergalactic blob analyserfr2f,presets-extra,93
bdrv + al Eo.S.+Phat - intergalactic blob analyserfr2fa,presets-extra,93
bdrv + al Eo.S.+Phat - intergalactic blob analyserfr2k,presets-extra,93
bdrv + al Eo.S.+Phat - intergalactic celtic graviton,presets-extra,93
bdrv + al Eo.S.+Phat - intergalactic conquest flag,presets-extra,93
bdrv + al Eo.S.+Phat - intergalactic conquest flag2,presets-extra,93
bdrv + al Eo.S.+Phat - intergalactic conquest flag2a,presets-extra,93
bdrv + al Eo.S.+Phat - intergalactic conquest flag2b,presets-extra,93
bdrv + al Eo.S.+Phat - intergalactic conquest flag3,presets-extra,93
bdrv + al Eo.S.+Phat - intergalactic conquest flag3a,presets-extra,93
bdrv + al Eo.S.+Phat - intergalactic conquest flagi,presets-extra,93
bdrv + al Eo.S.+Phat - intergalactic conquest flagii,presets-extra,93
bdrv + al Eo.S.+Phat - intergalactic conquest flagiii,presets-extra,93
bdrv + al Eo.S.+Phat - intergalactic conquest flagiv,presets-extra,93
bdrv + al Eo.S.+Phat - intergalactic conquest flaq,presets-extra,93
bdrv + al Eo.S.+Phat - intergalactic conquest jelly cubes,presets-extra,93
bdrv + al Eo.S.+Phat - intergalactic crusade,presets-extra,93
bdrv + al Eo.S.+Phat - intergalactic crusade for amazomite,presets-extra,93
bdrv + al Eo.S.+Phat - intergalactic crusade for humanity,presets-extra,93
bdrv + al Eo.S.+Phat - intergalactic crusade for humanity 2048,presets-extra,93
bdrv + al Eo.S.+Phat - intergalactic crusade for humanity 2048a,presets-extra,93
bdrv + al Eo.S.+Phat - intergalactic crusade for humanity 4096,presets-extra,93
bdrv + al Eo.S.+Phat - intergalactic crusade for humanity 4096v,presets-extra,93
bdrv + al Eo.S.+Phat - intergalactic crusade for humanity 4096vx,presets-extra,93
bdrv + al Eo.S.+Phat - intergalactic crusade for humanity2,presets-extra,93
bdrv + al Eo.S.+Phat - intergalactic crusade for nebula x4,presets-extra,93
bdrv + al Eo.S.+Phat - intergalactic crusade of Civil-isation,presets-extra,93
bdrv + al Eo.S.+Phat - intergalactic crusade of Civil-isation v,presets-extra,93
bdrv + al Eo.S.+Phat - intergalactic crusade of Civil-isation2,presets-extra,93
bdrv + al Eo.S.+Phat - intergalactic crusade of Civil-isation4,presets-extra,93
bdrv + al Eo.S.+Phat - intergalactic crusade of Civillage++ 7d,presets-extra,93
bdrv + al Eo.S.+Phat - intergalactic crusade of Civillagezez4c,presets-extra,93
bdrv + al Eo.S.+Phat - intergalactic crusade of elephant minge2,presets-extra,93
bdrv + al Eo.S.+Phat - intergalactic crusade of ronin 4096,presets-extra,93
bdrv + al Eo.S.+Phat - intergalactic crusader starship,presets-extra,93
bdrv + al Eo.S.+Phat - intergalactic deathwing,presets-extra,93
bdrv + al Eo.S.+Phat - intergalactic don't know,presets-extra,93
bdrv + al Eo.S.+Phat - intergalactic don't know2,presets-extra,93
bdrv + al Eo.S.+Phat - intergalactic eavesdropper,presets-extra,93
bdrv + al Eo.S.+Phat - intergalactic freighter,presets-extra,93
bdrv + al Eo.S.+Phat - intergalactic fuzzball,presets-extra,93
bdrv + al Eo.S.+Phat - intergalactic g.u.d.a.n.g,presets-extra,93
bdrv + al Eo.S.+Phat - intergalactic nemesis doom,presets-extra,93
bdrv + al Eo.S.+Phat - intergalactic net console,presets-extra,93
bdrv + al Eo.S.+Phat - intergalactic net console2,presets-extra,93
bdrv + al Eo.S.+Phat - intergalactic net console2d,presets-extra,93
bdrv + al Eo.S.+Phat - intergalactic ork cathedral,presets-extra,93
bdrv + al Eo.S.+Phat - intergalactic parcel man,presets-extra,93
bdrv + al Eo.S.+Phat - intergalactic phi,presets-extra,93
bdrv + al Eo.S.+Phat - intergalactic skull,presets-extra,93
bdrv + al Eo.S.+Phat - intergalactic stealth,presets-extra,93
bdrv + al Eo.S.+Phat - intergalactic stealth2,presets-extra,93
bdrv + al Eo.S.+Phat - intergalactic stealth2a,presets-extra,93
bdrv + al Eo.S.+Phat - intergalactic stealth5e,presets-extra,93
bdrv + al Eo.S.+Phat - intergalactic stinky fly,presets-extra,93
bdrv + al Eo.S.+Phat - intergalactic stripe gun,presets-extra,93
bdrv + al Eo.S.+Phat - intergalactic swarm of drones,presets-extra,93
bdrv + al Eo.S.+Phat - intergalactic swarm of drones...you are surrounded,presets-extra,93
bdrv + al Eo.S.+Phat - intergalactic termocline ,presets-extra,93
bdrv + al Eo.S.+Phat - intergalactic termocline 2,presets-extra,93
bdrv + al Eo.S.+Phat - intergalactic termocline 2a,presets-extra,93
bdrv + al Eo.S.+Phat - intergalactic termocline 2a zzzzz,presets-extra,93
bdrv + al Eo.S.+Phat - intergalactic ugli pod,presets-extra,93
bdrv + al Eo.S.+Phat - intergalactic ugli pod2,presets-extra,93
bdrv + al Eo.S.+Phat - intergalactic ugli poditewww.imdb.com sx=-1.2;~rot=11;~,presets-extra,93
bdrv + al Eo.S.+Phat - intergalactic ugli2,presets-extra,93
bdrv + al Eo.S.+Phat - intergalactic weird 5,presets-extra,93
bdrv + al Eo.S.+Phat - intergalactic weird 5a,presets-extra,93
bdrv + al Eo.S.+Phat - intergalactic wtf2,presets-extra,93
bdrv + al Eo.S.+Phat - kromosome,presets-extra,93
bdrv + al Eo.S.+Phat - kromosome2,presets-extra,93
bdrv + al Eo.S.+Phat - licence to drill,presets-extra,93
bdrv + al Eo.S.+Phat - licence to drill...empty phenomenon 2,presets-extra,93
bdrv + al Eo.S.+Phat - licence to drill...empty phenomenon in a childish world mix,presets-extra,93
bdrv + al Eo.S.+Phat - licence to drill...empty phenomenon mix,presets-extra,93
bdrv + al Eo.S.+Phat - licence to drill...empty phenomenon mix2,presets-extra,93
bdrv + al Eo.S.+Phat - licence to druel,presets-extra,93
bdrv + al Eo.S.+Phat - licence to druel2,presets-extra,93
bdrv + al Eo.S.+Phat - licence to druel2a,presets-extra,93
bdrv + al Eo.S.+Phat - mungefuddler,presets-extra,93
bdrv + al Eo.S.+Phat - mungefuddler f,presets-extra,93
bdrv + al Eo.S.+Phat - mungefuddler x,presets-extra,93
bdrv + al Eo.S.+Phat - mungefuddler2t,presets-extra,93
bdrv + al Eo.S.+Phat - pathogenic dementia swab,presets-extra,93
bdrv + al Eo.S.+Phat - sizzle_Phat_Mysterical_Edit,presets-extra,93
bdrv + al Eo.S.+Phat Fractical_dancer - freeze frame3mxc,presets-extra,93
bdrv + al Eo.S.+Phat Fractical_dancer - pulsatemxc,presets-extra,93
bdrv + al Eo.S.+Phat Warping_Glass_Eye mxc,presets-extra,93
bdrv + al Eo.S._Phat + shifter + malalol - aguada snowy days of summer2,presets-extra,93
bdrv + al Eo.S._Phat - aguada days,presets-extra,94
bdrv + al Eo.S._Phat - aguada days2,presets-extra,94
bdrv + al Eo.S._Phat technicolor B mx,presets-extra,94
bdrv + al Eo.S._Phat_Let_go_Wana_Sezure bdrv et.AL2!1,presets-extra,94
bdrv + al Eo.S._Phat_spiny_boxes mx rip curl,presets-extra,94
bdrv + al Eo.s. + Phat - Chasers 06 Nematode_white_mic bdrv wtf,presets-extra,94
bdrv + al Eo.s. + Phat - Chasers 06 Nematograph,presets-extra,94
bdrv + al Eo.s. + Phat - Chasers 06 Nematograph2,presets-extra,94
bdrv + al Eo.s. + Phat - Chasers 07 Nematode_crap mix,presets-extra,94
bdrv + al Eo.s. + Phat - Chasers 07 Nematode_white_mix rmx2,presets-extra,94
bdrv + al Eo.s. + Phat - Chasers 08 Nematode_teal_mix rmx2,presets-extra,94
bdrv + al Eo.s. + Redi Jedi _phat_mexican_insanity_pepper_striped(1.04) rmx8,presets-extra,94
bdrv + al Eo.s. + Redi Jedi _phat_mexican_insanity_pepper_striped(1.04) rmx81,presets-extra,94
bdrv + al Eo.s. + Redi Jedi _phat_mexican_insanity_pepper_striped(1.04) rmx9,presets-extra,94
bdrv + al Eo.s. + Redi Jedi _phat_mexican_insanity_pepper_striped(1.04) rmx99,presets-extra,94
bdrv + al Eo.s. + Redi Jedi _phat_mexican_insanity_peppers(1.04) patio mix,presets-extra,94
bdrv + al Eo.s. + Redi Jedi _phat_mexican_insanity_peppers(1.04) vertigo rmx,presets-extra,94
bdrv + al Eo.s. - Pulsecubebdrv et.AL  Rmxmix 25,presets-extra,94
bdrv + al Eo.s. - Sarc Gbdrv2,presets-extra,94
bdrv + al Eo.s. - Sarc Gbdrv2 mx,presets-extra,94
bdrv + al Eo.s. - Sarc Gbdrv2 mx_Phat_RedEye_FractalView_v2,presets-extra,94
bdrv + al Eo.s. - Sarc Gbdrv2 mx_Phat_RedEye_FractalView_v3,presets-extra,94
bdrv + al Eo.s. - Sarc Gbdrv2 mx_Phat_RedEye_FractalView_v4,presets-extra,94
bdrv + al Eo.s. - Sarc Gbdrv2s,presets-extra,94
bdrv + al Eo.s.+phat - Conductor_module_inward_portal rmx,presets-extra,94
bdrv + al Fvese - Rebirth mxc,presets-extra,94
bdrv + al Fvese - Rebirth mxcsg,presets-extra,94
bdrv + al Fvese - Rebirth mxcsgs,presets-extra,94
bdrv + al Fvese - Rebirth mxcsgs_1,presets-extra,94
bdrv + al Krash & Rovastar - Cerebral Demons - Phat + Eo.S Golden Remixmx,presets-extra,94
bdrv + al Krash & Rovastar - Cerebral Demons - Phat + Eo.S Golden Remixmx7,presets-extra,94
bdrv + al Krash & Rovastar - Cerebral Demons - Phat + Eo.S Tides Remix mx,presets-extra,94
bdrv + al Krash & Rovastar - Cerebral Demons - Phat + Eo.S. GoatGod Remix mx,presets-extra,94
bdrv + al Krash & Rovastar - Cerebral Demons - Phat + Eo.S. Killer Death Bunny Remix2,presets-extra,94
bdrv + al Krash & Rovastar - Cerebral Demons - Phat + Eo.S. Killer Death Bunny Remix23,presets-extra,94
bdrv + al Krash & Rovastar - Cerebral Demons - Phat + Eo.S. Moire gates Remix2,presets-extra,94
bdrv + al Krash & Rovastar - Cerebral Demons - Phat + Eo.S. braindevil mix BDRV et  AL  stringent rmx 3,presets-extra,94
bdrv + al Krash & Rovastar - Cerebral Demons - Phat + Eo.S. braindevil mix BDRV et  AL  stringent rmx 5,presets-extra,94
bdrv + al Krash & Rovastar - icicle2b,presets-extra,94
bdrv + al Krash & Yin + Phat - Electric Universe (uncertainty Principle)_remix_v2 bdrv plagiarising SHIFTER2,presets-extra,94
bdrv + al Krash & Yin + Phat - Electric Universe (uncertainty Principle)_remix_v2 bdrv plagiarising SHIFTER3,presets-extra,94
bdrv + al Krash & yin - Electric universe (atomic energy) mxx,presets-extra,94
bdrv + al Krash + Eo.s. - Photographic Sentinel_phat's_crayola_box_mix_v2 rmxh,presets-extra,94
bdrv + al Krash - Framed Geometry bdrv 7,presets-extra,94
bdrv + al Krash - Framed Geometry bdrv plagiarising SHIFTER,presets-extra,94
bdrv + al Mstress -  zoobmatron,presets-extra,94
bdrv + al Mstress - Acid Universes (big Bang Interferences Mix 2) bdrv plagiarising SHIFTER,presets-extra,94
bdrv + al Mstress - Color Eater bdrv plagiarising SHIFTER2,presets-extra,94
bdrv + al Nighthawk - Eye Of Gawd_phat_spiral_edit_v2 rmx,presets-extra,94
bdrv + al Nighthawk - My Third Eye_phat_edit_v2(redi Jedi Crap I Put Acid In My Eye Mix) bdrv plagiarising SHIFTER,presets-extra,94
bdrv + al Phat And Eo.s. _ Shapes Are Cool_slow_colour_melting_editbdrv et.AL  fruity Rmxmix,presets-extra,94
bdrv + al Phat and Eo.S. _ shapes are cool_slow_colour_melting_edit BDRV et  AL  rmxmix2x,presets-extra,94
bdrv + al Phat and Eo.S. _ shapes are cool_slow_colour_melting_edit BDRV et  AL  rmxmix32,presets-extra,94
bdrv + al Phat+Eo.S 3way=),presets-extra,94
bdrv + al Phat+Eo.S. - Atangent flux mx,presets-extra,94
bdrv + al Phat+Eo.S_Mandala_Chasers_remix_spectrum mx,presets-extra,94
bdrv + al Phat+eo.s_mandala_chasers_remix_targeting_mix rmx,presets-extra,94
bdrv + al Phat+eo.s_mandala_chasers_remix_targeting_mix rmx2,presets-extra,94
bdrv + al Phat_Aderrasi_Eo.S - Mind (Reader) Magi2 mxc,presets-extra,94
bdrv + al Phat_Eo.S - 3am zzc,presets-extra,94
bdrv + al Phat_Eo.S Pop lock BDRV et  AL  rmx2,presets-extra,94
bdrv + al Phat_Eo.S Pop lock BDRV et  AL  rmx23,presets-extra,94
bdrv + al Phat_Eo.S Pop lock BDRV et  AL  rmx3,presets-extra,94
bdrv + al Phat_Zylot_Eo.S. Trippy_rotation_v2 BDRV et  AL  rmx5,presets-extra,94
bdrv + al Phat_Zylot_Eo.S. rainbow bubble_mid3- exothermix,presets-extra,94
bdrv + al Phat_Zylot_Eo.S. rainbow bubble_mid3- exothermix 2,presets-extra,94
bdrv + al Phat_Zylot_Eo.S. spiral_Movements mx i,presets-extra,94
bdrv + al Phat_eo.s._god_boxes_v2 5,presets-extra,94
bdrv + al Phat_tempes7_ag3ndum poltermix af,presets-extra,94
bdrv + al Phat_tempes7_ag3ndum rmx,presets-extra,94
bdrv + al Phat_tempes7_ag3ndum rmx2,presets-extra,94
bdrv + al Phat_zylot_eo.s. Rainbow Bubble_science_v2 bdrv iii,presets-extra,94
bdrv + al Reenen - Matrix Screensaver mx,presets-extra,94
bdrv + al Reenen - Matrix Screensaver2,presets-extra,94
bdrv + al Rovastar & Aderrasi - Airs Of Change rmx,presets-extra,94
bdrv + al Rovastar & Che - Adela The Flower (Altars Of Madness Mix 2)3,presets-extra,94
bdrv + al Rovastar & Che - Adela The Flower (Altars Of Madness Mix 2)BDRV et  AL  rmxmix31,presets-extra,94
bdrv + al Rovastar & Che - Adela The Flower (Altars Of Madness Mix 2)BDRV et  AL  rmxmix32,presets-extra,94
bdrv + al Rovastar & Idiot24-7 - Marphet's Shrine mx,presets-extra,94
bdrv + al Rovastar - A Million Miles from Earth mxi,presets-extra,94
bdrv + al Rovastar - A Million Miles from Earth mxia,presets-extra,94
bdrv + al Rovastar - A Million Miles from Earth mxii,presets-extra,94
bdrv + al Rovastar - A Million Miles from Earth mxiii,presets-extra,94
bdrv + al Rovastar - A Million Miles from Earth mxiv,presets-extra,94
bdrv + al Rovastar - A Million Miles from Earth mxvi,presets-extra,94
bdrv + al Rovastar - A Million Miles from Earthmx,presets-extra,94
bdrv + al Rovastar - A Million Miles from Earthmx5,presets-extra,94
bdrv + al Rovastar - Altars Of Harlequin's Madness mx xi,presets-extra,94
bdrv + al Rovastar - Altars Of Harlequin's Madness rmx,presets-extra,94
bdrv + al Rovastar - Altars Of Madness 4 (Spirit Of Twisted Madness Mix)mx,presets-extra,94
bdrv + al Rovastar - Dark Ritual (star Of Destiny Mix) rmx,presets-extra,94
bdrv + al Rovastar - Explosive Minds Bug Mix  rmx2,presets-extra,94
bdrv + al Rovastar - Explosive Minds Bug Mix  rmx21,presets-extra,94
bdrv + al Rovastar - Explosive Minds Bug Mix wait a moment  rmx,presets-extra,94
bdrv + al Rovastar - Fractode ray tube2ag,presets-extra,94
bdrv + al Rovastar - Fractopia (Fantic Dancing Lights Mix) mxx,presets-extra,94
bdrv + al Rovastar - Fractopia (Fantic Dancing Lights Mix) mxxx,presets-extra,94
bdrv + al Rovastar - Fractopia (Galaxy Swirl Mix) bdrv et.AL5,presets-extra,94
bdrv + al Rovastar - Fractopia (Galaxy Swirl Mix)mx,presets-extra,94
bdrv + al Rovastar - Fractopia (Galaxy Swirl Mix)mx3,presets-extra,94
bdrv + al Rovastar - Fractopia (Galaxy Swirl Mix)mx36,presets-extra,94
bdrv + al Rovastar - Fractopia (Upspoken Mix) bdrv et.AL wtfk,presets-extra,94
bdrv + al Rovastar - Fractopia (Upspoken Mix) bdrv et.AL3,presets-extra,94
bdrv + al Rovastar - Fractopia (Upspoken Mix) bdrv et.AL5,presets-extra,94
bdrv + al Rovastar - Fractopia (Upspoken Mix) bdrv et.AL51,presets-extra,94
bdrv + al Rovastar - Fractopia (Upspoken Mix) bdrv et.AL512,presets-extra,94
bdrv + al Rovastar - Fractopia (Upspoken Mix) bdrv et.AL514,presets-extra,94
bdrv + al Rovastar - Fractopia (Upspoken Mix) bdrv et.AL515,presets-extra,94
bdrv + al Rovastar - Fractopia (Upspoken Mix) bdrv et.AL517,presets-extra,94
bdrv + al Rovastar - Fractopia (Upspoken Mix) bdrv et.AL55,presets-extra,94
bdrv + al Rovastar - Fractopia (Upspoken Mix) bdrv et.AL57,presets-extra,94
bdrv + al Rovastar - Fractopia (Upspoken Mix) mx,presets-extra,94
bdrv + al Rovastar - Fractopia (Upspoken Mix)mx 5,presets-extra,94
bdrv + al Rovastar - Fractopia (Upspoken Mix)mx 53,presets-extra,94
bdrv + al Rovastar - Fractopia (Upspoken Mix)mx 6,presets-extra,94
bdrv + al Rovastar - Fractopia (Upspoken Mix)mx31,presets-extra,94
bdrv + al Rovastar - Fractopia bdrv132456 mix bleuarg,presets-extra,94
bdrv + al Rovastar - Intense Desire peach mix,presets-extra,94
bdrv + al Rovastar - Jester's Surreal Tornado mxc,presets-extra,94
bdrv + al Rovastar - Jester's Surreal Tornado mxd,presets-extra,94
bdrv + al Rovastar - Jester's Surreal Tornado mxf2,presets-extra,94
bdrv + al Rovastar - Kalideostars (Altars Of Madness MIx) bdrv et.AL5i,presets-extra,94
bdrv + al Rovastar - Kalideostars (Altars Of Madness MIx)mx2,presets-extra,94
bdrv + al Rovastar - Lost Souls of the Bermuda Triangle (Darkest Souls Mix)mxc,presets-extra,94
bdrv + al Rovastar - Paradigm Sphere mx1the,presets-extra,94
bdrv + al Rovastar - Sunflower Passion (simple Mix) rmx,presets-extra,94
bdrv + al Rovastar - The Chaos Of Colours mx,presets-extra,94
bdrv + al Rovastar - The Chaos Of Colours mxx,presets-extra,95
bdrv + al Rovastar - VooV's Brainwaves 2 (Mirror Mix)mx,presets-extra,95
bdrv + al Rovastar - bdrv mostly copies other people's code12,presets-extra,95
bdrv + al Rovastar - bdrv mostly copies other people's code9,presets-extra,95
bdrv + al Rovastar - remarc n wishdokta,presets-extra,95
bdrv + al Rovastar - rockputty2,presets-extra,95
bdrv + al Rozzor - Icebreaker wtf bdrv plagiarising SHIFTER,presets-extra,95
bdrv + al StudioMusic & Unchained - So Much Love (Caught In The Middle Mix)mxc,presets-extra,95
bdrv + al Syst3mFailur  - SOD - 3,presets-extra,95
bdrv + al Syst3mFailur  - SOD - 3 af,presets-extra,95
bdrv + al Syst3mFailur  - SOD - 3 mx,presets-extra,95
bdrv + al T-Miles - Halflife 3 BDRV et  AL  rmx23,presets-extra,95
bdrv + al T-Miles - Halflife 3 BDRV et  AL  rmx41,presets-extra,95
bdrv + al T-Miles - Halflife 3 BDRV et  AL  rmx52,presets-extra,95
bdrv + al T-Miles - Halflife 3 bdrv et.AL2,presets-extra,95
bdrv + al Telek & EMPR - Crystal Mirror Ball mxc,presets-extra,95
bdrv + al Telek & EMPR - The mangrove,presets-extra,95
"bdrv + al Telek & EMPR - Trust Me, I've Got A Melwaysmx",presets-extra,95
bdrv + al Telek & EMPR - Warp Box bdrv et.AL2,presets-extra,95
bdrv + al Telek & EMPR - Warp Box pyramid BDRV et  AL  rmx5,presets-extra,95
bdrv + al Telek - City Helix Lattice BDRV et  AL  rmx12,presets-extra,95
bdrv + al Telek - Matrix Encoding (Progressive Layer Codec Mix) BDRV et  AL  rmx2,presets-extra,95
bdrv + al Telek - Matrix Encoding (Progressive Layer Codec Mix) BDRV et  AL  rmx21,presets-extra,95
bdrv + al Telek - Matrix Encoding (Progressive Layer Codec Mix) BDRV et  AL  rmx31,presets-extra,95
bdrv + al Telek - Matrix Encoding (Progressive Layer Codec Mix) BDRV et  AL  rmx31a,presets-extra,95
"bdrv + al Telek - Target Practice (Tracking, Puzzle, Linear Mix)mx",presets-extra,95
bdrv + al Telek - Target Practice mx,presets-extra,95
bdrv + al Telek - Target Practice mxc,presets-extra,95
bdrv + al Unchained - ventilation rmx,presets-extra,95
bdrv + al Zylot - Riding The Sound Waves zzxc,presets-extra,95
bdrv + al bw phat eos -  reverb 41,presets-extra,95
bdrv + al bw phat eos -  reverb 412,presets-extra,95
bdrv + al bw phat eos -  reverb61,presets-extra,95
bdrv + al bw phat eos -  revermind2,presets-extra,95
bdrv + al bw phat eos -  revermoeba,presets-extra,95
bdrv + al bw rovastar phat eos - cosmic tube zoom35811,presets-extra,95
bdrv + al et  AL  rmx - calendar pipe 5x,presets-extra,95
bdrv + al fiShbRaiN + Eo.S._Phat - The Machine Final mx,presets-extra,95
bdrv + al fiShbRaiN + Eo.S._Phat - The Machine flexi mix,presets-extra,95
bdrv + al fiShbRaiN + Eo.S._Phat - the machine that eats people_v4,presets-extra,95
bdrv + al phat + Eo.S. - abyss mxci,presets-extra,95
bdrv + al phat_Tempes7_Ag3ndum flint mix mxc,presets-extra,95
bdrv + al phat_simple spiral,presets-extra,95
bdrv + al shifter + Aderrasi - Airhandler (Sadako) mxzx,presets-extra,95
bdrv + al shifter - Y.A.K. (Yet Another Kaleidoscope) 00 bdrv et.AL2,presets-extra,95
bdrv + al shifter - Y.A.K. (Yet Another Kaleidoscope) 00 bdrv et.AL5,presets-extra,95
bdrv + al shifter - Y.A.K. (Yet Another Kaleidoscope) 00 bdrv et.AL6,presets-extra,95
bdrv + al shifter - Y.A.K. (Yet Another Kaleidoscope) 00 bdrv et.AL65,presets-extra,95
bdrv + al shifter - cellular_Phat_YAK_Infusion bdrv et.AL231,presets-extra,95
bdrv + al shifter - escape the event Horizon,presets-extra,95
bdrv + al shifter - escape the frenetic scrapbook bastard2,presets-extra,95
bdrv + al shifter - eye of the world bdrv et.AL ii,presets-extra,95
bdrv + al shifter - eye of the world bdrv et.AL iii,presets-extra,95
bdrv + al shifter - eye of the world bdrv et.AL iv,presets-extra,95
bdrv + al shifter - eye of the worldmx,presets-extra,95
bdrv + al shifter - feathers (angel wings) mx,presets-extra,95
bdrv + al shifter - feathers (angel wings) mx2,presets-extra,95
bdrv + al shifter - feathers (angel wings)_phat_Updated_remix mx,presets-extra,95
bdrv + al shifter - feathers (angel wings)_phat_remix4 BDRV et  AL  rmx 8,presets-extra,95
bdrv + al shifter - feathers (angel wings)_phat_remix4 BDRV et  AL  rmx ii,presets-extra,95
bdrv + al shifter - feathers (angel wings)_phat_remix4 BDRV et  AL  rmx iv,presets-extra,95
bdrv + al shifter - feathers (angel wings)_phat_remix4 bdrv et  AL  rmxmix bdrv et.AL5,butterchurnPresetsMD1,
bdrv + al shifter - feathers (angel wings)_phat_remix4 bdrv et  AL  rmxmix bdrv et.AL5.a,presets-extra,95
bdrv + al shifter - feathers (angel wings)_phat_remix8,presets-extra,95
bdrv + al shifter - feathers Santa Maria mix,presets-extra,95
bdrv + al shifter - fingerpainting mx,presets-extra,95
bdrv + al shifter - fried egg (split) mx,presets-extra,95
bdrv + al shifter - fried egg (split)mx,presets-extra,95
bdrv + al shifter - jellybox mx,presets-extra,95
bdrv + al shifter - morphid BDRV et  AL  rmxmix2,presets-extra,95
bdrv + al shifter - morphid BDRV et  AL  rmxmix3,presets-extra,95
bdrv + al shifter - morphid BDRV et  AL  rmxmix34,presets-extra,95
bdrv + al shifter - phasm mx,presets-extra,95
bdrv + al shifter - phasm wraithmx,presets-extra,95
bdrv + al shifter - pulsar bdrv et.AL15,presets-extra,95
bdrv + al shifter - pulsar bdrv et.AL5,presets-extra,95
bdrv + al shifter - pulsar bdrv et.AL5 manky,presets-extra,95
bdrv + al shifter - pulsar bdrv et.AL51,presets-extra,95
bdrv + al shifter - pulsar bdrv et.AL54,presets-extra,95
bdrv + al shifter - pulsar bdrv et.AL7,presets-extra,95
bdrv + al shifter - pulsar bdrv et.AL8,presets-extra,95
bdrv + al shifter - pulsar mx b,presets-extra,95
bdrv + al shifter - spincycle(remix)the bdrv et.AL4,presets-extra,95
bdrv + al shifter - spincycle(remix)the bdrv et.AL4a flashing2j,presets-extra,95
bdrv + al shifter - tumbling cubes (ripples)_phat_frame_rate_tweak mx,presets-extra,95
bdrv + al shifter - tumbling cubes (ripples)_phat_frame_rate_tweak mx box in a box,presets-extra,95
bdrv + al shifter - tumbling cubes (ripples)_phat_frame_rate_tweak mxc,presets-extra,95
bdrv + al yin - 250 - Artificial poles of the continuum_Phat's_Orbit_mix bdrv et.AL3,presets-extra,95
bdrv + al yin - 253 - Artificial poles of the continuum (remix #3) mx,presets-extra,95
bdrv + al yin - 310 - Ocean of Light - Eo.S. Phat mix 02 daemon_b BDRV et  AL  rmx61,presets-extra,95
bdrv + al yin - 315 - Ocean of Light (yo im peakin yo Eo.S.-Phat) BDRV et  AL  rmxmix3,presets-extra,95
bdrv + al yin - 315 - nightrive,presets-extra,95
bdrv + al yin - 328 - Pastel fantasies (down with infatuation) BDRV et  AL  rmxmix2,presets-extra,95
bdrv + al yin - 328 - Pastel fantasies (down with infatuation) BDRV et  AL  rmxmix2a,presets-extra,95
bdrv + al- cyclotron,presets-extra,95
bdrv + al- cyclotron b,presets-extra,95
bdrv - Aztec ruins,presets-extra,95
bdrv - Peppermint2,presets-extra,95
bdrv - cartoon depositron,presets-extra,95
bdrv - circular splat,presets-extra,95
bdrv - comet5 melting2xx,presets-extra,95
bdrv - comet5fhk pasta,presets-extra,95
bdrv - comet5fhk pasta2ffsfghgjh,presets-extra,95
bdrv - comet5fhk pasta2g framespace invader ,presets-extra,95
bdrv - generally weird,presets-extra,96
bdrv - generally weird [flexis 'pain in the spine' color edit],presets-extra,96
bdrv - intergalactic dream bubbles,presets-extra,96
bdrv - marshmallow TV,presets-extra,96
bdrv - monster Shaker,presets-extra,96
bdrv - monster wave,presets-extra,96
bdrv - monster wave [flexis color bleeding ivories],presets-extra,96
bdrv - profoundly melting,presets-extra,96
bdrv - profoundly melting [flexis colorfade inserted],presets-extra,96
bdrv - radioactive recombination,presets-extra,96
bdrv - radioactive recombination3,presets-extra,96
bdrv - tajmahal,presets-extra,96
bdrv - ultramix2 #43,butterchurnPresetsExtra,
bdrv -smoke grinder,presets-extra,96
bdrv -smoke grinder [flexi colorfade edit],presets-extra,96
bdrv = doom spiral,presets-extra,96
bdrv = square paint,presets-extra,96
bdrv = square paint2,presets-extra,96
bdrv = square paint5,presets-extra,96
bdrv = square paint6,presets-extra,96
bdrv = square paint7,presets-extra,96
bdrv = square paint7b,presets-extra,96
bdrv = who designed this town,presets-extra,96
bdrv Eo.S.+Phat Fractical_dancer - what to make of these earth people mix2,presets-extra,96
bdrv Rovastar - Fractopia bdrv132456 mix3,presets-extra,96
bdrv Rovastar - fantastic website m8 ,presets-extra,96
bdrv Rovastar - rovagel ,presets-extra,96
bdrv Rovastar - the gunk,presets-extra,96
bdrv Rovastar - they will be happy then22e,presets-extra,96
bdrv Rovastar - they will be happy then27,presets-extra,96
bdrv Syst3mFailur  - SOD - 3 af,presets-extra,96
bdrv Valhala - The all seeing boat,presets-extra,96
bdrv adderasi- funky pipe2,presets-extra,96
bdrv al Telek - spirality,presets-extra,96
bdrv al Zylot - PinWheelw,presets-extra,96
bdrv al Zylot - PinWheelw2,presets-extra,96
bdrv et al - jolly maths shape,presets-extra,96
bdrv et al Aderrasi -  headwall,presets-extra,96
bdrv et al Aderrasi - emblem,presets-extra,96
bdrv et al Eo.S_Phat_Fyornulis_StudioMusic - Glowsticks way of the Dragon mix,presets-extra,96
bdrv et al Eo.S_Phat_Fyornulis_StudioMusic - Glowsticks way of the Dragon mix2,presets-extra,96
bdrv et al Rovastar - Harlequin's Dynamic Fractal (Dual Spiral Mix ) rmx,presets-extra,96
"bdrv et al Shifter & Eo.S+Phat Blob2g can't believe I'm doing this free, give 20% to charity if you're on the black market",presets-extra,96
bdrv et flexi - Monster collar Shaker,presets-extra,96
bdrv et flexi - comet pastry,presets-extra,96
bdrv et flexi - framespace bug,presets-extra,96
bdrv et.AL  - Rovaster Harlequin headwall,presets-extra,96
bdrv et.AL  - island of Babylon warpdrive,presets-extra,96
bdrv et.AL - high-rise dark,presets-extra,96
bdrv et.AL 3dragons & Techno - Coat Of Flames (remix) rmx,presets-extra,96
bdrv et.AL = dribble,presets-extra,96
bdrv et.AL = dribble2,presets-extra,96
bdrv et.AL = dribble2a,presets-extra,96
bdrv et.AL = dribble2ag42,presets-extra,96
bdrv et.AL Aderrasi - Accelerator (contractor Core) rmx,presets-extra,96
bdrv et.AL Aderrasi - Accelerator (orbital Migraine) Pac-fractalbdrv,presets-extra,96
bdrv et.AL Aderrasi - Accelerator (orbital Migraine)bdrv et.AL Bromo Mix,presets-extra,96
bdrv et.AL Aderrasi - Accelerator (orbital Migraine)bdrv et.AL Bromo Mix2,presets-extra,96
bdrv et.AL Aderrasi - Accelerator (orbital Migraine)bdrv11,presets-extra,96
bdrv et.AL Aderrasi - Accelerator (orbital Migraine)bdrv94,presets-extra,96
bdrv et.AL Aderrasi - Accelerator (orbital Migraine)bdrv97,presets-extra,96
bdrv et.AL Aderrasi - Accelerator (orbital Migraine)bdrv972,presets-extra,96
bdrv et.AL Aderrasi - Accelerator (orbital Migraine)bdrv9724,presets-extra,96
bdrv et.AL Aderrasi - Accelerator (orbital Migraine)bdrv97245,presets-extra,96
bdrv et.AL Aderrasi - Accelerator (orbital Migraine)bdrv99,presets-extra,96
bdrv et.AL Aderrasi - Accelerator (orbital Migraine)bdrv999,presets-extra,96
bdrv et.AL Aderrasi - Accelerator (reactor Chamber) rmx,presets-extra,96
bdrv et.AL Aderrasi - Acceleratorbdrv et.AL Zodiac Mix,presets-extra,96
bdrv et.AL Aderrasi - Acceleratorbdrv et.AL Zodiac Mix2,presets-extra,96
bdrv et.AL Aderrasi - Airborne Artifact Of Destruction  rmx,presets-extra,96
bdrv et.AL Aderrasi - Airhandler (last Breath - Scrying) rmx,presets-extra,96
bdrv et.AL Aderrasi - Airhandler (principle Of Airworks - Philosphical)bdrv4,presets-extra,96
bdrv et.AL Aderrasi - Arcworld (strings That Bind) rmx,presets-extra,96
bdrv et.AL Aderrasi - Arcworldbdrv et.AL  bdrv plagiarising SHIFTER15,presets-extra,96
bdrv et.AL Aderrasi - Barcode Of Honor rmx,presets-extra,96
bdrv et.AL Aderrasi - Blender rmx,presets-extra,96
bdrv et.AL Aderrasi - Borderline bdrv plagiarising SHIFTER,presets-extra,96
bdrv et.AL Aderrasi - Contortion (mirror Shape) bdrv plagiarising SHIFTER,presets-extra,96
bdrv et.AL Aderrasi - Crime Of Simplicity rmx,presets-extra,96
bdrv et.AL Aderrasi - Graft (parasite) rmx,presets-extra,96
bdrv et.AL Aderrasi - Hethram (korbinus) bdrv plagiarising SHIFTER,presets-extra,96
bdrv et.AL Aderrasi - Hypothetical Voyage bdrv plagiarising SHIFTER,presets-extra,96
bdrv et.AL Aderrasi - Oracle (southern Crossfire) rmx,presets-extra,96
bdrv et.AL Aderrasi - Oracle (southern Crossfire) rmx2,presets-extra,96
bdrv et.AL Aderrasi - Oraclebdrv et.AL  Rmx81,presets-extra,96
bdrv et.AL Aderrasi - Oraclebdrv et.AL  Rmx82,presets-extra,96
bdrv et.AL Aderrasi - Oraclebdrv et.AL  Rmx94,presets-extra,96
bdrv et.AL Aderrasi - Particular Fusion (xe) rmx,presets-extra,96
bdrv et.AL Aderrasi - Potion Of Resurrections2bdrv et.AL  bdrv plagiarising SHIFTER2,presets-extra,96
bdrv et.AL Aderrasi - Potion Of Spirits rmx,presets-extra,96
bdrv et.AL Aderrasi - This Is Not My Shift (spheroid) rmx,presets-extra,96
bdrv et.AL Aderrasi - Under The Microscope Asphodel Pixel  rmx,presets-extra,96
bdrv et.AL Aderrasi - Waylay Elemental (burned Earth)  bdrv plagiarising SHIFTER,presets-extra,96
bdrv et.AL Aderrasi - zoodle2,presets-extra,96
bdrv et.AL Bablonwarp - Rovaster Harlequin Fractal rmx,presets-extra,96
bdrv et.AL Bablonwarp - Rovaster Harlequin Fractal rmx2 af,presets-extra,96
bdrv et.AL Baked - Baked Dimensions [bass Trip] rmx,presets-extra,96
bdrv et.AL Baked - Narcotic Hypnotic rmx,presets-extra,96
bdrv et.AL Baked - Trapped Encounter rmx,presets-extra,96
bdrv et.AL Bw - Wobblinator4,presets-extra,96
bdrv et.AL Bw - Wobblinator5,presets-extra,96
bdrv et.AL Bw - Wobblinator6,presets-extra,96
bdrv et.AL Bw - Wobblinatorbdrv21,presets-extra,96
bdrv et.AL Bw - Wobblinatorbdrv212 af,presets-extra,96
bdrv et.AL Bw - Wobblinatorbdrv7,presets-extra,96
bdrv et.AL Bw Phat Eos -  Reverb5,presets-extra,96
bdrv et.AL Bw Rovastar - Alien Hieroglyphs  rmx,presets-extra,96
bdrv et.AL Bw Rovastar - The Angels Are Dead rmx,presets-extra,96
"bdrv et.AL Empr - Random - They're So Cute, Dad Can I Keep One! rmx",presets-extra,96
bdrv et.AL Empr - agean road,presets-extra,96
bdrv et.AL Eo.s. + Phat - Chasers 06 Nematode_white_mic bdrv plagiarising SHIFTER,presets-extra,96
bdrv et.AL Eo.s. + Phat - Chasers 07 Nematode_white_mix rmx,presets-extra,96
bdrv et.AL Eo.s. + Phat - Chasers 07 Nematode_white_mix rmx2,presets-extra,96
bdrv et.AL Eo.s. + Phat - Chasers 08 Nematode_teal_mix rmx,presets-extra,96
bdrv et.AL Eo.s. + Phat - Sentinel Linearitybdrv et.AL  bdrv plagiarising SHIFTER3,presets-extra,96
bdrv et.AL Eo.s. + Redi Jedi _phat_mexican_insanity_pepper_(1.04) rmx,presets-extra,96
bdrv et.AL Eo.s. + Redi Jedi _phat_mexican_insanity_pepper_striped(1.04) rmx,presets-extra,96
bdrv et.AL Eo.s. + Redi Jedi _phat_mexican_insanity_pepper_striped(1.04) rmx2,presets-extra,96
bdrv et.AL Eo.s. + Redi Jedi _phat_mexican_insanity_peppers(1.04) vertigo rmx,presets-extra,96
bdrv et.AL Eo.s. - Ascopic C rmx,presets-extra,96
bdrv et.AL Eo.s. - Ascopic E Better rmx,presets-extra,96
bdrv et.AL Eo.s. - Pulsecubebdrv et.AL  Rmxmix 25,presets-extra,96
bdrv et.AL Eo.s. - Sarc Gbdrv2,presets-extra,96
bdrv et.AL Eo.s. - Sarc Gbdrv2m,presets-extra,96
bdrv et.AL Eo.s.+phat - Arm_textured_tan rmx,presets-extra,96
bdrv et.AL Eo.s.+phat - Conductor_module_inward_portal rmx,presets-extra,96
bdrv et.AL Eo.s.+phat - Spectrum Bubble Yay_fish_skin_2 rmx,presets-extra,97
bdrv et.AL Eo.s.+phat - Spectrum Bubble Yay_fish_skin_2 rmx2,presets-extra,97
bdrv et.AL Eo.s._phat Whale_soulbdrv et.AL  Rmx5,presets-extra,97
bdrv et.AL Fishbrain - The Machine That Conquered The World (domination Remix) rmx,presets-extra,97
bdrv et.AL Krash & Yin + Phat - Electric Universe (uncertainty Principle)_remix_v2 bdrv plagiarising SHIFTER2,presets-extra,97
bdrv et.AL Krash & Yin + Phat - Electric Universe (uncertainty Principle)_remix_v2 rmx,presets-extra,97
bdrv et.AL Krash + Eo.s. - Photographic Sentinel_phat's_crayola_box_mix_v2 rmx,presets-extra,97
bdrv et.AL Krash - Dynamic Borders 1_phat_remix_v4_eo.s._edit(milkdrop Beta5)bdrv et.AL  Rmx2,presets-extra,97
bdrv et.AL Krash - Framed Geometry bdrv plagiarising SHIFTER,presets-extra,97
bdrv et.AL Mstress - Acid Universes (big Bang Interferences Mix 2) bdrv plagiarising SHIFTER,presets-extra,97
bdrv et.AL Mstress - Acid Universes bdrv plagiarising SHIFTER,presets-extra,97
bdrv et.AL Mstress - Acid Universes2,presets-extra,97
bdrv et.AL Mstress - Color Eater bdrv plagiarising SHIFTER2,presets-extra,97
bdrv et.AL Mstress - Colored Nova bdrv plagiarising SHIFTER2,presets-extra,97
bdrv et.AL Mstress - Colored Nova rmx,presets-extra,97
bdrv et.AL Nighthawk - Eye Of Gawd_phat_spiral_edit_v2 rmx,presets-extra,97
bdrv et.AL Nighthawk - My Third Eye_phat_edit_v2(redi Jedi Crap I Put Acid In My Eye Mix) bdrv plagiarising SHIFTER,presets-extra,97
bdrv et.AL Nighthawk - dark Crystal,presets-extra,97
bdrv et.AL Phat + Eo.s. - Faces rmx,presets-extra,97
bdrv et.AL Phat + Eo.s. - Ouch rmx,presets-extra,97
bdrv et.AL Phat And Eo.s. _ Shapes Are Cool_slow_colour_melting_editbdrv et.AL  Rmxmix2,presets-extra,97
bdrv et.AL Phat And Eo.s. _ Shapes Are Cool_slow_colour_melting_editbdrv et.AL  Rmxmix5,presets-extra,97
bdrv et.AL Phat And Eo.s. _ Shapes Are Cool_slow_colour_melting_editbdrv et.AL  Rmxmix7,presets-extra,97
bdrv et.AL Phat+eo.s_mandala_chasers_remix_targeting_mix rmx,presets-extra,97
bdrv et.AL Phat_eo.s._god_boxes_v2 bdrv plagiarising SHIFTER,presets-extra,97
bdrv et.AL Phat_eo.s._swim  bdrv plagiarising SHIFTER,presets-extra,97
bdrv et.AL Phat_phenethylamine3 Moby Mixbdrv,presets-extra,97
bdrv et.AL Phat_tempes7_ag3ndum poltermix af,presets-extra,97
bdrv et.AL Phat_tempes7_ag3ndum rmx,presets-extra,97
bdrv et.AL Phat_zylot_eo.s. Rainbow Bubble_science_v2 bdrv plagiarising SHIFTER,presets-extra,97
bdrv et.AL Phat_zylot_eo.s. Trippy_rotation_v2bdrv et.AL  bdrv plagiarising SHIFTERmix5,presets-extra,97
bdrv et.AL Quit Spraypainting My Monitor rmx,presets-extra,97
bdrv et.AL Rovastar & Aderrasi - Airs Of Change rmx,presets-extra,97
bdrv et.AL Rovastar & Che - Adela The Flower (altars Of Madness Mix 2) rmx,presets-extra,97
bdrv et.AL Rovastar & Che - Adela The Flower (altars Of Madness Mix 2)bdrv et.AL  bdrv plagiarising SHIFTERmix21,presets-extra,97
bdrv et.AL Rovastar - Altars Of Harlequin's Madness rmx,presets-extra,97
bdrv et.AL Rovastar - Dark Ritual (star Of Destiny Mix) rmx,presets-extra,97
bdrv et.AL Rovastar - Explosive Minds Bug Mix  electromagnetic rmx3,presets-extra,97
bdrv et.AL Rovastar - Explosive Minds Bug Mix  rmx,presets-extra,97
bdrv et.AL Rovastar - Explosive Minds Bug Mix wait a moment  rmx,presets-extra,97
bdrv et.AL Rovastar - Harlequin's Dynamic Fractal 3 boring bdrv plagiarising SHIFTER,presets-extra,97
bdrv et.AL Rovastar - Jester's Awakenings(redi) Autistic Scribbler Mixbdrv plagiarising SHIFTER,presets-extra,97
bdrv et.AL Rovastar - Jester's Surreal Tornado rmx,presets-extra,97
bdrv et.AL Rovastar - Sunflower Passion (simple Mix) rmx,presets-extra,97
bdrv et.AL Rovastar - bdrv mostly copies other people's code11,presets-extra,97
bdrv et.AL Rovastar - bdrv mostly copies other people's code12,presets-extra,97
bdrv et.AL Rovastar - bdrv mostly copies other people's code9,presets-extra,97
bdrv et.AL Rovastar - bdrv mostly copies other people's codes12,presets-extra,97
bdrv et.AL Rozzor & Esotic - Windowed Rainbow Prism Portal Outscaledand rmx,presets-extra,97
bdrv et.AL Rozzor & Rovastar - Dynamic Swirls 3 (twisted Truth Mix Modded) bdrv plagiarising SHIFTER,presets-extra,97
bdrv et.AL Rozzor & Shreyas - Deeper Aesthetics bdrv plagiarising SHIFTER,presets-extra,97
bdrv et.AL Rozzor - Icebreaker wtf bdrv plagiarising SHIFTER,presets-extra,97
bdrv phat_CloseIncounetersV4 Eo.S. power tweak 2 af,presets-extra,97
bdrv phat_CloseIncounetersV4 Eo.S. power tweak af,presets-extra,97
bdrv rova Krash & Zylot - Inside The Planar Portal (Indecision Mix),presets-extra,97
bdtv al Aderrasi - Worms 2007,presets-extra,97
beat,presets-extra,97
beautiful strange,presets-extra,97
ben1,presets-extra,97
bennett-p - Electrical Storm,presets-extra,97
bennett-p - Evil Spin,presets-extra,97
bennett-p - Holy Shirt!,presets-extra,97
bennett-p - Tortured Nebula,presets-extra,97
bennett-p - Warpy,presets-extra,97
best halfbaked,presets-extra,97
best halfbaked fading,presets-extra,97
best halfbaked fading reversed,presets-extra,97
best halfbaked reversed,presets-extra,97
beta106,presets-extra,97
beta106 Rebellious Darkness,presets-extra,97
beta106 River of Illusion Dillusion [Bubble],presets-extra,97
beta106 in the box,presets-extra,97
beta106 insanity,presets-extra,97
beta106 insanity2,presets-extra,97
beta106 told me not to look into the sun,presets-extra,97
beta106-timed sidon,presets-extra,97
beta106.S - Phat - randombox,presets-extra,97
beta106.S - Phat - randombox - mantra,presets-extra,97
beta106.S - Phat - randombox - mantra 2,presets-extra,97
beta106.S - Phat - randombox - mantra 3,presets-extra,97
beta106.S - Phat - randombox - mantra 4,presets-extra,97
beta106.S - Phat - randombox - mantra 5 response,presets-extra,97
beta106.S - Phat - randombox - step,presets-extra,97
beta106.S. + Phat + fiShbRaiN + Redi Jedi - pictures of insanity,presets-extra,97
beta106.S. + Phat + fiShbRaiN + Redi Jedi - pictures of insanity(premium blend ver. 2),presets-extra,97
beta106.S. + Phat + fiShbRaiN + Redi Jedi - pictures of insanity(premium blend),presets-extra,97
beta106.S. + Phat + fiShbRaiN + Redi Jedi - pictures of insanity(south of the border mix),presets-extra,97
beta106.S. + Phat - chasers 11 sentinel C_poltergeist_Blue_mix,presets-extra,97
beta106.S. + Phat - chasers 11 sentinel C_poltergeist_Blue_mix_2,presets-extra,97
beta106.S. + Phat - chasers 11 sentinel C_poltergeist_mix,presets-extra,97
beta106.S. + Phat - chasers 11 sentinel C_poltergeist_mix response,presets-extra,97
beta106.S. + Phat - chasers 11 sentinel C_poltergeist_mix response daemon_v2,presets-extra,97
beta106.S. + Phat - chasers 13 sentinel 616_Pretty_interesting,presets-extra,97
beta106.S. + Phat - chasers 19 Portal_v2,presets-extra,97
beta106.S. + Phat - chasers 19 Portal_v2b,presets-extra,97
beta106.S. + Phat - chasers 20 wisps(redi jedi's hamburger mix),presets-extra,97
beta106.S. + Phat - chasers 20 wisps(redi jedi's long night at the club mix),presets-extra,97
beta106.S. + Phat - chasers 20 wisps(redi jedi's plasterd mix),presets-extra,97
"beta106.S. + Phat - chasers 20 wisps(redi jedi's save me, i'm falling mix)",presets-extra,97
beta106.S. + Phat - recursion frustum 02_Ananda_Flash_Remix,presets-extra,97
beta106.S. + Phat - recursion frustum 02_Ananda_Flash_Remix zion,presets-extra,97
beta106.S. + Phat - recursion frustum 02_Ananda_Flash_Remix zion 2,presets-extra,97
beta106.S. + Phat - recursion frustum 02_Ananda_Flash_Remix zion 2 dark,presets-extra,97
beta106.S. + Phat - recursion frustum 02_Ananda_Flash_Remix zion 2 dark and blue,presets-extra,97
beta106.S. + Phat - recursion frustum 02_Ananda_Flash_Remix zion 3 refine,presets-extra,97
beta106.S. + Phat - recursion frustum 02_Ananda_Flash_Remix zion 4 squarepusher,presets-extra,97
beta106.S. + Phat - recursion frustum 02_Ananda_Flash_Remix zion 5 squarepusher swap,presets-extra,97
beta106.S. + Phat - recursion frustum 02_Ananda_Flash_Remix zion B,presets-extra,97
beta106.S. + Phat - recursion frustum 02_Ananda_Flash_Remix zion C,presets-extra,97
beta106.S. + Phat - recursion frustum 02_Ananda_Flash_Remix zion D seizure,presets-extra,97
beta106.S. + Phat - recursion frustum 02_Ananda_Flash_Remix zion E seizure 2,presets-extra,97
beta106.S. + Phat - recursion frustum 02_Ananda_Flash_Remix zion F seizure 3,presets-extra,97
beta106.S. + Phat - recursion frustum 02_Ananda_Flash_Remix zion G seizure 3,presets-extra,97
beta106.S. + Phat - sentinel linearity,presets-extra,97
beta106.S. + Phat - sentinel linearity b,presets-extra,97
beta106.S. + Phat - temple sentinel 0746,presets-extra,97
beta106.S. + Phat - zen prophetmind WTF is it_v2 - Bitcore Tweak,presets-extra,97
beta106.S. + Phat and Zylot - Chasers (Sentinal BioBlood Mix),presets-extra,97
beta106.S. + Phat and Zylot - Chasers (Sentinal conductor Mix),presets-extra,97
beta106.S. + Phat artifac7,presets-extra,97
beta106.S. + Redi Jedi - frequency analysis + glowsticks -  glow - o - scope female left handed complements (Milkdrop beta ver2),presets-extra,97
beta106.S. + phat + nighthawk + Redi Jedi - frequency analysis + glowsticks - Mdrocks_remix (Milkdrop beta ver),presets-extra,97
beta106Random - Changing Polyevolution,presets-extra,97
beta106Random - Light Speed Racer,presets-extra,97
"beta106Random - They're so cute, Dad can I keep one!",presets-extra,97
beta106Random - Turbulence Sandwich,presets-extra,97
beta106ain- boiling-mix2,presets-extra,97
beta106ain- boiling-mix2(redi jedi adkins mix),presets-extra,98
beta106ain- boiling-mix2(redi jedi full carb mix),presets-extra,98
beta106ain- boiling-mix2(redi jedi low carb mix),presets-extra,98
beta106ain- boiling-mix2(redi),presets-extra,98
beta106ain-boiling-comfortably numb-mix,presets-extra,98
beta106ain-flyinhy,presets-extra,98
beta106ain-roto-mix3,presets-extra,98
beta106ain-roto-pinwheel-mix2 ,presets-extra,98
beta106ain-sunrays,presets-extra,98
beta106arp - cataractal 2,presets-extra,98
beta106arp - ooneck fractal ,presets-extra,98
beta106arp - ooneck fractal 1,presets-extra,98
beta106arp - rovaster harlequin fractal,presets-extra,98
beta106at shape,presets-extra,98
beta106at shape - mash0000 - hulk spirit cum,butterchurnPresetsExtra2,
beta106i + Redi Jedi - Curse of the Ochre Owl(club hopping mix),presets-extra,98
beta106i + Redi Jedi - Curse of the Ochre Owl(hangover mix),presets-extra,98
"beta106i + Redi Jedi - Curse of the Ochre Owl(now you see a ring on her finger... anyone missing a knife, cause here it is, stuck in your heart)",presets-extra,98
beta106i - Accelerator,presets-extra,98
beta106i - Accelerator (Accelerator Shading),presets-extra,98
beta106i - Accelerator (Blast Hat),presets-extra,98
beta106i - Accelerator (Cold Blood Transfusion),presets-extra,98
beta106i - Accelerator (Contractor Core),presets-extra,98
beta106i - Accelerator (Evidence Bluster),presets-extra,98
beta106i - Accelerator (Fissile Fuel),presets-extra,98
beta106i - Accelerator (Hot Chocolate Transfusion),presets-extra,98
beta106i - Accelerator (Liquid Gelatin Headache),presets-extra,98
beta106i - Accelerator (Mighty Startling),presets-extra,98
beta106i - Accelerator (Old Antigua Sea Dweller),presets-extra,98
beta106i - Accelerator (Orbital Migraine),presets-extra,98
beta106i - Accelerator (Plastique Garden - The Way Things Always Were),presets-extra,98
beta106i - Accelerator (Plastique Garden),presets-extra,98
beta106i - Accelerator (Plastique Palace),presets-extra,98
beta106i - Accelerator (Reactor Chamber),presets-extra,98
beta106i - Accelerator (Timeoutput),presets-extra,98
beta106i - Aimless (Gravity Directive),presets-extra,98
beta106i - Aimless (Unique and Beautiful Glazier) ,presets-extra,98
beta106i - Aimless (Unique and Beautiful),presets-extra,98
beta106i - Airborne Artifact of Destruction,presets-extra,98
beta106i - Airhandler (Air of Paradise - Navigator),presets-extra,98
beta106i - Airhandler (Air of Paradise),presets-extra,98
beta106i - Airhandler (Air of Purgatory),presets-extra,98
beta106i - Airhandler (Atmospheric Conjuration - Face Tornado),presets-extra,98
beta106i - Airhandler (Atmospheric Conjuration - Face to Storm),presets-extra,98
beta106i - Airhandler (Atmospheric Conjuration),presets-extra,98
beta106i - Airhandler (Critical Pressure),presets-extra,98
beta106i - Airhandler (Drake),presets-extra,98
beta106i - Airhandler (Elder God),presets-extra,98
beta106i - Airhandler (Feed),presets-extra,98
beta106i - Airhandler (Gust),presets-extra,98
beta106i - Airhandler (Kali Ghost),presets-extra,98
beta106i - Airhandler (Kali),presets-extra,98
beta106i - Airhandler (Last Breath - Angel Evolution),presets-extra,98
beta106i - Airhandler (Last Breath - Calm Features),presets-extra,98
beta106i - Airhandler (Last Breath - Clam Hand),presets-extra,98
beta106i - Airhandler (Last Breath - Clam Handler),presets-extra,98
beta106i - Airhandler (Last Breath - Clam),presets-extra,98
beta106i - Airhandler (Last Breath - Crab Hand),presets-extra,98
beta106i - Airhandler (Last Breath - Crab Handler),presets-extra,98
beta106i - Airhandler (Last Breath - Death's Lucky Hand),presets-extra,98
beta106i - Airhandler (Last Breath - Demon Evolution),presets-extra,98
beta106i - Airhandler (Last Breath - Dust God),presets-extra,98
beta106i - Airhandler (Last Breath - Eden),presets-extra,98
beta106i - Airhandler (Last Breath - Justice),presets-extra,98
beta106i - Airhandler (Last Breath - Scrying),presets-extra,98
beta106i - Airhandler (Last Breath - Sigh),presets-extra,98
beta106i - Airhandler (Last Breath),presets-extra,98
beta106i - Airhandler (Looking Into You - Beholder),presets-extra,98
beta106i - Airhandler (Looking Into You),presets-extra,98
beta106i - Airhandler (Menagerie),presets-extra,98
beta106i - Airhandler (Principle of Airworks - Philosphical),presets-extra,98
beta106i - Airhandler (Principle of Airworks),presets-extra,98
beta106i - Airhandler (Pulse Voice),presets-extra,98
beta106i - Airhandler (Radial Dreamers - Nightmare),presets-extra,98
beta106i - Airhandler (Radial Dreamers),presets-extra,98
beta106i - Airhandler (Radiostar Epilogue),presets-extra,98
beta106i - Airhandler (Radiostar),presets-extra,98
beta106i - Airhandler (Radiotinker),presets-extra,98
beta106i - Airhandler (Roc),presets-extra,98
beta106i - Airhandler (Rogue State),presets-extra,98
beta106i - Airhandler (Semi-Tropic),presets-extra,98
beta106i - Airhandler (Star Crush Party Hybrid 6),presets-extra,98
beta106i - Airhandler (Star Crush Party Hybrid),presets-extra,98
beta106i - Airhandler (The Semantic Doughnut),presets-extra,98
beta106i - Airs (Something against the Wind),presets-extra,98
beta106i - Airs (Windy),presets-extra,98
beta106i - All Creation (Loom),presets-extra,98
beta106i - Anchorpulse (Pulse of a Ghast),presets-extra,98
beta106i - Anchorpulse (Pulse of an Invisible Ghast),presets-extra,98
beta106i - Anchorpulse (Starfoil),presets-extra,98
beta106i - Anchorpulse (Verified),presets-extra,98
beta106i - Anomalous Material Science (Pure Sample),presets-extra,98
beta106i - Antares,presets-extra,98
beta106i - Antares Nebula,presets-extra,98
beta106i - Antares Nebula (Stringularity),presets-extra,98
beta106i - Anthem of Randomness,presets-extra,98
beta106i - Anthem of Randomness (Bold Statement - Bass Monitors),presets-extra,98
beta106i - Anthem of Randomness (Bold Statement),presets-extra,98
beta106i - Anthem of Randomness (Multiverse),presets-extra,98
beta106i - Antidote (Abnormity Grave),presets-extra,98
beta106i - Antidote (Aqualung),presets-extra,98
beta106i - Antidote (Artificial Freak - Zombie),presets-extra,98
beta106i - Antidote (Artificial Freak),presets-extra,98
beta106i - Antidote (Clouded Mind),presets-extra,98
beta106i - Antidote (Crying Pan),presets-extra,98
beta106i - Antidote (Dread Ringer),presets-extra,98
beta106i - Antidote (Grave Abnormity),presets-extra,98
beta106i - Antidote (Hour of Trauma),presets-extra,98
beta106i - Antidote (Meltdown),presets-extra,98
beta106i - Antidote (Poison Ocean),presets-extra,98
beta106i - Antidote (Poison Orouboros),presets-extra,98
beta106i - Antidote (Poison),presets-extra,98
beta106i - Antidote (Side Effects),presets-extra,98
beta106i - Antidote (Sugar Cube),presets-extra,98
beta106i - Antidote (Sugar Flood),presets-extra,98
beta106i - Antidote (Sugar Wave),presets-extra,98
beta106i - Antidote (Vertigo),presets-extra,98
beta106i - Antidote (Wrapped in a Bandage),presets-extra,98
beta106i - Antidote (Wrapped in a Dream),presets-extra,98
beta106i - Antidote (Wrapped in a Newspaper),presets-extra,98
beta106i - Antique Strings (Circular),presets-extra,98
beta106i - Antique Waving and Shaking (Reconstruction),presets-extra,98
beta106i - Arcade Planet (Gravity Warp),presets-extra,98
beta106i - Arcade Planet (invisible twin),presets-extra,98
beta106i - Architecture,presets-extra,98
beta106i - Architecture (Engineering),presets-extra,98
beta106i - Arcworld,presets-extra,98
beta106i - Arcworld (Anti-Entropic Cycle),presets-extra,99
beta106i - Arcworld (Arc Garden),presets-extra,99
beta106i - Arcworld (Arc Star),presets-extra,99
beta106i - Arcworld (Arcdimensions),presets-extra,99
beta106i - Arcworld (Arcspark - Spark Park),presets-extra,99
beta106i - Arcworld (Arcspark),presets-extra,99
beta106i - Arcworld (Arcwheel),presets-extra,99
beta106i - Arcworld (Bleacheater),presets-extra,99
beta106i - Arcworld (Bleachmaker),presets-extra,99
beta106i - Arcworld (Concoction),presets-extra,99
beta106i - Arcworld (Gryphius),presets-extra,99
beta106i - Arcworld (Strings that Bind),presets-extra,99
beta106i - Arise! (Padded),presets-extra,99
beta106i - Arise! (Topographite),presets-extra,99
beta106i - Armada (Battleship),presets-extra,99
beta106i - Armada (Medals of Honor),presets-extra,99
beta106i - Armada (Medals of Valor),presets-extra,99
beta106i - Ashes of Air (Molecular Level),presets-extra,99
beta106i - Ashes of Air (Strings),presets-extra,99
beta106i - Ashes of Clouds (Gas Giant - Saturn),presets-extra,99
beta106i - Ashes of Clouds (Gas Giant),presets-extra,99
beta106i - Behind Enemy Lines,presets-extra,99
beta106i - Bitter Crew (Imbued Critter),presets-extra,99
beta106i - Bitterfeld (Condensation),presets-extra,99
beta106i - Bitterfeld (Crystal Border),presets-extra,99
beta106i - Bluescold,presets-extra,99
beta106i - Bluescold (Cloudbase),presets-extra,99
beta106i - Blunderstatement,presets-extra,99
beta106i - Blunderstatement (Ghost Host),presets-extra,99
beta106i - Blunderstatement (Metroid),presets-extra,99
beta106i - Blunderstatement (Tough Taste),presets-extra,99
beta106i - Blunderstatement (Turtle Shell),presets-extra,99
beta106i - Borderline,presets-extra,99
beta106i - Borderline (Mirror Mill),presets-extra,99
beta106i - Borderline (Nature of Force),presets-extra,99
beta106i - Bound Sound (Second Round),presets-extra,99
beta106i - Brain Scan,presets-extra,99
beta106i - Brakefreak (Cry),presets-extra,99
beta106i - Brakefreak (Scream),presets-extra,99
beta106i - Brakefreak-bitcore tweak,presets-extra,99
beta106i - Breaklight,presets-extra,99
beta106i - Brilliance,presets-extra,99
beta106i - Brilliance (Meme Frenzy),presets-extra,99
beta106i - Brilliance (Mind Bending Substance),presets-extra,99
beta106i - Brilliance (Mind Breaking Substance),presets-extra,99
beta106i - Brilliance (Mind Consuming Substance),presets-extra,99
beta106i - Brilliance (Mind Twisting Substance),presets-extra,99
beta106i - Brilliance (Resolution Breaking - Crank Box),presets-extra,99
beta106i - Brilliance (Resolution Breaking),presets-extra,99
beta106i - Brilliance (Space-Time Breaking),presets-extra,99
beta106i - Brilliance (Space-Time Breaking) - mash0000 - it′s 2009 and you haven′t replaced your analog tv with digital,butterchurnPresetsExtra2,
beta106i - Brilliance (Space-Time Flaying),presets-extra,99
beta106i - Brilliance (Space-Time Ripping),presets-extra,99
beta106i - Brilliance (Space-Time Warping),presets-extra,99
beta106i - Brush (Artistic),presets-extra,99
beta106i - Brush (It's just your Eyes),presets-extra,99
beta106i - Brush (You're Seeing Things),presets-extra,99
beta106i - Burning Form (Seething Mass),presets-extra,99
beta106i - Burning Form (Son of Sun),presets-extra,99
beta106i - Caduceus N4,presets-extra,99
beta106i - Caduceus N4 (Bloody Joke),presets-extra,99
beta106i - Caduceus N4 (Facet Folding),presets-extra,99
beta106i - Caduceus N4 (Transdimensional Linkstorm),presets-extra,99
beta106i - Caduceus N4 (Transdimensional Monitoring Agency),presets-extra,99
beta106i - Caduceus N4 (Transdimensional Monitoring),presets-extra,99
beta106i - Calabi-Jau Space Bar (Closing Time),presets-extra,99
beta106i - Can Itself,presets-extra,99
beta106i - Can Itself (Campbell's Fractal Soup),presets-extra,99
beta106i - Can Itself (Canned Goods),presets-extra,99
beta106i - Causeway of Dreams (Daydreaming),presets-extra,99
beta106i - Causeway of Dreams (Deep Sleep),presets-extra,99
beta106i - Causeway of Dreams (Nightmare),presets-extra,99
beta106i - Causeway of Dreams (Rapid Eyes),presets-extra,99
beta106i - Chaos and Effect,presets-extra,99
beta106i - Chromatic Abyss (Blind Spot),presets-extra,99
beta106i - Chromatic Abyss (One Rotation),presets-extra,99
beta106i - Chromatic Abyss (The Other Side - Electrolyte),presets-extra,99
beta106i - Chromatic Voyage,presets-extra,99
beta106i - Chromatic Voyage (Rough Ground),presets-extra,99
beta106i - Cinnamon Wrench,presets-extra,99
beta106i - Clownballs,presets-extra,99
beta106i - Come on then (Engine of Aggression),presets-extra,99
beta106i - Come on then (Reactor),presets-extra,99
beta106i - Come on then (b-converter),presets-extra,99
beta106i - Come on then (c-converter),presets-extra,99
beta106i - Come on then (g-converter),presets-extra,99
beta106i - Come on then (q-converter),presets-extra,99
beta106i - Come on then (r-converter),presets-extra,99
beta106i - Come on then (s-converter),presets-extra,99
beta106i - Come on then (x-converter),presets-extra,99
beta106i - Come on then (z-converter),presets-extra,99
beta106i - Comfortable Crash,presets-extra,99
beta106i - Comfortable Crash (Forever and Now),presets-extra,99
beta106i - Comfortable Crash (Ice Castle),presets-extra,99
beta106i - Comfortable Crash (Now and Forever),presets-extra,99
beta106i - Comfortable Crash (The End),presets-extra,99
beta106i - Communist Revolution,presets-extra,99
beta106i - Composite Faith,presets-extra,99
beta106i - Compound Texture Projection,presets-extra,99
beta106i - Compound Texture Projection (Flipside Resonance),presets-extra,99
beta106i - Compound Texture Projection (Flipside),presets-extra,99
beta106i - Concrete Blocks,presets-extra,99
beta106i - Concrete Blocks (Crooked Cubes),presets-extra,99
beta106i - Concrete Blocks (Cubic Meter),presets-extra,99
beta106i - Concrete Blocks (Vague Boxes),presets-extra,99
beta106i - Contortion (Egg of Time),presets-extra,99
beta106i - Contortion (Escher's Tunnel),presets-extra,99
beta106i - Contortion (Flare of Time),presets-extra,99
beta106i - Contortion (Flare),presets-extra,99
beta106i - Contortion (Grind Twist),presets-extra,99
beta106i - Contortion (Heaven and Hell),presets-extra,99
beta106i - Contortion (Mirror Shape),presets-extra,99
beta106i - Contortion (Wind Up),presets-extra,99
beta106i - Contortion (Xenomorph),presets-extra,99
beta106i - Contortion Sphere (Resourceful),presets-extra,99
beta106i - Corners of the Globe,presets-extra,99
beta106i - Corners of the Globe (Capacity Cross),presets-extra,99
beta106i - Corners of the Globe (Equilibrium),presets-extra,99
beta106i - Corners of the Globe (Mobile Massif),presets-extra,99
beta106i - Corners of the Globe (Shadow World),presets-extra,99
beta106i - Corners of the Globe (Stingray of Light),presets-extra,99
beta106i - Crime of Simplicity,presets-extra,99
beta106i - Crime of Simplicity (Bending the Rules),presets-extra,99
beta106i - Crossroads (Circular Traffic),presets-extra,99
beta106i - Crossroads (Psychic Traffic),presets-extra,99
beta106i - Curse of the Black Falcon,presets-extra,99
beta106i - Curse of the Crimson Magpie,presets-extra,99
beta106i - Curse of the Gray Parrot,presets-extra,99
beta106i - Curse of the Magenta Penguin,presets-extra,99
beta106i - Curse of the Ochre Owl,presets-extra,100
beta106i - Curse of the Ochre Owl(redi mix),presets-extra,100
beta106i - Curse of the Pale Moa,presets-extra,100
beta106i - Curse of the Red Hawk,presets-extra,100
beta106i - Curse of the Silver Sparrow,presets-extra,100
beta106i - Curse of the Tangerine Chickenhawk,presets-extra,100
beta106i - Curse of the Translucent Pelican,presets-extra,100
beta106i - Curvature of Sound,presets-extra,100
beta106i - Curvature of Sound (10 Dimensions),presets-extra,100
beta106i - Curvature of Sound (11 Dimensions),presets-extra,100
beta106i - Curvature of Sound (12 Dimensions),presets-extra,100
beta106i - Curvature of Sound (21 Dimensions),presets-extra,100
beta106i - Curvature of Sound (22 Dimensions),presets-extra,100
beta106i - Curvature of Sound (4 Dimensions),presets-extra,100
beta106i - Curvature of Sound (5 Dimensions),presets-extra,100
beta106i - Curvature of Sound (Canned Dimensions),presets-extra,100
beta106i - Curvature of Sound (Dented Dimensions),presets-extra,100
beta106i - Curvature of Sound (Infinite Dimensions),presets-extra,100
beta106i - Curvature of Sound (Zero Dimensions),presets-extra,100
beta106i - Cut,presets-extra,100
beta106i - Cut a Slab of Melon,presets-extra,100
beta106i - Cut and Paste (Bass Amoeba),presets-extra,100
beta106i - Cut and Paste (Bass Paste),presets-extra,100
beta106i - Cut the Engines,presets-extra,100
beta106i - Cut the Sound,presets-extra,100
beta106i - Dark Matter (Inversion),presets-extra,100
beta106i - Deathstar (Stardeath Converge),presets-extra,100
beta106i - Deathstar (Stardeath),presets-extra,100
beta106i - Demon Heavy,presets-extra,100
beta106i - Demon Light,presets-extra,100
beta106i - Demon Light (Candy Foundry),presets-extra,100
beta106i - Demon Light (Fabric Foundry),presets-extra,100
beta106i - Demon Light (Plane of Error),presets-extra,100
beta106i - Demon Light (Prime),presets-extra,100
beta106i - Demon Light (Reverse Prime 11),presets-extra,100
beta106i - Demon Light (Reverse Prime 2),presets-extra,100
beta106i - Demon Light (Reverse Prime 3),presets-extra,100
beta106i - Demon Light (Reverse Prime 5),presets-extra,100
beta106i - Demon Light (Reverse Prime 7),presets-extra,100
beta106i - Demon Light (Worldeater),presets-extra,100
beta106i - Different Waves (Coast Guard),presets-extra,100
beta106i - Discordia (Orbkin),presets-extra,100
beta106i - Diskcushion,presets-extra,100
beta106i - Divine Finery,presets-extra,100
beta106i - Divine Finery (Vishnu's Tophat),presets-extra,100
beta106i - Drains (Attenuated),presets-extra,100
beta106i - Drains (Mobile),presets-extra,100
beta106i - Drains (Wrap),presets-extra,100
beta106i - Drum,presets-extra,100
beta106i - Drum (Top Hat),presets-extra,100
beta106i - Dustrunner,presets-extra,100
beta106i - Earth (Quakes),presets-extra,100
beta106i - Ecliptic,presets-extra,100
beta106i - Edgeproof,presets-extra,100
beta106i - Eerie,presets-extra,100
beta106i - Elastoid (Blaster),presets-extra,100
beta106i - Empty Places,presets-extra,100
beta106i - Empty Places (Nothing Removed),presets-extra,100
beta106i - Empty Places (Silkdrop),presets-extra,100
beta106i - Engel's Twisting Factor,presets-extra,100
beta106i - Engine of Sound (bassbase),presets-extra,100
beta106i - Engine of Sound (receding),presets-extra,100
beta106i - Envoy of Balance,presets-extra,100
beta106i - Envoy of Balance (1. Tour through Elastopolis),presets-extra,100
beta106i - Envoy of Balance (2. The Speech),presets-extra,100
beta106i - Envoy of Balance (3. Assassination Attempt),presets-extra,100
beta106i - Envoy of Balance (4. Return to Balance),presets-extra,100
beta106i - Eruption,presets-extra,100
beta106i - Eruption (Hertzanfall - Kraft der Neun Herzen),presets-extra,100
beta106i - Eruption (Hertzanfall - Traumantis),presets-extra,100
beta106i - Eruption (Hertzanfall),presets-extra,100
beta106i - Eruption (Organic Cellular),presets-extra,100
beta106i - Eruption (Organic Lattice),presets-extra,100
beta106i - Eruption (Organic Soup),presets-extra,100
beta106i - Eruption (Organic),presets-extra,100
beta106i - Eruption (Stream Crossing),presets-extra,100
beta106i - Eruption (Underwater),presets-extra,100
beta106i - Eye Hugger,presets-extra,100
beta106i - Eye Hugger (Autofocus),presets-extra,100
beta106i - Eye Hugger (Incognito),presets-extra,100
beta106i - Face the Feeling,presets-extra,100
beta106i - Factory Shift,presets-extra,100
beta106i - Fall Wall,presets-extra,100
beta106i - Fall Wall (PURE),presets-extra,100
beta106i - Fall Wall (SOLE),presets-extra,100
beta106i - Feeding the Bass,presets-extra,100
beta106i - Fierce Vision,presets-extra,100
beta106i - Fierce Vision (Blind Man's Version),presets-extra,100
beta106i - Fit of Rage,presets-extra,100
beta106i - Fit of Rage (Where You Home),presets-extra,100
beta106i - Flak,presets-extra,100
beta106i - Focus Annihilation,presets-extra,100
beta106i - Fortune Hog (St. Atahualpa),presets-extra,100
beta106i - Fortune Hog (St. Diego),presets-extra,100
beta106i - Fortune Hog (St. Franciscus),presets-extra,100
beta106i - Fortune Hog (St. Martin),presets-extra,100
beta106i - Fortune Hog (St. Xu),presets-extra,100
beta106i - Fun World,presets-extra,100
beta106i - Fun World (Core),presets-extra,100
beta106i - Fun World (Coronation),presets-extra,100
beta106i - Fun World (Fingers of Life),presets-extra,100
beta106i - Fun World (Spectraculum),presets-extra,100
beta106i - GN@tack.ed,presets-extra,100
beta106i - GN@tack.er,presets-extra,100
beta106i - Galapagos,presets-extra,100
beta106i - Gemstone Factory (ethereal),presets-extra,100
beta106i - Ghast (Fabrication),presets-extra,100
beta106i - Ghast (Fear Circle),presets-extra,100
beta106i - Ghast (Flee),presets-extra,100
beta106i - Ghast (Ghast of the Past),presets-extra,100
beta106i - Ghast (Pink),presets-extra,100
beta106i - Ghast (Quarter-Ghast),presets-extra,100
beta106i - Ghast (Rigged Ether),presets-extra,100
beta106i - Glassworks,presets-extra,100
beta106i - Graft,presets-extra,100
beta106i - Graft (Bass Implant),presets-extra,100
beta106i - Graft (Parasite),presets-extra,100
beta106i - Grainbow,presets-extra,100
beta106i - Grainbow (The Pavement at the End of the Grainbow),presets-extra,100
beta106i - Gravity Conform (Quell Druck),presets-extra,100
beta106i - Gravity Conform (Quell II),presets-extra,100
beta106i - Gravity Conform (Quell),presets-extra,100
beta106i - Gravity Lensing,presets-extra,100
beta106i - Gravity Lensing (Psycho Extasy),presets-extra,100
beta106i - Gravity Lensing (Psycho Joy),presets-extra,100
beta106i - Gravity Lensing (Psycho Regret),presets-extra,100
beta106i - Great Bath,presets-extra,100
beta106i - Great Bath (Emerger),presets-extra,101
beta106i - Great Bath (Submerger),presets-extra,101
beta106i - Grief Adjustment,presets-extra,101
beta106i - Grief Adjustment (Chi),presets-extra,101
beta106i - Grief Adjustment (Karma Craft),presets-extra,101
beta106i - Grief Adjustment (Karma Shift),presets-extra,101
beta106i - Gross Product,presets-extra,101
beta106i - Gross Product (The Fractal Brothers),presets-extra,101
beta106i - Gross Product (The Fractal Hive Mind),presets-extra,101
beta106i - Gross Product (The Fractal Mutant),presets-extra,101
beta106i - Gross Product (The Fractal Sisters),presets-extra,101
beta106i - Gross Product (The Fractal Team),presets-extra,101
beta106i - Gross Product (The Fractal Twins),presets-extra,101
beta106i - Hackproof,presets-extra,101
beta106i - Hackproof (Winterface),presets-extra,101
beta106i - Haggard Hemisphere of Lost Control,presets-extra,101
beta106i - Half Time,presets-extra,101
beta106i - Half Time (Beatus),presets-extra,101
beta106i - Half Time (Pilatus),presets-extra,101
beta106i - Half Time (Substrate A),presets-extra,101
beta106i - Half Time (Substrate B),presets-extra,101
beta106i - Hard Drink,presets-extra,101
beta106i - Hard Drink (Double Tonic),presets-extra,101
beta106i - Hard Drink (Gin and Kava),presets-extra,101
beta106i - Hard Drink (Ice Tea),presets-extra,101
beta106i - Hard Drink (Infinitea),presets-extra,101
beta106i - Hard Drink (Infiniteatime),presets-extra,101
beta106i - Hard Drink (Mocca),presets-extra,101
beta106i - Hard Drink (Molotov Ice Tea),presets-extra,101
beta106i - Hard Drink (Piranha),presets-extra,101
beta106i - Hard Drink (Triple Tonic - It's Like Being Drunk),presets-extra,101
beta106i - Hard Drink (Triple Tonic),presets-extra,101
beta106i - Have at You,presets-extra,101
beta106i - Have at You (Feint),presets-extra,101
beta106i - Have at You (Spin Strike),presets-extra,101
beta106i - Heavy Ghost (Eye Replacement),presets-extra,101
beta106i - Helix of Contrast 2003,presets-extra,101
beta106i - Hethram,presets-extra,101
beta106i - Hethram (Fralat),presets-extra,101
beta106i - Hethram (Korbinus),presets-extra,101
beta106i - Hit and Miss,presets-extra,101
beta106i - Hollowpoint,presets-extra,101
beta106i - Hollowpoint (Armor Piercing),presets-extra,101
beta106i - Hollowpoint (Live Dynamite),presets-extra,101
beta106i - Hollowpoint (Sabot),presets-extra,101
beta106i - House of Chance,presets-extra,101
beta106i - House of Chance (Entrance A-24),presets-extra,101
beta106i - House of Chance (Liquidator),presets-extra,101
beta106i - Hypothetical Voyage (Triptichon),presets-extra,101
beta106i - Inhuman Emotion,presets-extra,101
beta106i - Inhuman Emotion (Anger),presets-extra,101
beta106i - Inhuman Emotion (Disgust),presets-extra,101
beta106i - Inhuman Emotion (Fear),presets-extra,101
beta106i - Inhuman Emotion (Love - One Way Version),presets-extra,101
beta106i - Inhuman Emotion (Love),presets-extra,101
beta106i - Inhuman Emotion (Regret),presets-extra,101
beta106i - Inhuman Emotion (Regret) - mash0000 - genetic mutant incubators in the hands of toddlers,butterchurnPresetsExtra2,
beta106i - Inruption,presets-extra,101
beta106i - It's the Sun,presets-extra,101
beta106i - It's the Sun (Brotherhood of Tears),presets-extra,101
beta106i - It's the Sun (Revolver Brain-Slug),presets-extra,101
beta106i - It's the Sun (Revolver Shine-Slug),presets-extra,101
beta106i - It's the Sun (Revolver Slug),presets-extra,101
beta106i - It's the Sun (Shattered Sun),presets-extra,101
beta106i - It's the Sun (Spit Dizzy),presets-extra,101
beta106i - Jammer,presets-extra,101
beta106i - Jammer (Contraction Killer),presets-extra,101
beta106i - Jammer Rays,presets-extra,101
beta106i - Jeer,presets-extra,101
beta106i - Jupiter,presets-extra,101
beta106i - Jupiter (And Zeus),presets-extra,101
beta106i - Jupiter (Chronos Ridge Beta),presets-extra,101
beta106i - Jupiter (Chronos Ridge Zero),presets-extra,101
beta106i - Jupiter (Deus),presets-extra,101
beta106i - Jupiter (Divine Lances),presets-extra,101
beta106i - Jupiter (Rapture),presets-extra,101
beta106i - Kevlar Fluid (Swirling),presets-extra,101
beta106i - Killer of St. Bartholomew,presets-extra,101
beta106i - Landwave,presets-extra,101
beta106i - Landwave (Slide),presets-extra,101
beta106i - Leaper Colony,presets-extra,101
beta106i - Leaper Colony (Air Leaping),presets-extra,101
beta106i - Leaper Colony (Crystal Leaping),presets-extra,101
beta106i - Leaper Colony (Grand Conjuration),presets-extra,101
beta106i - Leaper Colony (Grand Illusion),presets-extra,101
beta106i - Leaper Colony (Guilty Flicker),presets-extra,101
beta106i - Leaper Colony (Jelly Rainbow),presets-extra,101
beta106i - Leaper Colony (Kefka's Rainbow),presets-extra,101
beta106i - Leaper Colony (Meteor),presets-extra,101
beta106i - Leaper Colony (Night Riot),presets-extra,101
beta106i - Leaper Colony Highway,presets-extra,101
beta106i - Leaper Colony Security Fence,presets-extra,101
beta106i - Legacy,presets-extra,101
beta106i - Limit Edition,presets-extra,101
beta106i - Limit Edition (Every Space),presets-extra,101
beta106i - Limit Edition (Every Time),presets-extra,101
beta106i - Limit Edition (Free Thinker),presets-extra,101
beta106i - Limit Edition (Gazer),presets-extra,101
beta106i - Limit Edition (Recursive Enchanter),presets-extra,101
beta106i - Limit Edition (Some Nights),presets-extra,101
beta106i - Madness Teaches us to Fight,presets-extra,101
beta106i - Madness Teaches us to Flee,presets-extra,101
beta106i - Making Time (Wait),presets-extra,101
beta106i - Matter Heart (Pacemaker),presets-extra,101
beta106i - Mesmer's Dream of Flight,presets-extra,101
beta106i - Mesmer's Dream of Flight (Gears),presets-extra,101
beta106i - Mesmer's Dream of Flight (Square Circle),presets-extra,101
beta106i - Mind,presets-extra,101
beta106i - Mind (Reader),presets-extra,101
beta106i - Mind (Telepathy - Neural Network),presets-extra,101
beta106i - Mind (Telepathy),presets-extra,101
beta106i - Mollusk,presets-extra,101
beta106i - Mollusk (F-zungi),presets-extra,101
beta106i - Mollusk (Meanwhile in Heaven),presets-extra,101
beta106i - Mollusk (Meanwhile in Hell),presets-extra,101
beta106i - Molten Core,presets-extra,101
beta106i - Negative Sun (Black Hole),presets-extra,101
beta106i - Negative Sun (Blood Star),presets-extra,101
beta106i - Negative Sun (Haze Star),presets-extra,101
beta106i - Negative Sun (Hollow Blood Star),presets-extra,101
beta106i - Negative Sun (Neutron Star),presets-extra,101
beta106i - Negative Sun (Smoke Star),presets-extra,101
beta106i - Never Made for this Purpose,presets-extra,101
beta106i - Nightscape (Observatory),presets-extra,101
beta106i - OX,presets-extra,101
beta106i - OXO,presets-extra,101
beta106i - OXOX,presets-extra,101
beta106i - Old Myths and Fairytales,presets-extra,101
beta106i - Old Myths and Fairytales (Good and Evil),presets-extra,101
beta106i - Old Myths and Fairytales (The Forbidden Room),presets-extra,102
beta106i - One Team,presets-extra,102
beta106i - Oracle,presets-extra,102
beta106i - Oracle (Southern Crossfire - Naval Battle),presets-extra,102
beta106i - Oracle (Southern Crossfire),presets-extra,102
beta106i - Origins of Life,presets-extra,102
beta106i - Origins of Life (All Human),presets-extra,102
beta106i - Origins of Life (Atmospheric Reaction),presets-extra,102
beta106i - Origins of Life (Eye of Chronos),presets-extra,102
beta106i - Oversizer,presets-extra,102
beta106i - Oversizer (Modernist Lane),presets-extra,102
beta106i - Oversizer (Modernist Line),presets-extra,102
beta106i - Particular Fusion,presets-extra,102
beta106i - Particular Fusion (Fe),presets-extra,102
beta106i - Particular Fusion (Mg),presets-extra,102
beta106i - Particular Fusion (Xe),presets-extra,102
beta106i - Perspective of Matter,presets-extra,102
beta106i - Planck Drift,presets-extra,102
beta106i - Planck Drift (Nauseatik),presets-extra,102
beta106i - Planck Drift (Planckton),presets-extra,102
beta106i - Planck Drift (Splittle),presets-extra,102
beta106i - Plane of Return (The Return),presets-extra,102
beta106i - Potion,presets-extra,102
beta106i - Potion of Agility,presets-extra,102
beta106i - Potion of Air,presets-extra,102
beta106i - Potion of Brine,presets-extra,102
beta106i - Potion of Ink,butterchurnPresetsExtra2,
beta106i - Potion of Levitation,presets-extra,102
beta106i - Potion of Life,presets-extra,102
beta106i - Potion of Resurrection,presets-extra,102
beta106i - Potion of Sleep,presets-extra,102
beta106i - Potion of Smoke,presets-extra,102
beta106i - Potion of Water,presets-extra,102
beta106i - Quantum Variants (Mystery),presets-extra,102
beta106i - Quantum Variants (Warp),presets-extra,102
beta106i - Quantum Variants (Zoom),presets-extra,102
beta106i - Questionpoint,presets-extra,102
beta106i - Reality Disfigured,presets-extra,102
beta106i - Reality Disfigured (Hurl It),presets-extra,102
beta106i - Reality Disfigured (Stain Mad),presets-extra,102
beta106i - Reality Disfigured (Stain Sane),presets-extra,102
beta106i - Reality Disfigured (Tumble Hard),presets-extra,102
beta106i - Reality Disfigured (Tumbler),presets-extra,102
beta106i - Reality Disfigured (Unbroken),presets-extra,102
beta106i - Rejoice,presets-extra,102
beta106i - Rejoice (Great Debt),presets-extra,102
beta106i - Rejoice (Resounding Disease),presets-extra,102
beta106i - Rejoice (The Crude),presets-extra,102
beta106i - Rejoice (Venom for Free),presets-extra,102
beta106i - Relaxed Fit (Concourse),presets-extra,102
beta106i - Repulse Dive,presets-extra,102
beta106i - Roaming Star,presets-extra,102
beta106i - Roaming Star (Himalaya Brach Office),presets-extra,102
beta106i - Sargasso,presets-extra,102
beta106i - Sargasso (Current),presets-extra,102
beta106i - Sargasso (Drop in the Ocean),presets-extra,102
beta106i - Sargasso (Ghost Ship),presets-extra,102
beta106i - Sargasso (Sealife),presets-extra,102
beta106i - School of Thought,presets-extra,102
beta106i - School of Thought (History repeating itself),presets-extra,102
beta106i - School of Thought (Platonic),presets-extra,102
beta106i - Seal of Onomatopoeia,presets-extra,102
beta106i - Seal of Ouroboros,presets-extra,102
beta106i - Seal of Quetzalcoatl,presets-extra,102
beta106i - Seal of Quetzalcoatl (Ex Aspiration),presets-extra,102
beta106i - Seal of Quetzalcoatl (Invertebrate Sacrifice),presets-extra,102
beta106i - Seal of the Gemcutter,presets-extra,102
beta106i - Signs,presets-extra,102
beta106i - Signs (Turnpike),presets-extra,102
beta106i - Snowstorm Dimension (Around the Fire),presets-extra,102
beta106i - Snowstorm Dimension (Around the World),presets-extra,102
beta106i - Snowstorm Dimension (Colored),presets-extra,102
beta106i - Snowstorm Dimension (Lost in the Storm),presets-extra,102
beta106i - Snowstorm Dimension (Shatter),presets-extra,102
beta106i - Something against the Warmth,presets-extra,102
beta106i - Songflower,presets-extra,102
beta106i - Songflower (Aura of Thorns),presets-extra,102
beta106i - Songflower (Black Rose),presets-extra,102
beta106i - Songflower (Cactus Nosegay),presets-extra,102
beta106i - Songflower (Clown of Thorns),presets-extra,102
beta106i - Songflower (Crown of Dawn),presets-extra,102
beta106i - Songflower (Dewdrop),presets-extra,102
beta106i - Songflower (Dire Flower),presets-extra,102
beta106i - Songflower (Florist Twist),presets-extra,102
beta106i - Songflower (Ice Flower),presets-extra,102
beta106i - Songflower (Orchid Field),presets-extra,102
beta106i - Songflower (Redwood Bouquet),presets-extra,102
beta106i - Songflower (Strainforest),presets-extra,102
beta106i - Songflower (Throne of Crows),presets-extra,102
beta106i - Songflower (Wereflower),presets-extra,102
beta106i - Soul Conductor (Ghost Train Ride),presets-extra,102
beta106i - Splatter (Pulsecrawler),presets-extra,102
beta106i - Spontaneous Liquefaction,presets-extra,102
beta106i - Spring,presets-extra,102
beta106i - Storm of the Eye (Fog),presets-extra,102
beta106i - Storm of the Eye (Thunder),presets-extra,102
beta106i - Straight Tropical Coal,presets-extra,102
beta106i - Straight Tropical Coal (Amber),presets-extra,102
beta106i - Straight Tropical Coal (Cocytus Channel),presets-extra,102
beta106i - Straight Tropical Coal (Discovery Channel),presets-extra,102
beta106i - Straight Tropical Coal (Hypnotricks Murky Mix),presets-extra,102
beta106i - Straight Tropical Coal (Hypnotricks Stable Mix),presets-extra,102
beta106i - Straight Tropical Coal (Hypnotricks),presets-extra,102
beta106i - Stranded (Melee),presets-extra,102
beta106i - Superstrings,presets-extra,102
beta106i - Tackstar,presets-extra,102
beta106i - Tackstar (Easy and Lazy),presets-extra,102
beta106i - Tackstar (Free of Course),presets-extra,102
beta106i - Teatime,presets-extra,102
beta106i - Teatime (Golden Monkey),presets-extra,102
beta106i - Teatime (Yunnan Jig),presets-extra,102
beta106i - The Best Placebo,presets-extra,102
beta106i - The Best Placebo (Against Confusion),presets-extra,102
beta106i - The Betrayer,presets-extra,102
beta106i - The Betrayer (Sledgehead),presets-extra,102
beta106i - The Dishes (Shaken),presets-extra,102
beta106i - The Lurker (Overlord),presets-extra,102
beta106i - The Lurker (Twin Mix) - Bitcore Tweak,presets-extra,102
beta106i - The One Eyed Fool,presets-extra,102
beta106i - The Red and The Blue,presets-extra,102
beta106i - Thicket Space (Thicker Thicket),presets-extra,102
beta106i - This is not my Shift (spheroid),presets-extra,102
beta106i - Tool of Construction,presets-extra,102
beta106i - Transfrontation,presets-extra,102
beta106i - Transfrontation (Cadila Gold Star),presets-extra,102
beta106i - Transfrontation (Crocodile Star),presets-extra,102
beta106i - Transfrontation (Crystal Palace),presets-extra,102
beta106i - Transfrontation (Fourth Membrane),presets-extra,102
beta106i - Transfrontation (Triangle Standoff),presets-extra,103
beta106i - Trickshot,presets-extra,103
beta106i - Trickshot (Borderland),presets-extra,103
beta106i - Trickshot (Counterfeit Deceit),presets-extra,103
beta106i - Trickshot (Fake Vortex),presets-extra,103
beta106i - Trickshot (No Man's Land),presets-extra,103
beta106i - Trickshot (Spirit Fire),presets-extra,103
beta106i - True Subject Star (Brinstar),presets-extra,103
beta106i - True Subject Star (Conductive Matter),presets-extra,103
beta106i - True Subject Star (Phantom Star),presets-extra,103
beta106i - True Subject Star (Pure Medium),presets-extra,103
beta106i - True Subject Star (Seeing Unstraight - Glasstar),presets-extra,103
beta106i - True Subject Star (Seeing Unstraight),presets-extra,103
beta106i - Tweak Trains,presets-extra,103
beta106i - Twice Restrained (Fluid),presets-extra,103
beta106i - Uncontrolled Experiment,presets-extra,103
beta106i - United States of Being,presets-extra,103
beta106i - Unsharp Edge,presets-extra,103
beta106i - Unsharp Edge (Subsonic Afterlife),presets-extra,103
beta106i - Variants of Eternity (Face your Maker),presets-extra,103
beta106i - Variants of Eternity (Slow Dance),presets-extra,103
beta106i - Veil of Steel,presets-extra,103
beta106i - Veil of Steel (Steel Storm),presets-extra,103
beta106i - Veil of Steel (Wheels of Steel),presets-extra,103
beta106i - Video Anchor,presets-extra,103
beta106i - Volatile,presets-extra,103
beta106i - Volatile (Flare),presets-extra,103
beta106i - Wanderer in Curved Space,presets-extra,103
beta106i - Wanderer of Uncertain Fate,presets-extra,103
beta106i - Wanderer skipping along,presets-extra,103
beta106i - Wanderer with Restless Leg Syndrome,presets-extra,103
beta106i - Wanderer's Antidote,presets-extra,103
beta106i - Wandering under Influence of Alcohol,presets-extra,103
beta106i - Wave Melange,presets-extra,103
beta106i - Wavechaser (5th Season),presets-extra,103
beta106i - Wavechaser (Fall),presets-extra,103
beta106i - Wavechaser (Spring),presets-extra,103
beta106i - Wavechaser (Summer),presets-extra,103
beta106i - Wavechaser (Winter),presets-extra,103
beta106i - Waylay Elemental,presets-extra,103
beta106i - Waylay Elemental (Acid Mirror),presets-extra,103
beta106i - Waylay Elemental (Burned Earth),presets-extra,103
beta106i - Waylay Elemental (Elastic Fire),presets-extra,103
beta106i - Waylay Elemental (Frozen Blood),presets-extra,103
beta106i - Waylay Elemental (Inexplicable Presence of Death),presets-extra,103
beta106i - Waylay Elemental (Inexplicable Presence of Life),presets-extra,103
beta106i - Waylay Elemental (Inexplicable Presence of You),presets-extra,103
beta106i - Waylay Elemental (Wind Charger),presets-extra,103
beta106i - Where Wind Weaves (Bright),presets-extra,103
beta106i - Where Wind Weaves (Jet Stream),presets-extra,103
beta106i - Wishful Tinker (Carbonhead),presets-extra,103
beta106i - Wishful Tinker (Gearbox),presets-extra,103
beta106i - Wishful Tinker (Leadhead),presets-extra,103
beta106i - Wishful Tinker (Particular - Curved Mirror Remix),presets-extra,103
beta106i - Wishful Tinker (Particular - Forklifter Remix),presets-extra,103
beta106i - Wishful Tinker (Particular - Partycular Remix),presets-extra,103
beta106i - Wishful Tinker (Particular - Shadow Remix),presets-extra,103
beta106i - Wishful Tinker (Particular),presets-extra,103
beta106i - Wishful Tinker (Party Hard 2 - The Hangover),presets-extra,103
beta106i - Wishful Tinker (Party Hard),presets-extra,103
beta106i - Wishful Tinker (Party Harder),presets-extra,103
beta106i - Wishful Tinker (Party Hardest),presets-extra,103
beta106i - Wishful Tinker (Seleniumhead),presets-extra,103
beta106i - Wishful Tinker (Valve - Steam),presets-extra,103
beta106i - Wishful Tinker (Valve),presets-extra,103
beta106i - Worms 2003,presets-extra,103
beta106i - Worms 2003 (Bait Can),presets-extra,103
beta106i - Zap,presets-extra,103
beta106i - Zap (Bad Space),presets-extra,103
beta106i - Zap (Chinese Parades),presets-extra,103
beta106i - Zap (Jelly Mix),presets-extra,103
beta106i - Zephyr,presets-extra,103
beta106i - Zucker (Cells),presets-extra,103
beta106i - Zucker (Crashland),presets-extra,103
beta106i - ddummyy,presets-extra,103
beta106i - ddummyy (01u0104),presets-extra,103
beta106n hell,presets-extra,103
beta106ok at me,presets-extra,103
beta106r hatred,presets-extra,103
beta106rd does not bend like that,presets-extra,103
beta106reaction,presets-extra,103
beta106rt,presets-extra,103
beta106test,presets-extra,103
beyond,presets-extra,103
bipolar,presets-extra,103
bipolar 2,presets-extra,103
bipolar 3,presets-extra,103
bizarre,presets-extra,103
blankbeatmonitor in Rovastar's and Evil Jim's Advanced Beat Monitor,presets-extra,103
blankmvs,presets-extra,103
blastofftek - backtracing,presets-extra,103
blastofftek - black hole,presets-extra,103
blastofftek - chaos rune,presets-extra,103
blastofftek - chaos rune (r2),presets-extra,103
blastofftek - chronobot,presets-extra,103
blastofftek - dissolution of a black hole,presets-extra,103
blastofftek - glassbreaker,presets-extra,103
blastofftek - observing a wormhole,presets-extra,103
blastofftek - plasma,presets-extra,103
blastofftek - rose infection,presets-extra,103
blastofftek - wrapaholics,presets-extra,103
blue and red4,presets-extra,103
bmelgren - Getter Sun,presets-extra,103
bmelgren - Getter Sun tweek 1,presets-extra,103
bmelgren - Getter Sun tweek 2,presets-extra,103
bmelgren - Getter Sun tweek 3,presets-extra,103
bmelgren - God's Parakeet Takes A Swim,presets-extra,103
bmelgren - Hexultimate Neural Slipstream,presets-extra,103
bmelgren - Hmmm,presets-extra,103
bmelgren - Hyperspace Variant,presets-extra,103
bmelgren - Lattice Noire,presets-extra,103
bmelgren - Liqurido,presets-extra,103
bmelgren - Liqurido2,presets-extra,103
bmelgren - Morpherous,presets-extra,103
bmelgren - Quiver,presets-extra,103
bmelgren - Returning To Rovastar's Return To The Source,presets-extra,103
bmelgren - Schixmatichrome,presets-extra,103
bmelgren - Smokin Chrome,presets-extra,103
bmelgren - Through Glass Eyes Variant,presets-extra,103
bmelgren - Veiled Reference,presets-extra,103
bmelgren and rovastar - return to the source,presets-extra,103
bonfire,presets-extra,103
bouncing ball,presets-extra,103
brain,presets-extra,103
bright fiber matrix,presets-extra,103
bright fiber matrix 2,presets-extra,103
buffer cleaner,presets-extra,103
bw + phat eos - elizer,presets-extra,104
bw + phat eos - elizer_1,presets-extra,104
bw - wobblinator,presets-extra,104
bw - wobblinator_1,presets-extra,104
bw phat eos -  reverb,presets-extra,104
bw pieterp Redi Jedi - tr,presets-extra,104
bw pieterp Redi Jedi - tr5,presets-extra,104
bw rovastar - alien hieroglyphs ,presets-extra,104
bw rovastar - the angels are dead,presets-extra,104
bw rovastar - the angels are dead 2,presets-extra,104
bw rovastar phat eos - cosmic tube,presets-extra,104
bw rovastar phat eos - cosmic tube_1,presets-extra,104
bw rovastar phat eos - isosmog,presets-extra,104
bw rovastar phat eos - isosmog_1,presets-extra,104
carnage incarnate,presets-extra,104
cartographie,presets-extra,104
casino,presets-extra,104
cellular growth,presets-extra,104
cepiasound,presets-extra,104
charged bliss,presets-extra,104
chasing dragons,presets-extra,104
che & Krash - dark side of indecision (gamma corrected edition),presets-extra,104
che & idiot - Remnants of the Castle (Camelot mix),presets-extra,104
che - --timed sidon,presets-extra,104
che - Absolut(tm) disco,presets-extra,104
che - Sidon beat detection in Evil Jim's Beat Monitor,presets-extra,104
che - adela the flower,presets-extra,104
che - barcode infidelity,presets-extra,104
che - burning hus (oil mix),presets-extra,104
che - color trap,presets-extra,104
che - don't sleep in the subway,presets-extra,104
che - enter the volcano,presets-extra,104
che - focus on Sidon,presets-extra,104
che - fx-4500P,presets-extra,104
che - handkerchief sampler (Las Vegas),presets-extra,104
che - nebula playground,presets-extra,104
che - nightshot,presets-extra,104
che - ocean,presets-extra,104
che - primitive beat detection,presets-extra,104
che - receiver,presets-extra,104
che - slow motion,presets-extra,104
che - sonar,presets-extra,104
che - two trees,presets-extra,104
che - various effects,presets-extra,104
che - watch and fly,presets-extra,104
che and idiot - Abstract Tornado,presets-extra,104
che and idiot - Nebula's House of Fun,presets-extra,104
che and idiot - Nebula's House of Mirrors,presets-extra,104
che and idiot - Tornado Swirl,presets-extra,104
che and idiot - Various Abstract Effects,presets-extra,104
che and idiot - Various Abstract Effects (remix),presets-extra,104
che and idiot and zylot - Dark Dreams,presets-extra,104
cheater,presets-extra,104
cherished desires 1,presets-extra,104
cherished desires 2,presets-extra,104
churn,presets-extra,104
clouds,presets-extra,104
collapsing,presets-extra,104
color tones,presets-extra,104
color tones 2,presets-extra,104
color_gears,presets-extra,104
confusion,presets-extra,104
constant velocity,presets-extra,104
cope + flexi - mother-of-whirl [no fnords were hurt],butterchurnPresetsExtra2,
cope + geiss + stahlregen - cartune (bending gelatine mix),butterchurnPresetsExtra,
cope + martin - mother-of-pearl,butterchurnPresets,
cope - alternative energy (antimatter mod_1)4z,butterchurnPresetsExtra2,
cope - digital sea,butterchurnPresetsExtra2,
cope - limiting movement2,presets-extra,104
cope - soar (v2.0),butterchurnPresetsExtra2,
cope - strange attractor [flexis let it grow mix] (Jelly 5.56 [volume noise zoom-in]),butterchurnPresetsExtra,
cope - the drain to heaven,butterchurnPresetsExtra,
"cope, martin + flexi - the slickery of alternative varnish",butterchurnPresetsExtra,
coral,presets-extra,104
corkscrew,presets-extra,104
corpus callosum,presets-extra,104
cosmic confusion,presets-extra,104
cosmic dust,presets-extra,104
cosmic dust 2,presets-extra,104
cosmic echoes 2,presets-extra,104
cranked on failure,presets-extra,104
cranked on vectors,presets-extra,104
crayak's diagonal,presets-extra,104
crazyzoom,presets-extra,104
crazyzoom2,presets-extra,104
cruzin',presets-extra,104
custom7,presets-extra,104
cycloid,presets-extra,104
cycloid 2,presets-extra,104
dali warp,presets-extra,104
davod the pod,presets-extra,104
de la moutard,presets-extra,104
de la moutard 2,presets-extra,104
deeper logic,presets-extra,104
demo,presets-extra,104
demonic distortion,presets-extra,104
descent,presets-extra,104
destruction,presets-extra,104
diffraction,presets-extra,104
digital energy,presets-extra,104
digital flame,presets-extra,104
digital smoke,presets-extra,104
diversion,presets-extra,104
doctorcox - Into the Looking Glass,presets-extra,104
downward spiral,presets-extra,104
drasla - simplespectrogram,presets-extra,104
dread pirate roberto,presets-extra,104
dreamtime,presets-extra,104
dreamtime retold,presets-extra,104
drift,presets-extra,104
drop1,presets-extra,104
drop2,presets-extra,104
dual shifting spheres,presets-extra,104
dual spin,presets-extra,104
dual wave,presets-extra,104
dual wave 2,presets-extra,104
dual wave 4,presets-extra,104
dynamic swirls,presets-extra,104
dynamic swirls 2,presets-extra,104
eMale - best halfbaked fading,presets-extra,104
eMale - best halfbaked reversed,presets-extra,104
eMale - best halfbaked reversed (phat remix) (eMale reremix),presets-extra,104
eMale - best halfbeaked special,presets-extra,104
eMale - moving black hole fading,presets-extra,104
eMale - moving black hole reverse,presets-extra,104
eMale - moving black hole special,presets-extra,104
eMale - painter,presets-extra,104
eMale - painter special,presets-extra,104
eMale - shattered diamond,presets-extra,104
eMale - shattered diamond (crazy version),presets-extra,104
eMale - wheel of fortune,presets-extra,104
eMale - wheel of fortune (crazy version),presets-extra,104
ech0 - liquid firesticks I,butterchurnPresetsExtra2,
echo tube,presets-extra,105
eddies 2,presets-extra,105
eggs,presets-extra,105
el cubismo,presets-extra,105
ellimist's flower,presets-extra,105
enchanted disk,presets-extra,105
enchantment,presets-extra,105
eo.s. + phat + nighthawk + redi jedi - frequency analysis + glowsticks - mdrocks_remix (milkdrop bet,presets-extra,105
eo.s. - glowsticks v2 04 music minimal (benjam's tracer mix),presets-extra,105
eo.s. - glowsticks v2 04 music minimal (benjam's tracer mix)+redijedi trace lite,presets-extra,105
eo.s. - glowsticks v2 04 music minimal (benjam's tracer mix)+redijedi traces of a thought from a time when i was in a place that is not bound by time,presets-extra,105
eo.s. - glowsticks v2 04 music minimal - ghosts,presets-extra,105
eo.s. - glowsticks v2 04 music minimal - ghosts gaseous,presets-extra,105
eo.s. - glowsticks v2 04 music minimal - ghosts gaseous 2,presets-extra,105
eo.s. - glowsticks v2 04 music minimal - swim,presets-extra,105
eo.s. - glowsticks v2 04 music minimal - swim color,presets-extra,105
"eo.s.+phat, redi jedi - remixed by hexcollie",presets-extra,105
ethics of paradox 1,presets-extra,105
ethics of paradox 2,presets-extra,105
excuse me,presets-extra,105
expanding diamond,presets-extra,105
extreme indecisive movement,presets-extra,105
fading spheres,presets-extra,105
fed + Goody + Flexi - bicycle 0.1 ps0,presets-extra,105
fed - slowfast 1.1,butterchurnPresetsExtra2,
festive,presets-extra,105
fiShbRaiN + Eo.S. + Phat - starburst on vinyl ,presets-extra,105
fiShbRaiN + Eo.S. + Phat - starburst totem pole,presets-extra,105
fiShbRaiN + Eo.S._Phat - The Machine Final,presets-extra,105
fiShbRaiN + Eo.S._Phat - the machine that eats people,presets-extra,105
fiShbRaiN + Eo.S._Phat - the machine that eats people_v2,presets-extra,105
fiShbRaiN + Eo.S._Phat - the machine that eats people_v3,presets-extra,105
fiShbRaiN + Eo.S._Phat - the machine that eats people_v4,presets-extra,105
fiShbRaiN + Eo.S._Phat - the machine that moves people_v3,presets-extra,105
fiShbRaiN + Eo.S._Phat - the machine that moves people_v4,presets-extra,105
fiShbRaiN + Flexi - witchcraft 2.0,butterchurnPresets,
"fiShbRaiN + flexi - witchcraft 2.0 - mash0000 - no one cares about mi, the note (major third)",butterchurnPresetsExtra2,
fiShbRaiN + geiss - witchcraft (Grow Mix 3),butterchurnPresetsExtra,
fiShbRaiN - 1-30am,presets-extra,105
fiShbRaiN - TV dinner,presets-extra,105
fiShbRaiN - a message from the martians,presets-extra,105
fiShbRaiN - a quiet death,butterchurnPresetsMD1,
fiShbRaiN - asimovs freakish headgear,presets-extra,105
fiShbRaiN - betelguese,presets-extra,105
fiShbRaiN - betelguese (hyperdrive remix),presets-extra,105
fiShbRaiN - blueprint,presets-extra,105
fiShbRaiN - blueprint (CRT dance remix),presets-extra,105
fiShbRaiN - blueprint (CRT remix),presets-extra,105
fiShbRaiN - brainstem activation,presets-extra,105
fiShbRaiN - breakfast cruiser,butterchurnPresetsExtra2,
fiShbRaiN - circuit bored,presets-extra,105
fiShbRaiN - city slicker,presets-extra,105
fiShbRaiN - crazy diamond,presets-extra,105
fiShbRaiN - cryogenic crayonics,presets-extra,105
fiShbRaiN - crystal glasses,presets-extra,105
fiShbRaiN - dancing tree,presets-extra,105
fiShbRaiN - david bowie,presets-extra,105
fiShbRaiN - digital washclock,presets-extra,105
fiShbRaiN - digital washclock (binary sandwich remix),presets-extra,105
fiShbRaiN - dropship,presets-extra,105
fiShbRaiN - ejecta,presets-extra,105
fiShbRaiN - ejecta_phat_edit,presets-extra,105
fiShbRaiN - embryo,presets-extra,105
fiShbRaiN - evolution (3d),presets-extra,105
fiShbRaiN - evolution (3d)_phat_edit,presets-extra,105
fiShbRaiN - evolution (3d)_phat_edit_v2,presets-extra,105
fiShbRaiN - fiber optics,presets-extra,105
fiShbRaiN - gandalf does it best,presets-extra,105
fiShbRaiN - gandalf does it best (pipeweed remix v2),presets-extra,105
fiShbRaiN - gandalf does it best (pipeweed remix v2)_Phat_God_HeAD,presets-extra,105
fiShbRaiN - gandalf does it best (pipeweed remix v2)_Phat_God_HeAD_V2,presets-extra,105
fiShbRaiN - gandalf does it best (pipeweed remix v2)_Phat_God_HeAD_V2b,presets-extra,105
fiShbRaiN - gandalf does it best (pipeweed remix v2)_Phat_God_Head_edit,presets-extra,105
fiShbRaiN - gandalf does it best (pipeweed remix v2)_Phat_God_Head_edit_frame_rate_tweak,presets-extra,105
fiShbRaiN - gandalf does it best (pipeweed remix v2)_Phat_slooow_edit,presets-extra,105
fiShbRaiN - gandalf does it best (pipeweed remix v2)_phat_mandala_mix,presets-extra,105
fiShbRaiN - gandalf does it best (pipeweed remix v2)_phat_mandala_mix_v2,presets-extra,105
fiShbRaiN - gandalf does it best (pipeweed remix v2)_phat_mandala_more_responce_mix,presets-extra,105
fiShbRaiN - gandalf does it best (pipeweed remix v2)_phat_reactor_core_mix,presets-extra,105
fiShbRaiN - gandalf does it best (pipeweed remix v2)_phat_rose_mix,presets-extra,105
fiShbRaiN - gandalf does it best (pipeweed remix),presets-extra,105
fiShbRaiN - hexadecimal theory,presets-extra,105
fiShbRaiN - inside the flux capacitor,presets-extra,105
fiShbRaiN - jade nicotine,presets-extra,105
fiShbRaiN - life in the fast lane,presets-extra,105
fiShbRaiN - living in the 70s,presets-extra,105
fiShbRaiN - lobstoid,presets-extra,105
fiShbRaiN - lost in the bottle,presets-extra,105
fiShbRaiN - mad scientist,presets-extra,105
fiShbRaiN - metropolis,presets-extra,105
fiShbRaiN - molecule mind,presets-extra,105
fiShbRaiN - narcolepsy,presets-extra,105
fiShbRaiN - one step beyond,presets-extra,105
fiShbRaiN - one step beyond (alien remix),presets-extra,105
fiShbRaiN - one step beyond (jelly remix),presets-extra,105
fiShbRaiN - pan galactic gargle blaster,presets-extra,105
fiShbRaiN - planet x,presets-extra,105
fiShbRaiN - planet x (Phat+E.Os intense starfield edit),presets-extra,105
fiShbRaiN - planet x_Phat+Eo.S._inFlux_gravity well mix,presets-extra,105
fiShbRaiN - planet x_Phat_Eo.S_Planet_System_Remix,presets-extra,105
fiShbRaiN - planet x_Phat_Eo.S_Planet_System_Remix Plexus,presets-extra,105
fiShbRaiN - planet x_Phat_Eo.S_Planet_System_Remix Plexus negative space,presets-extra,105
fiShbRaiN - planet x_Phat_Eo.S_Planet_System_Remix_v2,presets-extra,105
fiShbRaiN - planet x_Phat_Tetris_mix,presets-extra,105
fiShbRaiN - planet x_Phat_Zylot_Eo.S_Planet_System_Remix,presets-extra,105
fiShbRaiN - planet x_Phat_Zylot_Eo.S_Planet_System_Remix Plexus,presets-extra,105
fiShbRaiN - planet x_Phat_Zylot_Eo.S_Planet_System_Remix Plexus negative space,presets-extra,105
fiShbRaiN - planet x_Phat_Zylot_Eo.S_Planet_System_Remix_v2,presets-extra,105
fiShbRaiN - planet x_Phat_inFlux_mix,presets-extra,105
fiShbRaiN - plasma temptation,presets-extra,105
fiShbRaiN - psychotic meltdown,presets-extra,105
fiShbRaiN - psychotic meltdown (peyote mix),presets-extra,105
fiShbRaiN - quark matrix,presets-extra,105
fiShbRaiN - quiet nights in the physics lab,presets-extra,105
fiShbRaiN - soft porn,presets-extra,105
fiShbRaiN - soul cube,presets-extra,105
fiShbRaiN - soul cube (fast heart remix),presets-extra,105
fiShbRaiN - soul cube (outphased swarm remix),presets-extra,105
fiShbRaiN - soul cube (slow heart remix),presets-extra,105
fiShbRaiN - spirits of the jelly babies,presets-extra,105
fiShbRaiN - star wars iceblock,presets-extra,105
fiShbRaiN - submarine,presets-extra,105
fiShbRaiN - swarm (3d),presets-extra,105
fiShbRaiN - swarming glory,presets-extra,105
fiShbRaiN - swarming glory (angry remix),presets-extra,105
fiShbRaiN - swarming glory (geomancy remix),presets-extra,105
fiShbRaiN - swarming glory (spiral remix),presets-extra,105
fiShbRaiN - swarming glory suksma shapes,presets-extra,105
fiShbRaiN - the adventures of prismo jenkins,butterchurnPresetsExtra2,
fiShbRaiN - the dark side of the moon,presets-extra,105
fiShbRaiN - the machine that conquered the world,presets-extra,106
fiShbRaiN - the machine that conquered the world (domination remix),presets-extra,106
fiShbRaiN - toffee cream and icing sugar,butterchurnPresetsExtra,
fiShbRaiN - too much culture,presets-extra,106
fiShbRaiN - wave rider,presets-extra,106
fiShbRaiN - when coathangers dream,presets-extra,106
fiShbRaiN - when coathangers dream_phat_edit,presets-extra,106
fiShbRaiN - when robots take over the world,presets-extra,106
fiShbRaiN - white sceam firefly,presets-extra,106
fiShbRaiN - white scream firefly,presets-extra,106
fiShbRaiN - witchcraft,presets-extra,106
fiShbRaiN - witchcraft (DMT remix),presets-extra,106
fiShbRaiN - witchcraft (alcoholic remix),presets-extra,106
fiShbRaiN - witchcraft (metropolis remix),presets-extra,106
fiShbRaiN - witchcraft (metropolish remix),presets-extra,106
fiShbRaiN - witchcraft (metropolish remix) - test,presets-extra,106
fiShbRaiN - witchcraft (necromancer remix),presets-extra,106
fiShbRaiN - witchcraft (necromancer remix) - busy,presets-extra,106
fiShbRaiN - witchcraft (necromancer remix)_phat_edit,presets-extra,106
fiShbRaiN - witchcraft (necromancer remix)_phat_edit_v2,presets-extra,106
fiShbRaiN - witchcraft (necromancer remix)_phat_edit_v3,butterchurnPresetsExtra2,
fiShbRaiN - witchcraft (neuromancer remix),presets-extra,106
fiShbRaiN - witchcraft (ritual dance remix),presets-extra,106
fiShbRaiN - witchcraft (shaman remix),presets-extra,106
fiShbRaiN - witchcraft (sorcery remix),presets-extra,106
fiShbRaiN - xenology,presets-extra,106
fiShbRaiN - xenology_Phat_edit,presets-extra,106
fiShbRaiN and Zylot + otherz = Planet x (Lost in the music dimension),presets-extra,106
fiShbRaiN and Zylot - The Machine Mind,presets-extra,106
fiShbRaiN and Zylot - The Machine Mind_phat_edit,presets-extra,106
fiShbRaiN and Zylot - dancing tree (Lonely field mix),presets-extra,106
fiShbRaiN_Phat_Snowflake_Flury_mixs,presets-extra,106
fiShbRaiN_Phat_snowflake,presets-extra,106
fiShbRaiN_Phat_snowflake_flury_mix,presets-extra,106
fiShbRaiN_Phat_snowflake_v2,presets-extra,106
fiShbRaiN_Phat_snowflake_v3,presets-extra,106
fiberglass,presets-extra,106
fiberglass-Fvese-remix,presets-extra,106
fishbrain + flexi - stitchcraft,butterchurnPresetsExtra,
flash cards,presets-extra,106
flexi + amandio c - new bouncing balls (the whole picture) 1,presets-extra,106
flexi + amandio c - new bouncing balls (the whole picture) 2,presets-extra,106
flexi + amandio c - organic,butterchurnPresetsExtra,
flexi + amandio c - organic [random mashup],butterchurnPresets,
flexi + amandio c - organic12-3d-2.milk,butterchurnPresets,
flexi + bdrv - acid etching (jelly v5.5),butterchurnPresetsExtra,
flexi + fishbrain - neon mindblob grafitti,butterchurnPresets,
flexi + fishbrain - warpcraft [random mashup],butterchurnPresetsExtra2,
flexi + fishbrain - witchcraft [complex terraforming - fiddling twists in the fabric of space],butterchurnPresetsExtra,
flexi + fishbrain - witchcraft [complex terraforming],butterchurnPresetsExtra2,
flexi + geiss - infused with the spiral (Heavy Oil Mix) nz+ rapery,butterchurnPresetsExtra2,
flexi + geiss - pogo cubes vs. tokamak vs. game of life [stahls jelly 4.5 finish],butterchurnPresets,
flexi + geiss - pogo-cubes on tokamak matter (bccn Jelly V4),butterchurnPresetsExtra2,
flexi + geiss - pogo-cubes on tokamak matter [mind over matter remix]2,butterchurnPresetsExtra2,
flexi + goody + eo.s. - nematodes - ps3 xmb simulator (greyscaled + 2 waves),presets-extra,106
flexi + nitorami - beat explorer (cn bc jelly 4),butterchurnPresetsExtra2,
flexi + stahlregen + martin - psychotic flower burst (ps1 mix - random color),presets-extra,106
flexi + stahlregen + martin - psychotic flower burst (ps1 mix),presets-extra,106
flexi + stahlregen - jelly strike,butterchurnPresetsExtra2,
flexi - 100 bouncing balls (with new MD syntax by amandio c),presets-extra,106
flexi - Mindblob,butterchurnPresetsExtra,
flexi - alien canvas [learning],butterchurnPresetsExtra,
flexi - an elastic study [md2.0 mix],presets-extra,106
flexi - borderline imagery,butterchurnPresetsExtra2,
flexi - bouncing balls [double mindblob gastrointestinal mix],butterchurnPresetsExtra,
flexi - bouncing balls [double mindblob neon mix],butterchurnPresets,
flexi - bouncing balls [illumination mix],butterchurnPresetsExtra2,
flexi - color strike,butterchurnPresetsExtra2,
flexi - hyperspaceflight (bn cn Jelly 4),butterchurnPresetsExtra,
flexi - infused with the spiral (jelly 4.x cn),butterchurnPresetsExtra,
flexi - inter state,butterchurnPresetsExtra,
flexi - jelly fish mandala,butterchurnPresetsExtra,
flexi - meta4free,butterchurnPresetsExtra2,
"flexi - mom, why the sky looks different today",butterchurnPresets,
flexi - neuropharmaceutical bullets,presets-extra,106
"flexi - patternton, district of media, capitol of the united abstractions of fractopia",butterchurnPresets,
"flexi - splatter effects 17 the wave, a google love story written in decay roam3-2 ",butterchurnPresetsExtra,
flexi - swing out on the spiral,butterchurnPresets,
flexi - what is the matrix,butterchurnPresets,
"flexi, geiss and rovastar - chaos layered sinewsed tokamak 2",butterchurnPresetsExtra2,
"flexi, stahlregen, geiss + tobias wolfboi - space gelatine burst - mash0000 - chromatidal pool mirror blasphemy",butterchurnPresetsExtra,
flotsam,presets-extra,106
flower,presets-extra,106
flying hamster - flower borders,presets-extra,106
flying hamster - flower borders (version 2),presets-extra,106
flying hamster - flower borders (version 3),presets-extra,106
flying hamster - flower borders (version 4),presets-extra,106
flying hamster - flower borders (version 5),presets-extra,106
flying hamster - flower borders (version 6),presets-extra,106
fog tunnel,presets-extra,106
foliativ - crawling,presets-extra,106
foliativ - lost in the tube,presets-extra,106
foliativ - rotating,presets-extra,106
foliativ - spirals,presets-extra,106
foliativ - up and down,presets-extra,106
four kinds of amphetamines,presets-extra,106
fractal 1,presets-extra,106
fractal 2,presets-extra,106
galaxy,presets-extra,106
galaxy 2,presets-extra,106
gastly - Circular Light,presets-extra,106
gastly - Circular Light2,presets-extra,106
gastly - Dancing Around Flames,presets-extra,106
gastly - Dancing Mirrors,presets-extra,106
gastly - Soft Flames,presets-extra,106
gastly - Soft Flames Crazy Remix,presets-extra,106
generic,presets-extra,106
generous offer,presets-extra,106
gheypainting,presets-extra,106
good moods,presets-extra,106
goody + eo.s. - nematodes - ps3 xmb simulator (greyscaled),presets-extra,106
goody + eo.s. - nematodes - ps3 xmb simulator (starting point),presets-extra,106
goody + martin - crystal palace - schizotoxin - the wild iris bloom - 16 iterations,butterchurnPresetsExtra,
goody + suksma - more spectro temp2 (y warping fixed),presets-extra,106
goody - #1,presets-extra,106
goody - unstable sonic reactor - cold fusion,presets-extra,106
"goody(2), hexcollie, fed - #4",presets-extra,106
"goody(2), hexcollie, fed, flexi - #5",presets-extra,106
"goody(3), hexcollie(2), fed(2), flexi(2) - #9 (sorry for demolishing your code)",presets-extra,106
"goody(3), hexcollie(2), fed(2), flexi(3) - #10 (face your child)",presets-extra,106
"goody(3), hexcollie(3), fed(2), flexi(3) - #11 (bulk)",presets-extra,106
"goody(3), hexcollie, fed(2), flexi - #7",presets-extra,106
"goody(3), hexcollie, fed(2), flexi(2) - #8",presets-extra,106
"goody(3), hexcollie, fed, flexi - #6",presets-extra,106
"goody(4), hexcollie(3), fed(2), flexi(3) - #12 (less spasticity and fps tweak - fixed twitchy wave!)",presets-extra,106
"goody(4), hexcollie(3), fed(2), flexi(3), stahlregen (1) - #13",presets-extra,106
"goody(4), hexcollie(3), fed(2), flexi(4), stahlregen (1) - #14",presets-extra,106
"goody(4),_hexcollie(4),_fed(2),_flexi(4),_stahlregen_(1)_-__15 (dextroamphetamine nasal spray mix)",presets-extra,106
"goody, hexcollie - #2",presets-extra,106
"goody, hexcollie, fed - #3",presets-extra,106
"goody, hexcollie, fed - collaboration #4 spinoff - magic box space",presets-extra,106
government warning,presets-extra,106
grapes,presets-extra,106
great moods,presets-extra,106
greenland,presets-extra,106
hallucinogenic pyramids 1,presets-extra,106
hallucinogenic pyramids 2,presets-extra,106
hazy dots,presets-extra,106
he went that away,presets-extra,106
heavenly,presets-extra,106
heavenly 2,presets-extra,106
heavenly 3,presets-extra,106
heavenly eye,presets-extra,106
hexcollie - 2cb,presets-extra,106
hexcollie - AGEN,presets-extra,106
hexcollie - Alex1,presets-extra,106
hexcollie - Alex2,presets-extra,106
hexcollie - BEST SCRATCH SOFAR,presets-extra,106
hexcollie - Black Hole,presets-extra,106
hexcollie - Blooming Squid,presets-extra,106
hexcollie - Bouncy Bars,presets-extra,106
hexcollie - Brogish,presets-extra,106
hexcollie - Candyflip Triiangles,presets-extra,106
hexcollie - Cat and mouse,presets-extra,106
hexcollie - Crystal cave,presets-extra,106
hexcollie - Dancing Medusa,presets-extra,106
hexcollie - Dark Bubble,presets-extra,106
hexcollie - Depth,presets-extra,106
hexcollie - Dizzy Spell,presets-extra,107
hexcollie - Dizzy Spell2,presets-extra,107
hexcollie - Dizzy Spell3 N20 in a Nutschell,presets-extra,107
hexcollie - Dizzy Spell4 Hypnotwrilic,presets-extra,107
hexcollie - Dougnish,presets-extra,107
hexcollie - DownwardSpiral,presets-extra,107
hexcollie - Endorphinage,presets-extra,107
hexcollie - Evolved,presets-extra,107
hexcollie - EyeStrain,presets-extra,107
hexcollie - FCKIN CHIRPIN',presets-extra,107
hexcollie - Falconers eye,presets-extra,107
hexcollie - Fckin Chaos,presets-extra,107
hexcollie - Galaxy,presets-extra,107
hexcollie - Galaxy of Glowsticks,presets-extra,107
hexcollie - Grey Matter,presets-extra,107
hexcollie - Hazy Blob,presets-extra,107
hexcollie - HexagonalNonsense,presets-extra,107
hexcollie - Hypnobox,presets-extra,107
hexcollie - Jitterbug,presets-extra,107
hexcollie - Madness,presets-extra,107
hexcollie - NEWEST,presets-extra,107
hexcollie - Now is the time,presets-extra,107
hexcollie - Ode to the dots,presets-extra,107
hexcollie - Peppermint,presets-extra,107
hexcollie - PinArt,presets-extra,107
hexcollie - Psychedelic Mess,presets-extra,107
hexcollie - Ripple world,presets-extra,107
hexcollie - Saw Mill,presets-extra,107
hexcollie - Shocker,presets-extra,107
hexcollie - Slinky,presets-extra,107
hexcollie - Sparkler thingy,presets-extra,107
hexcollie - Squidly Hallway,presets-extra,107
hexcollie - Squigle Pen,presets-extra,107
hexcollie - Squirm,presets-extra,107
hexcollie - Static,presets-extra,107
hexcollie - Stretchy Abyss,presets-extra,107
hexcollie - Synaps,presets-extra,107
hexcollie - This was too much fun,presets-extra,107
hexcollie - Tweakin spider,presets-extra,107
hexcollie - Vortexity,presets-extra,107
hexcollie - Warning - Brain damage,presets-extra,107
hexcollie - Warning - Hardcore Thizzz,presets-extra,107
hexcollie - We'll Just leave it at that,presets-extra,107
hexcollie - Worbly,presets-extra,107
hexcollie - XTCfan,presets-extra,107
hexcollie - boxfx,presets-extra,107
hexcollie - cloud frum scratch1,presets-extra,107
hexcollie - crackedout,presets-extra,107
hexcollie - fan blob,presets-extra,107
hexcollie - kinda kool,presets-extra,107
"hexcollie - kinda lame, but fun",presets-extra,107
hexcollie - only al gore knows,presets-extra,107
hexcollie - scratch test2,presets-extra,107
hexcollie - soul snatcher,presets-extra,107
hexcollie - soul snatcher further in to space,presets-extra,107
hexcollie - soul snatcher sleeping,presets-extra,107
hexcollie - spacechase,presets-extra,107
hexcollie - square,presets-extra,107
hexcollie - to tired,presets-extra,107
hexcollie - tripping1,presets-extra,107
hexcollie n flexi - getting high on feedback (gates of hell mix),presets-extra,107
"hexcollie, bdrv n preset colab1(#14) - sheer psychadelia",presets-extra,107
high-altitude basket unraveling - singh grooves nitrogen argon nz+,butterchurnPresets,
hovering,presets-extra,107
hurricane,presets-extra,107
hyperion,presets-extra,107
i am watching you,presets-extra,107
i'm about to puke,presets-extra,107
i'm about to puke(remix),presets-extra,107
iMuS & Rovastar - The Shroomery (Psilobellum Mix),presets-extra,107
iMuS & T-miles - Halflife3 (Pbag UPdatE Mix),presets-extra,107
iMuS and  Rovastar - The Shroomery (psilobellum),butterchurnPresetsMD1,
iMuS and T-miles - halflife3 (Pbag UPdatE),presets-extra,107
iMuS&Rovastar-TheShroomery(Psilobellu,presets-extra,107
idiot + zylot - face v1.0,presets-extra,107
idiot - 9-7-02  (remix),presets-extra,107
idiot - 9-7-02  (remix2),presets-extra,107
idiot - 9-7-02 (tweak of remix 1 and 2),presets-extra,107
idiot - Abstraciphobia (super grid),presets-extra,107
idiot - Alpha Grid,presets-extra,107
idiot - Alpha Grid 2,presets-extra,107
idiot - Another depressing preset (remix)2,presets-extra,107
idiot - Another depressing preset (remix2 with Rozzor color tweak),presets-extra,107
idiot - Aphex Skin,presets-extra,107
idiot - Aphex Skin (Diamond Remix),presets-extra,107
idiot - Aphex Skin (a bit more),presets-extra,107
idiot - Aphex Skin (remix 2),presets-extra,107
idiot - Aphex Skin (remix),presets-extra,107
idiot - Appalling Code (light show),presets-extra,107
idiot - Area 03 (Restricted Zone),presets-extra,107
idiot - Away from the norm,presets-extra,107
idiot - Back in the game,presets-extra,107
idiot - Back in the game (Solarized),presets-extra,107
idiot - Before School Fun,presets-extra,107
idiot - Before School Fun (Abstract Art),presets-extra,107
idiot - Before School Fun (Alien Symbols 2),presets-extra,107
idiot - Before School Fun (Alien Symbols 3),presets-extra,107
idiot - Before School Fun (Alien Symbols 4),presets-extra,107
idiot - Before School Fun (Alien Symbols),presets-extra,107
idiot - Before School Fun (Puzzle Peices),presets-extra,107
idiot - Before School Fun (remix 2),presets-extra,107
idiot - Before School Fun (remix 3),presets-extra,107
idiot - Before School Fun (remix 4) ,presets-extra,107
idiot - Before School Fun (remix 6),presets-extra,107
idiot - Before School Fun (remix),presets-extra,107
idiot - Cortex,presets-extra,107
idiot - Cortex (Spiritual Visions 2),presets-extra,107
idiot - Cortex (Spiritual Visions),presets-extra,107
idiot - Diamon Factory,presets-extra,107
idiot - Diamon Factory (remix),presets-extra,107
idiot - Double Swirl,presets-extra,107
idiot - Dwarf of Annon (before the star),presets-extra,107
idiot - Eye of the Hurricane,presets-extra,107
idiot - Eye of the Hurricane (remix 3) ,presets-extra,107
idiot - Eye of the Hurricane (remix),presets-extra,107
idiot - Flux,presets-extra,107
idiot - Flux (a few tweaks),presets-extra,107
idiot - Flux (crazy),presets-extra,107
idiot - Flux 2,presets-extra,107
idiot - Forty Six and 2,presets-extra,107
idiot - Forty Six and 2 (Late Goodbye mix),presets-extra,107
idiot - Forty Six and 2 (pushit!),presets-extra,107
idiot - Forty Six and 2 (pushit!)_1,presets-extra,107
idiot - Forty Six and 2_1,presets-extra,107
idiot - Great Tulip Majesty,presets-extra,107
idiot - Great Tulip Majesty (Rozzor color tweak),presets-extra,107
idiot - Great Tulip Majesty (remix),presets-extra,107
idiot - Great Tulip Majesty (txtr wrap),presets-extra,108
idiot - Hall of Reflections (Astral Visions inside the fractal),presets-extra,108
idiot - Hall of Reflections (Astral Visions),presets-extra,108
idiot - Hall of Reflections (Dual Reflection),presets-extra,108
idiot - Hall of Reflections (Marphets Tornado),presets-extra,108
idiot - Hall of Reflections (inside the factal 2),presets-extra,108
idiot - Hall of Reflections (inside the factal),presets-extra,108
idiot - Madness Within the Void,presets-extra,108
idiot - Madness Within the Void (remix),presets-extra,108
idiot - Madness Within the Void (remix2),presets-extra,108
idiot - Manifestation,presets-extra,108
idiot - Marphets Meteor,presets-extra,108
idiot - Marphets Surreal Dream,presets-extra,108
idiot - Marphets Surreal Dream (Crystal Water),presets-extra,108
idiot - Marphets Surreal Dream (Hypnotic Spiral),presets-extra,108
idiot - Marphets Surreal Dream (Looming Madness),presets-extra,108
idiot - Marphets Vortex,presets-extra,108
idiot - Marphets Vortex Collapsing,presets-extra,108
idiot - Mind Bender,presets-extra,108
idiot - Mind Bender 2,presets-extra,108
idiot - Mind Bender 3,presets-extra,108
idiot - Mind Bender 4,presets-extra,108
idiot - Mind Bender 5 ,presets-extra,108
idiot - Mind Bender 6 (The last revelation (or atleast I think),presets-extra,108
idiot - Mind Bender 7 (SUPER BEND 2),presets-extra,108
idiot - Mind Bender 7 (SUPER BEND 3),presets-extra,108
idiot - Mind Bender 7 (SUPER BEND),presets-extra,108
idiot - Nothing Yet - 01 - Intro,presets-extra,108
idiot - Nothing Yet - 02 - Shifting Squares of idiot,presets-extra,108
idiot - Nothing Yet - 02 - Shifting Squares of idiot (Swirl Mix),presets-extra,108
idiot - Nothing Yet - 03 - The worst of the pack,presets-extra,108
idiot - Nothing Yet - 04 - Un-stable core,presets-extra,108
idiot - Nucleus,presets-extra,108
idiot - OldSkool Blend Remake,presets-extra,108
idiot - On a lower level,presets-extra,108
idiot - Phenoix Awakens,presets-extra,108
idiot - Quad Fractal,presets-extra,108
idiot - Random Init Colours,presets-extra,108
idiot - Random Water Colours,presets-extra,108
idiot - Random Water Colours (remix),presets-extra,108
idiot - Random Water Colours (remix)_1,presets-extra,108
idiot - Random Water Colours_1,presets-extra,108
idiot - Scrambled Eggs (more reactive(oops)),presets-extra,108
idiot - Scrambled Eggs (more reactive),presets-extra,108
idiot - Scrambled Eggs (oops),presets-extra,108
idiot - Scrambled Eggs (remix with Rozzor color tweak),presets-extra,108
idiot - Shadows of Annon,presets-extra,108
idiot - Sinful Code,presets-extra,108
idiot - Sinful Code (Deadly Mist),presets-extra,108
idiot - Sinful Code (unchained style),presets-extra,108
idiot - Sinful Code (unchained style2),presets-extra,108
idiot - Solice of the Mind,presets-extra,108
idiot - Spectrum,presets-extra,108
idiot - Stained Glass Window,presets-extra,108
idiot - TV store(remix),presets-extra,108
idiot - Teenage Dreams,presets-extra,108
idiot - Time for bed,presets-extra,108
idiot - Time for bed (remix 2),presets-extra,108
idiot - Time for bed (remix),presets-extra,108
idiot - Typomatic ,presets-extra,108
idiot - Typomatic (laser fun remix) ,presets-extra,108
idiot - Typomatic (remix 2) ,presets-extra,108
idiot - Typomatic (remix 3),presets-extra,108
idiot - Typomatic (remix),presets-extra,108
idiot - Verbal Assaualt,presets-extra,108
idiot - Version 1,presets-extra,108
idiot - Version 3,presets-extra,108
idiot - Waterfalls (remix2),presets-extra,108
idiot - What never was,presets-extra,108
idiot - What once was,presets-extra,108
idiot - Xeons Meteor,presets-extra,108
idiot - away from the norm - dafhi 1,presets-extra,108
idiot - texture boxes (remix2),presets-extra,108
idiot - unhealthy love,presets-extra,108
idiot -Slow-Motion Machine,presets-extra,108
idiot -Slow-Motion Machine (HyperSpace Color),presets-extra,108
idiot -Slow-Motion Machine (Marphets Darkened Soul),presets-extra,108
idiot and Fvese - Chess Pie,presets-extra,108
idiot and Fvese - Dark Regression,presets-extra,108
idiot and Fvese - Life in a Box,presets-extra,108
idiot and Zylot - Focal Point,presets-extra,108
idiot and zylot - unhealthy love (idiot's STDs mix),presets-extra,108
idiot24-7 & sysRq - The Rotor Project (bass reflex motion),presets-extra,108
idiot24-7 & sysRq - The Rotor Project (bass reflex zoom),presets-extra,108
idiot24-7 & sysRq - The Rotor Project (bass reflex),presets-extra,108
idiot24-7 & sysRq - The Rotor Project (color tweak),presets-extra,108
idiot24-7 & sysRq - The Rotor Project (elvis AVS original) (tweak 1),presets-extra,108
idiot24-7 & sysRq - The Rotor Project (movement tweak),presets-extra,108
idiot24-7 & sysRq - The Rotor Project (treble reflex zoom 2),presets-extra,108
idiot24-7 & sysRq - The Rotor Project (treble reflex zoom),presets-extra,108
idiot24-7 & sysRq - The Rotor Project (treble reflex zoom) (tWeaKz0rz!),presets-extra,108
idiot24-7 & sysRq - The Rotor Project (treble reflex),presets-extra,108
idiot24-7 & sysRq - The Rotor Project (treble zoom),presets-extra,108
idiot24-7 & sysRq - The Rotor Project (yummy treble zoom free rotation),presets-extra,108
idiot24-7 -  In your face,presets-extra,108
idiot24-7 -  In your face2,presets-extra,108
idiot24-7 - 20 inch ride,presets-extra,108
idiot24-7 - Abstract,presets-extra,108
idiot24-7 - Abstract 2,presets-extra,108
idiot24-7 - Abstract 3,presets-extra,108
idiot24-7 - Abstract 4,presets-extra,108
idiot24-7 - Abstract 5,presets-extra,108
idiot24-7 - Accident,presets-extra,108
idiot24-7 - Alternating wave ,presets-extra,108
idiot24-7 - Alternating wave (border mix 2),presets-extra,108
idiot24-7 - Beam me up Scotty,presets-extra,108
idiot24-7 - Beat Wip in Rovastar's and Evil Jim's Advanced Beat Monitor,presets-extra,108
idiot24-7 - Black Hole,presets-extra,108
idiot24-7 - Bottomless pit,presets-extra,108
idiot24-7 - Can we stop now!,presets-extra,108
idiot24-7 - Collapsed Static,presets-extra,108
idiot24-7 - Collapsed Static (roto),presets-extra,108
idiot24-7 - Core of all meaning,presets-extra,108
idiot24-7 - Core of all meaning 2,presets-extra,108
idiot24-7 - Crazy Spikes (Super Eye Mod),presets-extra,108
idiot24-7 - Crushing Force,presets-extra,108
idiot24-7 - Damn Hippys,presets-extra,108
idiot24-7 - Deadly Skys,presets-extra,108
idiot24-7 - Defrag ,presets-extra,108
idiot24-7 - Defrag  (Colorful mix),presets-extra,108
idiot24-7 - Echo Tunnel,presets-extra,108
idiot24-7 - Even more abstract stuff,presets-extra,108
idiot24-7 - Eye Candy,presets-extra,108
idiot24-7 - Eye of Xeon,presets-extra,108
idiot24-7 - Fault the police (No Fade),presets-extra,108
idiot24-7 - Flame of colers,presets-extra,108
idiot24-7 - Follow the bouncing wave,presets-extra,109
idiot24-7 - Follow the bouncing wave (Letter x mix),presets-extra,109
idiot24-7 - Frustration,presets-extra,109
idiot24-7 - Frustration (Uncontrolled Zoom Mix),presets-extra,109
idiot24-7 - Gohts Third eye,presets-extra,109
idiot24-7 - Groovey,presets-extra,109
idiot24-7 - Hazy lifestyle (much to hazy),presets-extra,109
idiot24-7 - House of Mirrors,presets-extra,109
idiot24-7 - House of Mirrors (manic depressive),presets-extra,109
idiot24-7 - House of Mirrors (remix),presets-extra,109
idiot24-7 - Hydrogen,presets-extra,109
idiot24-7 - Hyper Travel (first 1.03 preset),presets-extra,109
idiot24-7 - Hyper Travel (first 1.03 preset) solarized,presets-extra,109
idiot24-7 - Ice travel,presets-extra,109
idiot24-7 - Icy hell,presets-extra,109
idiot24-7 - Icy hell(tweak 2),presets-extra,109
idiot24-7 - Icy hell(tweak 2) vector drift,presets-extra,109
idiot24-7 - Icy hell(tweak),presets-extra,109
idiot24-7 - Inner Self ,presets-extra,109
idiot24-7 - Inner Self (Mixed Desires 2),presets-extra,109
idiot24-7 - Inner Self (Mixed Desires),presets-extra,109
idiot24-7 - Inner Self (Unknown Feelings 2),presets-extra,109
idiot24-7 - Inner Self (Unknown Feelings),presets-extra,109
idiot24-7 - Insert Name here,presets-extra,109
idiot24-7 - Is this a bug,presets-extra,109
idiot24-7 - Its a ghost,presets-extra,109
idiot24-7 - Late night chat (texture wrap off),presets-extra,109
idiot24-7 - Late night chat 2 (texture wrap off),presets-extra,109
idiot24-7 - Living Sound,presets-extra,109
idiot24-7 - Living Sound (Traveling Accident 2) ,presets-extra,109
idiot24-7 - Living Sound (Traveling Accident =D),presets-extra,109
idiot24-7 - Living Sound (t-wave),presets-extra,109
idiot24-7 - Majestic illusion,presets-extra,109
idiot24-7 - Marphets Awakening,presets-extra,109
idiot24-7 - Marphets Eye,presets-extra,109
idiot24-7 - Marphets Weapon,presets-extra,109
idiot24-7 - Maybe a fractal ,presets-extra,109
idiot24-7 - Mind Strech,presets-extra,109
idiot24-7 - Mind Strech 2,presets-extra,109
idiot24-7 - Mind Strech 2 ( Crazy Streching),presets-extra,109
idiot24-7 - Mixed Emotions,presets-extra,109
idiot24-7 - Mixed Emotions (More sad times),presets-extra,109
idiot24-7 - Mixed Emotions (idiots deep depression),presets-extra,109
idiot24-7 - Mixed Emotions (idiots sadness dark mix),presets-extra,109
idiot24-7 - Mixed Emotions (idiots sadness),presets-extra,109
idiot24-7 - Morphing Grid (unreleased1),presets-extra,109
idiot24-7 - Morphing Grid (unreleased2),presets-extra,109
idiot24-7 - Morphing Grid (unreleased3),presets-extra,109
idiot24-7 - My best yet.,presets-extra,109
idiot24-7 - My best yet. solarized,presets-extra,109
idiot24-7 - Mysterious Raving Landscape,presets-extra,109
idiot24-7 - Mysterious Raving Landscape (Mysterious Forground shift),presets-extra,109
idiot24-7 - Mysterious Raving Landscape (Mysterious Shift),presets-extra,109
idiot24-7 - Mysterious Raving Landscape 2,presets-extra,109
idiot24-7 - Nebula,presets-extra,109
idiot24-7 - Nebula 2,presets-extra,109
idiot24-7 - New Flavor  ,presets-extra,109
idiot24-7 - New Flavor  (Eye Tunnel),presets-extra,109
idiot24-7 - New Flavor  (Uncontrolled),presets-extra,109
idiot24-7 - Obscura Abstractica,presets-extra,109
idiot24-7 - Peacock,presets-extra,109
idiot24-7 - Pothole,presets-extra,109
idiot24-7 - Prophecy,presets-extra,109
idiot24-7 - Prophecy 2,presets-extra,109
idiot24-7 - Psychodelic ,presets-extra,109
idiot24-7 - Psychodelic  2,presets-extra,109
idiot24-7 - Pushing the limit,presets-extra,109
idiot24-7 - Pushing the limit (breaking point),presets-extra,109
idiot24-7 - Quad Shift,presets-extra,109
idiot24-7 - Rainbow Blade,presets-extra,109
idiot24-7 - Rainbow Explosion,presets-extra,109
idiot24-7 - Rainbow blade (idiots accidental coolness 2),presets-extra,109
idiot24-7 - Rainbow blade (idiots accidental coolness 3),presets-extra,109
idiot24-7 - Rainbow blade (idiots accidental coolness),presets-extra,109
idiot24-7 - Random Thoughts,presets-extra,109
idiot24-7 - Random Thoughts (More colorful thoughts),presets-extra,109
idiot24-7 - Rip off (Unchained Beat code),presets-extra,109
idiot24-7 - Rip off 2 (Unchained Beat) ,presets-extra,109
idiot24-7 - Rip off 3(Unchained Beat) ,presets-extra,109
idiot24-7 - Rip off 4(Unchained Beat code),presets-extra,109
idiot24-7 - Ripples,presets-extra,109
idiot24-7 - Rotor Attempt (Elvis Original),presets-extra,109
idiot24-7 - Rotor Attempt (sysRq tweak),presets-extra,109
idiot24-7 - Rough Surface,presets-extra,109
idiot24-7 - Rust,presets-extra,109
idiot24-7 - Scanner,presets-extra,109
idiot24-7 - Seceret Wave Series #1 (Canyon),presets-extra,109
idiot24-7 - Seceret Wave Series #2 (Ice Cavern),presets-extra,109
idiot24-7 - Seceret Wave Series #3 (Voyage),presets-extra,109
idiot24-7 - Shake you groove than'g,presets-extra,109
idiot24-7 - Shattered dreams,presets-extra,109
idiot24-7 - Shattered dreams 2,presets-extra,109
idiot24-7 - Simp0le Beat Cartoon,presets-extra,109
idiot24-7 - Simp0le Beat Cartoon (Simp0le Revision),presets-extra,109
idiot24-7 - Simplicity is the key,presets-extra,109
idiot24-7 - Simplicity is the key (inverted),presets-extra,109
idiot24-7 - Slow Return,presets-extra,109
idiot24-7 - Slow Return (remix 2) ,presets-extra,109
idiot24-7 - Slow Return (remix),presets-extra,109
idiot24-7 - Space Dust,presets-extra,109
"idiot24-7 - Space Rave (Vector x,y mix)",presets-extra,109
idiot24-7 - Speaker,presets-extra,109
idiot24-7 - Speaker (Small wave),presets-extra,109
idiot24-7 - Stoned illusion,presets-extra,109
idiot24-7 - Strobe,presets-extra,109
idiot24-7 - Strobe (Crazy Lines mix),presets-extra,109
idiot24-7 - Strobe (Crazy Lines mix) Abstract,presets-extra,109
idiot24-7 - Taking Advantage of a bad effect,presets-extra,109
idiot24-7 - Tectonic Plates,presets-extra,109
idiot24-7 - The Blob (TM),presets-extra,109
idiot24-7 - The Endless Preset,presets-extra,109
idiot24-7 - Those speedy backgrounds in fight scenes,presets-extra,109
idiot24-7 - Tiki God,presets-extra,109
idiot24-7 - Too Good for a name,presets-extra,109
idiot24-7 - Too much for illusion,presets-extra,109
idiot24-7 - Trail of destruction,presets-extra,109
idiot24-7 - Trail of destruction (Crazy Bubbles),presets-extra,109
idiot24-7 - Trail of destruction 2,presets-extra,109
idiot24-7 - Trail of destruction 2 (Dual Ego),presets-extra,109
idiot24-7 - Tri Wave,presets-extra,109
idiot24-7 - Tri Wave 2,presets-extra,109
idiot24-7 - Tri Wave 3,presets-extra,109
idiot24-7 - Trip Diddily ip,presets-extra,109
idiot24-7 - Trippin,presets-extra,109
idiot24-7 - Trippin 2,presets-extra,109
idiot24-7 - Trippy Rings mod,presets-extra,109
idiot24-7 - Try this on for size.,presets-extra,109
idiot24-7 - Ty3 Dy3,presets-extra,110
idiot24-7 - Unstable Earth,presets-extra,110
idiot24-7 - Vectrip #1,presets-extra,110
idiot24-7 - Vectrip #1 (remix),presets-extra,110
idiot24-7 - Velvet Road ,presets-extra,110
idiot24-7 - Vertigo,presets-extra,110
idiot24-7 - Vertigo (no alpha),presets-extra,110
idiot24-7 - Violation,presets-extra,110
idiot24-7 - Virus in the system (OldSkool Geiss Colour Code),presets-extra,110
idiot24-7 - Void,presets-extra,110
idiot24-7 - WIP 2,presets-extra,110
idiot24-7 - Weird Cartoony thing,presets-extra,110
idiot24-7 - Well... Ive been sitting here 5 minutes and my head is blanks so I will just type this....,presets-extra,110
idiot24-7 - Witch way did he go!,presets-extra,110
idiot24-7 - Xeons Awakening,presets-extra,110
idiot24-7 - Xeons Might,presets-extra,110
idiot24-7 - Xeons Portal (unstable),presets-extra,110
idiot24-7 - Zoom problem,presets-extra,110
idiot24-7 - Zork....,presets-extra,110
idiot24-7 - idiots accident,presets-extra,110
idiot24-7 - idiots accident2,presets-extra,110
idiot24-7 - idiots bass effect mod,presets-extra,110
idiot24-7 - idiots rainbow tube,presets-extra,110
idiot24-7 -- By George I think hes got it.,presets-extra,110
idiot24-7 -- Whale,presets-extra,110
idiot24-7 and Rovastar - Harlequin gone bad,presets-extra,110
idiot24-7 and Rovastar - Harlequin is GOD,presets-extra,110
idiot24-7 and Rovastar - Harlequin on drugs,presets-extra,110
idiot24-7 and Rovastar - Juanita,presets-extra,110
idiot24-7 and Zylot - I think the square on top of cool shape in the world still!!,presets-extra,110
idiot24-7 vs idiot24-7 - idiots alter ego,presets-extra,110
idiot24-7 vs idiot24-7 - idiots alter ego gone bad,presets-extra,110
illusion & studio music - charged bliss,presets-extra,110
illusion & techno - double highway,presets-extra,110
illusion + fvese - living arrows,presets-extra,110
illusion + fvese - multi-directional,presets-extra,110
illusion + idiot 24-7 - deadlier skies,presets-extra,110
illusion + rovastar  - amazing flow,presets-extra,110
illusion + rovastar - clouded mind,presets-extra,110
illusion + rovastar - decitrip,presets-extra,110
illusion + rovastar - diamond slice,presets-extra,110
illusion + rovastar - dual tube,presets-extra,110
illusion + rovastar - faded spirals,presets-extra,110
illusion + rovastar - flame cone,presets-extra,110
illusion + rovastar - harlequin's insanity,presets-extra,110
illusion + rovastar - harlequin's rainbow spiral,presets-extra,110
illusion + rovastar - hole of colour,presets-extra,110
illusion + rovastar - merging flowers,presets-extra,110
illusion + rovastar - mind over machine,presets-extra,110
illusion + rovastar - my judgement,presets-extra,110
illusion + rovastar - radiant split,presets-extra,110
illusion + rovastar - snowflake,presets-extra,110
illusion + rovastar - snowflake (bmel mod),presets-extra,110
illusion + rovastar - snowflake return,presets-extra,110
illusion + rovastar - spherical twist,presets-extra,110
illusion + rovastar - waves of grandeur,presets-extra,110
illusion + unchained  - jagged xeon,presets-extra,110
illusion + unchained -  wave of dots,presets-extra,110
illusion + unchained - breathing in,presets-extra,110
illusion + unchained - square motion,presets-extra,110
illusion + unchained - twisting dots,presets-extra,110
illusion - a world of lines,presets-extra,110
illusion - breathing sphere,presets-extra,110
illusion - crazed spiral,presets-extra,110
illusion - crazed vectors,presets-extra,110
illusion - growing diamond,presets-extra,110
illusion - multi rotation,presets-extra,110
illusion - shifting matrix,presets-extra,110
illusion - tunnel morph,presets-extra,110
indecisive critter,presets-extra,110
indecisive landscapes,presets-extra,110
indecisive movement,presets-extra,110
inkblot,presets-extra,110
inside_outside,presets-extra,110
inspired resistance,presets-extra,110
inverted,presets-extra,110
inverted 2,presets-extra,110
iris,presets-extra,110
iwasheretillthiscameon,presets-extra,110
jordan + rovastar - tripmaker (rectangular spin mix),presets-extra,110
journey,presets-extra,110
julia fractal,presets-extra,110
julia fractal 2,presets-extra,110
kinda cheated,presets-extra,110
krash + illusion - grand odyssey,presets-extra,110
krash + illusion - look twice,presets-extra,110
krash + illusion - rainbow cycles,presets-extra,110
krash + illusion - shaky return,presets-extra,110
lattice noire,presets-extra,110
limiting movement2,presets-extra,110
living emotion,presets-extra,110
loz tribute,presets-extra,110
luz,presets-extra,110
malalol + Aderrasi - Gravity Lensing (ooooops remix),presets-extra,110
malalol + Eo.S.+Phat Fractical_dancer (mla's more dance remix2),presets-extra,110
malalol + Eo.S.+Phat Fractical_dancer - light in the distance (mla's more dance remix),presets-extra,110
malalol + Mstress & Darius - Pursuing The Sunset (jet ski mix),presets-extra,110
malalol + Mstress - Acoustic Nerve Impulses (Primary Colors Of Sound Mix) (fractopillow mix),presets-extra,110
malalol + Rovastar - VooV's Organic Light (rays mix),presets-extra,110
malalol + Shifter & Eo.S+Phat - Fractical dancer (Bubble Mix) (more dancing mix),presets-extra,110
malalol + al Telek - Matrix cubetraced demon  BDRV et  AL  rmx31 wow,presets-extra,110
malalol + al Telek - Matrix cubetraced demon  BDRV et  AL  rmx31 wow33,presets-extra,110
malalol + al Telek - Matrix cubetraced demon  BDRV et  AL  rmx31 wow33final,presets-extra,110
malalol + phat - dark garden of chasers 666 fps killer remix DOH,presets-extra,110
malalol + phat - dark garden of chasers 666 fps killer remix DOHv2,presets-extra,110
malalol + phat - dark garden of chasers 666 fps killer remix DOHv3,presets-extra,110
malalol + phat - dark garden of chasers 666 fps killer remix DOHv6,presets-extra,110
malalol + phat - dark garden of chasers 666 fps killer remix DOHv7,presets-extra,110
malalol +Eo.S.+Phat Fractical_dancer (more dance remix2),presets-extra,110
malalol +Eo.S.+Phat Fractical_dancer - light in the distance (more dance remix),presets-extra,110
malalol +Mstress - Acoustic Nerve Impulses (Fractopillow remix),presets-extra,110
malalol +Rovastar - VooV's Organic Light (mla's mix),presets-extra,110
malalol - black mouth of the rainbow monster,presets-extra,110
malalol - black mouth of the rainbow monster2,presets-extra,110
malalol - black mouth of the rainbow monster2 fazendo,presets-extra,110
malalol - dark garden of evil 666,presets-extra,110
malalol - dark garden of evil 666 FAZENDO,presets-extra,110
malalol - dark garden of evil 666_1,presets-extra,110
malalol - fractepletic maze (Zylot random color code + Krash beat dectetion)2,presets-extra,110
malalol - fractepletic mazeness,presets-extra,110
malalol - puppy fractul huh,presets-extra,110
malalol - puppy fractul huh this is really meh,presets-extra,110
malalol+al Telek- Matrix cubetraced demonBDRV et AL  rmx31,presets-extra,110
malte + illusion  - rave trip 3 (bass mix),presets-extra,110
malte - ravetrip,presets-extra,110
malte - ravetrip v2,presets-extra,110
many colors,presets-extra,111
many colors 2,presets-extra,111
martin + flexi - diamond cutter [prismaticvortex.com] - camille - i wish i wish i wish i was constrained,butterchurnPresets,
martin + stahlregen - martin in da mash 12,butterchurnPresetsExtra,
martin + stahlregen - martin in da mash 12a,butterchurnPresetsExtra,
martin + stahlregen - martin in da mash 14,butterchurnPresetsExtra,
martin + stahlregen - martin in da mash 3,butterchurnPresetsExtra,
martin - Flexis swarm in Martins pond [not yet a boid implementation] ,butterchurnPresetsExtra,
martin - The Bridge of Khazad-Dum,butterchurnPresets,
martin - amandio c - a different view of the green machine,butterchurnPresetsExtra2,
martin - angel flight,butterchurnPresets,
martin - another kind of groove,butterchurnPresets,
martin - attack of the beast,butterchurnPresetsExtra2,
martin - baby one more time,butterchurnPresetsExtra,
martin - basal ganglion,butterchurnPresetsExtra2,
martin - bombyx mori,butterchurnPresets,
martin - bombyx mori [flexi′s logarithmic edit],butterchurnPresetsExtra,
martin - bring up the big guns,butterchurnPresetsExtra,
martin - castle in the air,butterchurnPresets,
martin - chain breaker,butterchurnPresets,
martin - cherry brain wall mod,butterchurnPresetsExtra,
martin - city of shadows,butterchurnPresetsExtra,
martin - cope - laser dome,butterchurnPresetsExtra,
martin - crystal alley,butterchurnPresetsExtra2,
martin - crystal palace,butterchurnPresetsExtra,
martin - dark galaxy,butterchurnPresetsExtra2,
martin - disco mix 4,butterchurnPresets,
martin - extreme heat,butterchurnPresets,
martin - frosty caves 2,butterchurnPresets,
martin - fruit machine,butterchurnPresets,
martin - gate to moria,butterchurnPresetsExtra,
martin - ghost city,butterchurnPresets,
martin - glass corridor,butterchurnPresets,
martin - glassball dance,butterchurnPresetsExtra,
martin - ice flames,butterchurnPresetsExtra,
martin - infinity (2010 update),butterchurnPresets,
martin - into the fireworks,butterchurnPresetsExtra,
martin - ludicrous speed,butterchurnPresetsExtra,
martin - mandelbox explorer - high speed demo version,butterchurnPresets,
martin - move this body,butterchurnPresetsExtra,
martin - mucus cervix,butterchurnPresets,
martin - reflections on black tiles,butterchurnPresets,
martin - resonant twister - steel spring,butterchurnPresetsExtra,
martin - shifter - armorial bearings of robotopia,butterchurnPresetsExtra2,
martin - skywards,butterchurnPresetsExtra2,
martin - soma in pink,butterchurnPresetsExtra2,
martin - sparky caleidoscope,butterchurnPresetsExtra2,
martin - starfield sectors,butterchurnPresetsExtra2,
martin - stormy sea (2010 update),butterchurnPresets,
martin - sunset over the river,butterchurnPresetsExtra2,
martin - the forge of Isengard,butterchurnPresetsExtra2,
martin - tunnel race,butterchurnPresetsExtra,
martin - unholy amulet 2,butterchurnPresetsExtra2,
martin - violet flash,butterchurnPresetsExtra2,
martin - witchcraft reloaded,butterchurnPresets,
martin [shadow harlequins shape code] - fata morgana,butterchurnPresets,
"martin, fishbrain + flexi - mandelbox explorer v1 Eo.S. optimize [bipolar witchcraft mix]",butterchurnPresetsExtra,
"martin, flexi, fishbrain + sto - enterstate [random mashup]",butterchurnPresets,
matrix 1,presets-extra,111
matrix_nautilus,presets-extra,111
mega swirl,presets-extra,111
mega swirl 2,presets-extra,111
mental hemlock,presets-extra,111
minor alteration,presets-extra,111
mirror spin,presets-extra,111
moebuis,presets-extra,111
monotone ripples,presets-extra,111
morat's disc,presets-extra,111
morat's eye,presets-extra,111
morat's final voyage,presets-extra,111
morat's third eye,presets-extra,111
morat's voyage,presets-extra,111
morphing smokesphere,presets-extra,111
moving black hole,presets-extra,111
moving black hole fading,presets-extra,111
moving black hole fading reverse,presets-extra,111
mr_zoolook - fluffy [sigmoid discontinuity smoothing],presets-extra,111
mstress - Acid Universes (big bang interferences),presets-extra,111
mstress - Acid Universes (big bang interferences)2,presets-extra,111
mstress - Acoustic nerve impulses (Epilectic enemy),presets-extra,111
mstress - Acoustic nerve impulses (arriving in the brain),presets-extra,111
mstress - Acoustic nerve impulses (lost in the brain),presets-extra,111
mstress - Acoustic nerve impulses (primary colors of sound),presets-extra,111
mstress - Acoustic nerve impulses (under drug and alcohol effetcs),presets-extra,111
mstress - Acoustic nerve impulses (under drug effetcs),presets-extra,111
mstress - Acoustic nerve impulses (under drug effetcs-hypnotic),presets-extra,111
mstress - Cleaning a path,presets-extra,111
mstress - Scattered gravity,presets-extra,111
mstress - Scattered gravity (Meteo alpha mix),presets-extra,111
mstress - Scattered gravity (Meteo mix),presets-extra,111
mstress - Scattered gravity (Smoked mix),presets-extra,111
mstress - Scattered gravity (cristalylized mix),presets-extra,111
mstress - Scattered gravity (magnifier mix),presets-extra,111
mstress and darius - Pursuing the sunset,presets-extra,111
mstress and rovastar - carnival ghosts,presets-extra,111
mstress and rovastar - carnival of madness,presets-extra,111
mum,presets-extra,111
music box 2,presets-extra,111
my pupil is big,presets-extra,111
narell's star,presets-extra,111
nautilus,presets-extra,111
neural_vortex,presets-extra,111
neuro - blackhole bass,presets-extra,111
neuro - fast comet,presets-extra,111
neuro - fast comet 2,presets-extra,111
neuro - fast comet 2(liquid),presets-extra,111
neuro - simple,presets-extra,111
neuro - star vision,presets-extra,111
neuro - star vision (liquid),presets-extra,111
neuro - starover (Rozzor semicolon tweak),presets-extra,111
neuro - tunnel electro,presets-extra,111
neuro - tunnel electro2,presets-extra,111
neuro - visual,presets-extra,111
nigel h2colours,presets-extra,111
nigel h2o.6,presets-extra,111
nigel tunnel3,presets-extra,111
nigel undersplash1,presets-extra,111
nigel whatever1,presets-extra,111
nigel whatever2,presets-extra,111
nigel whatever2concentric,presets-extra,111
nigel1.1,presets-extra,111
night city,presets-extra,111
nil & Aderassi & EMPR - Curling Flower Space 2 (Electric Boogaloo),presets-extra,111
nil & EMPR - Electron Flow (Copper Wire Mix),presets-extra,111
nil & EMPR - Fire Water,presets-extra,111
nil & EMPR - Nice Old Skool,presets-extra,111
nil & EMPR - Ruby Nirvana,presets-extra,111
nil + EMPR - Electron Flow (Copper Wire Mix),presets-extra,111
nil - Blazin' Trail,presets-extra,111
nil - Can't Stop the Blithering,presets-extra,111
nil - Can't Stop the Cramming,presets-extra,111
nil - Can't Stop the Drifting,presets-extra,111
nil - Can't Stop the Dripping,presets-extra,111
nil - Chromofuge,presets-extra,111
nil - Cid and Lucy,presets-extra,111
nil - Curling Flower Space,presets-extra,111
nil - Did You Speak with the Orb,presets-extra,111
nil - Disco Comet,presets-extra,111
nil - Eqlectrik,presets-extra,111
nil - Inferno,presets-extra,111
nil - Infinity of Infinities,presets-extra,111
nil - Into My Hypersphere,presets-extra,111
nil - Isolated Autonomous Neural Network,presets-extra,111
nil - My God It's Full of Stars,presets-extra,111
nil - Omnipotence,presets-extra,111
nil - Research Chemicals,presets-extra,111
nil - Singularity in My Oscilloscope,presets-extra,111
nil - Tesla's Coils,presets-extra,111
nil - Thinking Inside the Box,presets-extra,111
nil - Thinking Inside the Box (Overstressed Neural Pathways Mix),presets-extra,111
nil - Thinking Inside the Box (Permafried Mix),presets-extra,111
nil - Tim Leary's Amazing Waterslide,presets-extra,111
nil - Tim Leary's Amazing Waterslide (Sumpkin Starfield Mix),presets-extra,111
"nil - Too Much, Man, Too Much, Too Much",presets-extra,111
nil - Trouble in the Matrix,presets-extra,111
nil - Unfathomable Logic,presets-extra,111
nil - Vortex of Vortices,presets-extra,111
nil - Web Fluid,presets-extra,111
nil - Wyrm,presets-extra,111
noted,presets-extra,111
nova,presets-extra,111
octopus,presets-extra,111
octopus 1,presets-extra,111
octopus 2,presets-extra,111
octopus blue,presets-extra,111
octopus fat and ancient,presets-extra,111
octopus fat and ever changing,presets-extra,111
octopus gold,presets-extra,111
octopus gold with dots,presets-extra,111
octopus toon,presets-extra,111
off balance,presets-extra,111
oldskool,presets-extra,111
oldskool blend,presets-extra,111
oozing mass,presets-extra,111
orb - toxic goo,butterchurnPresetsExtra,
overload (writted by Xpand) [high graphic use !] ,presets-extra,111
overload (writted by Xpand) [high graphic use+ !] ,presets-extra,111
parallel lines,presets-extra,111
pastel,presets-extra,111
pelota,presets-extra,111
pelota de fuego,presets-extra,111
perfect rotation,presets-extra,111
perplexium,presets-extra,111
phat + Eo.S. - 2ct2V4,presets-extra,111
phat + Eo.S. - 2ct2V5,presets-extra,111
phat + Eo.S. - 2ct2V6,presets-extra,112
phat + Eo.S. - 2ct2V8,presets-extra,112
phat + Eo.S. - Bass_responce_Red_Comet_v2_low_text,presets-extra,112
phat + Eo.S. - Bass_responce_Red_Comet_v3,presets-extra,112
phat + Eo.S. - Bass_responce_Red_Movements,presets-extra,112
phat + Eo.S. - Bass_responce_Red_Movements_2,presets-extra,112
phat + Eo.S. - Bass_responce_Red_Movements_Disorienting,presets-extra,112
phat + Eo.S. - Bass_responce_Red_Movements_Disorienting clouds,presets-extra,112
phat + Eo.S. - Bass_responce_Red_Movements_Disorienting nebula,presets-extra,112
phat + Eo.S. - Bass_responce_Red_Movements_Disorienting nebula2,presets-extra,112
phat + Eo.S. - Bass_responce_Red_Movements_Disorienting nebula3,butterchurnPresetsMD1,
phat + Eo.S. - Bass_responce_Red_Movements_Disorienting nebula3 clusterbomb,presets-extra,112
phat + Eo.S. - Bass_responce_Red_Movements_Disorienting nebula3_Murky_Waters,presets-extra,112
phat + Eo.S. - Bass_responce_Red_Movements_Disorienting nebula3_Tent_boxes,presets-extra,112
phat + Eo.S. - Bass_responce_Red_Movements_Disorienting nebula3_Tent_boxes_v2,presets-extra,112
phat + Eo.S. - Bass_responce_Red_Movements_Disorienting nebula3_Tent_boxes_v3,presets-extra,112
phat + Eo.S. - Bass_responce_Red_Movements_Disorienting nebula3_fire_works,presets-extra,112
phat + Eo.S. - Bass_responce_Red_Movements_Disorienting nebula3_fire_works_Unnerving,presets-extra,112
phat + Eo.S. - Bass_responce_Red_Movements_Disorienting nebula3_fire_works_Unnerving_gamma_mix,presets-extra,112
phat + Eo.S. - Bass_responce_Red_Movements_Disorienting nebula3_fire_works_uninverted,presets-extra,112
phat + Eo.S. - Bass_responce_Red_Movements_Disorienting nebula3_fire_works_uninverted seizure,presets-extra,112
phat + Eo.S. - Bass_responce_Red_Movements_Disorienting nebula3_fire_works_uninverted seizure85,presets-extra,112
phat + Eo.S. - Bass_responce_Red_Movements_Disorienting nebula3_fire_works_uninverted seizure85b,presets-extra,112
phat + Eo.S. - Bass_responce_Red_Movements_Disorienting nebula3_fire_works_uninverted seizure85b_phat_edit,presets-extra,112
phat + Eo.S. - Bass_responce_Red_Movements_Disorienting nebula3_fire_works_uninverted seizure85b_phat_edit_Made_for_rolling,presets-extra,112
phat + Eo.S. - Bass_responce_Red_Movements_Disorienting nebula4,presets-extra,112
phat + Eo.S. - Bass_responce_Red_Movements_Negitive_zoom,presets-extra,112
phat + Eo.S. - Bass_responce_Red_Movements_echo_2,presets-extra,112
phat + Eo.S. - Bass_responce_Red_Movements_echo_2_No_echo,presets-extra,112
phat + Eo.S. - Bass_responce_Red_comet,presets-extra,112
phat + Eo.S. - Bass_responce_Red_echo,presets-extra,112
phat + Eo.S. - Bass_responce_Red_echo_3,presets-extra,112
phat + Eo.S. - Bass_responce_Red_erection,presets-extra,112
phat + Eo.S. - Bass_responce_Red_spiral,presets-extra,112
phat + Eo.S. - Faces,presets-extra,112
phat + Eo.S. - Follow Me,presets-extra,112
phat + Eo.S. - Follow_me_alt,presets-extra,112
phat + Eo.S. - Follow_me_alt Eo.S.,presets-extra,112
phat + Eo.S. - Follow_me_alt Eo.S.2,presets-extra,112
phat + Eo.S. - Follow_me_alt Eo.S.2_For Zoe At Bungie,presets-extra,112
phat + Eo.S. - Follow_me_alt Eo.S.waveform,presets-extra,112
phat + Eo.S. - Mask,presets-extra,112
phat + Eo.S. - Mask_v2,presets-extra,112
phat + Eo.S. - PeopleWhoEatAcid,presets-extra,112
phat + Eo.S. - PeopleWhoEatAcid_phatColours,presets-extra,112
phat + Eo.S. - PeopleWhoEatAcid_phatColoursV2,presets-extra,112
phat + Eo.S. - TesellatingFractal_Mix,presets-extra,112
phat + Eo.S. - TesellatingFractal_Mix-phat (tye dye colours),presets-extra,112
phat + Eo.S. - TesellatingFractal_Mix-phat10,presets-extra,112
phat + Eo.S. - TesellatingFractal_Mix-phat11,presets-extra,112
phat + Eo.S. - TesellatingFractal_Mix-phat_3^d^^1x,presets-extra,112
phat + Eo.S. - TesellatingFractal_Mix3,presets-extra,112
phat + Eo.S. - TesellatingFractal_Mix4,presets-extra,112
phat + Eo.S. - Trilobyte,presets-extra,112
phat + Eo.S. - ouch,presets-extra,112
phat + Eo.S. - single cel angel,presets-extra,112
phat + Eo.S. - single cel angel birth,presets-extra,112
phat + Eo.S. - single cel angel birthpoints,presets-extra,112
phat Just a toy3,presets-extra,112
phat_2C-B4,presets-extra,112
phat_2C-B5,presets-extra,112
phat_2C-B6,presets-extra,112
phat_2C-B7,presets-extra,112
phat_2C-IPHATNESS2,presets-extra,112
phat_2C-Igoodbug4,presets-extra,112
phat_AnaliticalAngles,presets-extra,112
phat_AngelEye,presets-extra,112
phat_CloseIncouneters,presets-extra,112
phat_CloseIncounetersV2,presets-extra,112
phat_CloseIncounetersV2 Eo.S. tweak,presets-extra,112
phat_CloseIncounetersV3,presets-extra,112
phat_CloseIncounetersV4,presets-extra,112
phat_CloseIncounetersV4 Eo.S. tweak,presets-extra,112
phat_CloseIncounetersV5,presets-extra,112
phat_CloseIncouneters_update Eo.S. tweak,presets-extra,112
phat_Dmt,presets-extra,112
phat_IndoleCarbonRings,presets-extra,112
phat_IndoleCarbonRingsV4,presets-extra,112
phat_IndoleCarbonRingsV5 Eo.S. remix,presets-extra,112
phat_It'sJustNumbers=),presets-extra,112
phat_It'sJustNumbers_remix,presets-extra,112
phat_It'sJustNumbers_remix10,presets-extra,112
phat_It'sJustNumbers_remix2,presets-extra,112
phat_It'sJustNumbers_remix3,presets-extra,112
phat_Kalidiscope,presets-extra,112
phat_KalidiscopeV2,presets-extra,112
phat_KindaCool,presets-extra,112
phat_MindFuck,presets-extra,112
phat_O MY GOD ITS 3D!!!,presets-extra,112
phat_O MY GOD ITS 3D!!!_mounds_mix,presets-extra,112
phat_O MY GOD ITS 3D!!!_mounds_mix_v2,presets-extra,112
phat_O MY GOD ITS 3D!!!_mounds_mix_v3,presets-extra,112
phat_O MY GOD ITS 3D!!!_mounds_mix_v4,presets-extra,112
phat_O MY GOD ITS 3D!!!_the_80s,presets-extra,112
phat_Phenethylamine,presets-extra,112
phat_Phenethylamine2,presets-extra,112
phat_Phenethylamine3,presets-extra,112
phat_Phenethylamine4,presets-extra,112
phat_RippleNebula4,presets-extra,112
phat_RippleNebula5,presets-extra,112
phat_RippleNebula6,presets-extra,112
phat_RippleNebula7,presets-extra,112
phat_RippleNebula8,presets-extra,112
phat_RippleNebula9,presets-extra,112
phat_RippleNebula99,presets-extra,112
phat_RippleNebula99b,presets-extra,112
phat_RippleNebula99c,presets-extra,112
phat_RippleNebula99d,presets-extra,112
phat_RippleNebula99e,presets-extra,112
phat_RippleNebula99f,presets-extra,112
phat_RippleNebula99g,presets-extra,112
phat_RippleNebula99h,presets-extra,112
phat_RippleNebula99h-01,presets-extra,112
phat_RippleNebula99h-eo.s. mod,presets-extra,112
phat_RippleNebula99h-eo.s. mod_mod,presets-extra,112
phat_RippleNebula99h-eo.s. mod_mod2,presets-extra,112
phat_RippleNebula99h-eo.s. mod_mod3,presets-extra,112
phat_RippleNebula99h-eo.s. mod_mod4,presets-extra,112
phat_RippleNebula99h-eo.s. mod_mod5,presets-extra,112
phat_RippleNebula99h-eo.s. mod_mod6,presets-extra,112
phat_RippleNebula99h-eo.s. mod_mod7,presets-extra,112
phat_RippleNebula99i,presets-extra,112
phat_RippleNebula_update,presets-extra,112
phat_Sleep,presets-extra,112
phat_SleepV2,presets-extra,112
phat_SynapticResponce,presets-extra,112
phat_Tempes7_Ag3ndum,presets-extra,113
phat_Tempes7_Ag3ndum_seattle_sucks,presets-extra,113
phat_Tempes7_Ag3ndum_seattle_sucks_v2,presets-extra,113
phat_Tempes7_Ag3ndum_seattle_sucks_v3,presets-extra,113
phat_Tempes7_Ag3ndum_seattle_sucks_v4,presets-extra,113
phat_TesselationFairy,presets-extra,113
phat_breathe,presets-extra,113
phat_compression driver,presets-extra,113
phat_compression driver_tan=),presets-extra,113
phat_fightingDAfight_Eo.S-remix,presets-extra,113
phat_shapeHUGremix,presets-extra,113
phat_shapeSEX-eo.s. remix,presets-extra,113
phat_shapeSEX-eo.s. remix-acid,presets-extra,113
phat_shapeSEXremix,presets-extra,113
phat_shapeprogress,presets-extra,113
phat_shapeprogress2,presets-extra,113
phat_shapesBattling,presets-extra,113
phat_simple spiral,presets-extra,113
phat_simple spiral_texture wrap_hue_shader,presets-extra,113
phat_sprite,presets-extra,113
phat_sprite10,presets-extra,113
phat_sprite11,presets-extra,113
phat_sprite2,presets-extra,113
phat_sprite5,presets-extra,113
phat_sprite6,presets-extra,113
phat_sprite7,presets-extra,113
phat_sprite9,presets-extra,113
phat_sprite_everchanging_desires,presets-extra,113
phmall - Hubble in Trubble,presets-extra,113
pinbi7 & Fvese - definitly not for the epileptic ,presets-extra,113
pinbi7 & Fvese - definitly not for the epileptic pt2,presets-extra,113
pinbi7 & Fvese - definitly not for the epileptic pt3,presets-extra,113
pinbi7 & Fvese - hyper space,presets-extra,113
pinbi7 & Fvese - hypnotic flower ,presets-extra,113
pinbi7 & Fvese - into the unknown ,presets-extra,113
pinbi7 & Fvese - not for the epileptic ,presets-extra,113
pinbi7 & Idiot - Oddnezz (cd is melting Mix),presets-extra,113
pinbi7 & Rovastar - Liquid(De-Orbit remix),presets-extra,113
pinbi7 & Rovastar - kinda weird(De-Orbit remix),presets-extra,113
pinbi7 & Rovastar - kinda weird(De-Orbit remix)pt2,presets-extra,113
pinbi7 & Rovastar - the net(De-Orbit remix),presets-extra,113
pinbi7 & idiot - Rock around the clock (The hands of time),presets-extra,113
pinbi7 - rock around the clock,presets-extra,113
pinbi7 - rock around the clock pt2,presets-extra,113
pinbi7 - the net(2nd try),presets-extra,113
pinbi7&Fvese -definitly not for the epileptic pt2,presets-extra,113
pinbi7-Rovastar - De-Orbit remix,presets-extra,113
pinbi7-Rovastar - kinda weird(De-Orbit remix),presets-extra,113
pinch,presets-extra,113
pistons,presets-extra,113
piwo4me-coming to get ya,presets-extra,113
piwo4me-smoke_trippin.4crazy,presets-extra,113
piwo4me-smoke_trippin.5,presets-extra,113
pladman,presets-extra,113
pladman discovers cold fusion,presets-extra,113
pladman in the sun,presets-extra,113
pladman returns,presets-extra,113
pladman visits the sevendys,presets-extra,113
plain tv,presets-extra,113
planet,presets-extra,113
planet 2,presets-extra,113
porthole to the underworld,presets-extra,113
propulsion,presets-extra,113
quantum_foam,presets-extra,113
quasilinear submanifolds,presets-extra,113
quit smoking my heavy watter,presets-extra,113
quit spraypainting my monitor,presets-extra,113
rapid alteration,presets-extra,113
raron - a grayish blob,presets-extra,113
raron - a grayish blob - mash0000 - pungent gastric automata cloud fumes,butterchurnPresetsExtra,
raron - dance of the electrons 3,presets-extra,113
raron - dance of the electrons 4,presets-extra,113
raron - dance of the electrons 5,presets-extra,113
raron - dark side of the moon (pink floyd),presets-extra,113
raron - dark side of the moon (pink floyd) - spinning 1,presets-extra,113
raron - dark side of the moon (pink floyd) - spinning 2,presets-extra,113
raron - dark side of the moon (pink floyd) 5,presets-extra,113
raron - dark side of the moon (pink floyd) 5 spinning 1,presets-extra,113
raron - dark side of the moon (pink floyd) 5 spinning 2,presets-extra,113
raron - dark side of the moon (pink floyd) 5 spinning mix,presets-extra,113
raron - dark side of the moon (pink floyd) 6,presets-extra,113
raron - dark side of the moon (pink floyd) 6 spinning 1,presets-extra,113
raron - dark side of the moon (pink floyd) 6 spinning 2,presets-extra,113
raron - dark side of the moon (pink floyd) 6 spinning 3,presets-extra,113
raron - dark side of the moon (pink floyd) 6 spinning mix 3,presets-extra,113
raron - dark side of the moon (pink floyd) 6 variable length,presets-extra,113
raron - dark side of the moon (pink floyd) mix 4,presets-extra,113
raron - fourth state of Milkdrop,presets-extra,113
raron - fourth state of Milkdrop 2,presets-extra,113
raron - fourth state of Sierpinski,presets-extra,113
raron - frequency spectrum frenzy 3,presets-extra,113
raron - frequency spectrum frenzy 5,presets-extra,113
raron - frequency spectrum frenzy 6,presets-extra,113
raron - matterwaves,presets-extra,113
raron - milkdrop fibers,presets-extra,113
raron - music radar,presets-extra,113
raron - music radar 2,presets-extra,113
raron - music radar 3,presets-extra,113
raron - music radar 4,presets-extra,113
raron - sierpinski bermuda triangle of sound 2,presets-extra,113
raron - simple frequency spectrum 2,presets-extra,113
raron - simple frequency spectrum 3,presets-extra,113
"raron - simple frequency spectrum, almost ordinary equalizer 2",presets-extra,113
"raron - simple frequency spectrum, clouds flyover",presets-extra,113
"raron - simple frequency spectrum, clouds vertical scroll",presets-extra,113
"raron - simple frequency spectrum, clouds vertical scroll - 777",presets-extra,113
"raron - simple frequency spectrum, double coloured envelope",presets-extra,113
"raron - simple frequency spectrum, horisontal scan",presets-extra,113
"raron - simple frequency spectrum, horisontal scroll",presets-extra,113
"raron - simple frequency spectrum, landscape flyover",presets-extra,113
"raron - simple frequency spectrum, landscape vertical scroll",presets-extra,113
"raron - simple frequency spectrum, white vertical double bars",presets-extra,113
raron - sproing-O-lizer,presets-extra,113
raron - sproing-O-lizer 2,presets-extra,113
raron - the phantom zone,presets-extra,113
raron - time-variable-band almost-ordinary equalizer,presets-extra,113
raron - time-variable-band almost-ordinary equalizer_1,presets-extra,113
raron - time-variable-band almost-ordinary equalizer_2,presets-extra,113
rave titan,presets-extra,113
rave trip,presets-extra,113
rce-ordinary + flexi - far away distance (custom beat detection + bipolar colour ghost mix),butterchurnPresetsExtra,
redi jedi + shifter - bronchiole conjoin (PIP mix) (beta 4),presets-extra,113
redi jedi + shifter - bronchiole conjoin (borders on steroids mix) (beta 4),presets-extra,113
redi jedi + shifter - bronchiole conjoin (motion sickness mix) (beta 4),presets-extra,113
redi jedi - milky way,presets-extra,113
"redi jedi - off the fadar(no sweeps or bleeps, but alotta creeps ver. 2)",presets-extra,113
"redi jedi - off the fadar(no sweeps or bleeps, but alotta creeps)",presets-extra,114
"redi jedi - off the fadar(no sweeps or bleeps, but alotta creeps)_1",presets-extra,114
redi jedi - off the fadar_1,presets-extra,114
"redi jedi - off the map, fadar cant even find you",presets-extra,114
redi jedi - phun with fractals 2.4(beta),presets-extra,114
redi jedi - phun with fractals 2.4(beta5),presets-extra,114
redi jedi - simplton,presets-extra,114
redi jedi - simplton takes drugs,presets-extra,114
redi jedi - simplton+effects,presets-extra,114
redi jedi - triptacular,presets-extra,114
redi jedi - triptacular to the max,presets-extra,114
redi jedi - triptacular_phat_edit,presets-extra,114
redi jedi - who put my balls in the washing machine,presets-extra,114
reducto absurdum,presets-extra,114
reducto ad nauseum,presets-extra,114
resistance,presets-extra,114
retina,presets-extra,114
retina_beat,presets-extra,114
ribald ballad,presets-extra,114
rlp - naruto - rasengan spectrum,presets-extra,114
rocket,presets-extra,114
rovastar,presets-extra,114
rovastar + illusion - in a spin,presets-extra,114
rovastar + illusion - mirror maze,presets-extra,114
rovastar + illusion - shifting sphere,presets-extra,114
rovastar + illusion - wild moods,presets-extra,114
rovastar - Bellaluna,presets-extra,114
rovastar - Return To The Source,presets-extra,114
rovastar - Shadows And Angels,presets-extra,114
rovastar - The Final Voyage,presets-extra,114
rovastar - Trippy Sperm,presets-extra,114
rovastar - Twisted Green Lava,presets-extra,114
rovastar - Virtual Horizons,presets-extra,114
rozzor + illusion + rovastar - snowflake remix,presets-extra,114
runoff,presets-extra,114
rystic pond,presets-extra,114
sawtooth grin roam,butterchurnPresets,
scary,presets-extra,114
script,presets-extra,114
seagull,presets-extra,114
sedleave,presets-extra,114
serpent,presets-extra,114
shadowbond,presets-extra,114
shake,presets-extra,114
shaking your reality,presets-extra,114
shaking your reality (remix),presets-extra,114
shift,presets-extra,114
shift 1,presets-extra,114
shifter & fiShbRaiN - witchcraft (glyph),presets-extra,114
shifter & fiShbRaiN - witchcraft (i'm melting),presets-extra,114
shifter + Aderrasi - Airhandler (Sadako),presets-extra,114
shifter + Eo.S + Phat - Blob,presets-extra,114
shifter + amandio c - tumbling cubes (dynamic shapes),presets-extra,114
shifter - Y.A.K. (Yet Another Kaleidoscope) 00,presets-extra,114
shifter - Y.A.K. (Yet Another Kaleidoscope) 01,presets-extra,114
shifter - Y.A.K. (Yet Another Kaleidoscope) 02,presets-extra,114
shifter - a thousand monkeys,presets-extra,114
shifter - a thousand monkeys_phat_edit,presets-extra,114
shifter - a thousand monkeys_phat_edit (subliminal mix),presets-extra,114
shifter - a thousand monkeys_phat_edit (subliminal mix)_v2,presets-extra,114
shifter - a thousand monkeys_phat_edit [banner] (hexcollie rmx),presets-extra,114
shifter - a thousand monkeys_phat_edit(Redi Jedi's like a splinter in your mind driving you mad),presets-extra,114
shifter - a thousand monkeys_phat_edit(Redi Jedi's the matrix has you),presets-extra,114
shifter - a thousand monkeys_phat_edit(Redi Jedi's wake up neo V2 warp),presets-extra,114
shifter - a thousand monkeys_phat_edit(Redi Jedi's wake up neo V2 warp)_Phat_Center_Edit,presets-extra,114
shifter - a thousand monkeys_phat_edit(Redi Jedi's wake up neo V2),presets-extra,114
shifter - a thousand monkeys_phat_edit(Redi Jedi's you sence there is someting wrong with the world around you),presets-extra,114
shifter - a thousand monkeys_phat_edit+Redi Jedi(how are my monkeys suspost to do my homework in this earthquake),presets-extra,114
shifter - a thousand monkeys_phat_edit+Redi Jedi(how are my monkeys suspost to do my homework in this earthquake) persistence,presets-extra,114
shifter - a thousand monkeys_phat_edit+Redi Jedi(how are my monkeys suspost to do my homework in this earthquake) persistence beat,presets-extra,114
shifter - a thousand monkeys_phat_edit+Redi Jedi(how are my monkeys suspost to do my homework in this earthquake) persistence beat_v2,presets-extra,114
"shifter - a thousand monkeys_phat_edit+Redi Jedi(ok, who put alphabet soup in my washer)",presets-extra,114
shifter - a thousand monkeys_phat_edit+Redi Jedi(spray painting empty space),presets-extra,114
shifter - a thousand monkeys_phat_edit+Redi Jedi(theres milk droping on my homework mix),presets-extra,114
shifter - a thousand monkeys_phat_phrame_rate_edit,presets-extra,114
shifter - artefact,presets-extra,114
shifter - artefact curvule,presets-extra,114
shifter - artefact echo,presets-extra,114
shifter - artefact psychotrope,presets-extra,114
shifter - beat tube (3d),presets-extra,114
shifter - blueshift,presets-extra,114
shifter - blueshift (slush),presets-extra,114
shifter - blueshift (slush)_phat_edit,presets-extra,114
shifter - blueshift_1,presets-extra,114
shifter - brain coral,presets-extra,114
shifter - brain coral (left brained),presets-extra,114
shifter - brain coral (non-inverted),presets-extra,114
shifter - brain coral cartoon,presets-extra,114
shifter - brain coral flip,presets-extra,114
shifter - brain coral primaries,presets-extra,114
shifter - brain coral static A,presets-extra,114
shifter - brain coral static B,presets-extra,114
shifter - bronchiole,presets-extra,114
shifter - bronchiole (Eo.S.+Phat edit),presets-extra,114
shifter - bronchiole (Eo.S.+Phat edit) tethered,presets-extra,114
shifter - bronchiole (Eo.S.+Phat edit) tethered web,presets-extra,114
shifter - bronchiole (Eo.S.+Phat edit)HellaTextured_BETA3,presets-extra,114
shifter - bronchiole (Eo.S.+Phat edit)HellaTextured_BETA4,presets-extra,114
shifter - bronchiole (Eo.S.+Phat edit)HellaTextured_Krash_Beat_Detection_BETA3,presets-extra,114
shifter - bronchiole (Eo.S.+Phat edit)HellaTextured_Krash_Beat_Detection_BETA4,presets-extra,114
shifter - bronchiole (Eo.S.+Phat edit)HellaTextured_Krash_Beat_Detection_Flash_Mix_BETA4,presets-extra,114
shifter - bronchiole (Eo.S.+Phat edit)HellaTextured_Krash_Beat_Detection_Fucked_Up_Kids_Remix_2_BETA4,presets-extra,114
shifter - bronchiole (Eo.S.+Phat edit)HellaTextured_Krash_Beat_Detection_Fucked_Up_Kids_Remix_BETA4,presets-extra,114
shifter - bronchiole (Eo.S.+Phat edit)HellaTextured_Krash_Beat_Detection_Strong_Cx_BETA4,presets-extra,114
shifter - bronchiole (Eo.S.+Phat edit)_BETA3,presets-extra,114
shifter - bronchiole (Eo.S.+Phat edit)_BETA4,presets-extra,114
shifter - bronchiole (beta 4),presets-extra,114
shifter - bronchiole conjoin (beta 4),presets-extra,114
shifter - catseye,presets-extra,114
shifter - catseye sexy sataniq fuqre,presets-extra,114
shifter - cellular,presets-extra,114
shifter - cellular_Phat_I_Only_Want_Youre_Virgins_mix,presets-extra,114
shifter - cellular_Phat_I_Only_Want_Youre_Virgins_mix_2,presets-extra,114
shifter - cellular_Phat_Spinny_Mix,presets-extra,114
shifter - cellular_Phat_Spinny_Mix_1,presets-extra,114
shifter - cellular_Phat_Spinny_Slide_mix,presets-extra,114
shifter - cellular_Phat_Spinny_Slide_mix_1,presets-extra,114
shifter - cellular_Phat_Spinny_Slide_mix_v2,presets-extra,114
shifter - cellular_Phat_Spinny_Slide_mix_v2_1,presets-extra,114
shifter - cellular_Phat_Spinny_Slide_mix_v2_Time_Mod,presets-extra,114
shifter - cellular_Phat_Spinny_Slide_mix_v2_Time_Mod_1,presets-extra,114
shifter - cellular_Phat_Spinny_Slide_mix_v2_Time_Mod_tan,presets-extra,114
shifter - cellular_Phat_Spinny_Slide_mix_v2_Time_Mod_tan angwarp,presets-extra,114
shifter - cellular_Phat_Spinny_Slide_mix_v2_Time_Mod_tan angwarp B,presets-extra,114
shifter - cellular_Phat_Spinny_Swimmer_mix,presets-extra,114
shifter - cellular_Phat_Spinny_Swimmer_mix_v2,presets-extra,114
shifter - cellular_Phat_YAK_Infusion,presets-extra,115
shifter - cellular_Phat_YAK_Infusion (shifter leukocyte mix b),presets-extra,115
shifter - cellular_Phat_YAK_Infusion (shifter leukocyte mix),presets-extra,115
shifter - cellular_Phat_YAK_Infusion_v2,presets-extra,115
shifter - cellular_phat,presets-extra,115
shifter - coherent,presets-extra,115
shifter - comets,presets-extra,115
shifter - crosshatch colony beta6,presets-extra,115
shifter - crosshatch neopsy,presets-extra,115
shifter - curlique,presets-extra,115
shifter - cyanred,presets-extra,115
shifter - dark tides,presets-extra,115
shifter - dark tides (eo.s mix),presets-extra,115
shifter - dark tides (eo.s mix2),presets-extra,115
shifter - dark tides (eo.s+phat_whisps of doom mix),presets-extra,115
shifter - dark tides (eo.s_phat blinky lights mix),presets-extra,115
shifter - dark tides (eo.s_phat mix),presets-extra,115
shifter - dark tides bdrv mix,butterchurnPresetsExtra,
shifter - dark tides bdrv mix 2,butterchurnPresets,
shifter - deep sea hydra,presets-extra,115
shifter - deep sea hydra spectrum,presets-extra,115
shifter - deep sea hydra_phat_edit,presets-extra,115
shifter - deep sea hydra_phat_edit_2,presets-extra,115
shifter - digi,presets-extra,115
shifter - digi (swarm),presets-extra,115
shifter - escape the worm,presets-extra,115
shifter - escape the worm - Eo.S. + Phat - Before_It_Eats_Your_Brain_Mix,presets-extra,115
shifter - escape the worm - Eo.S. + Phat - Before_It_Eats_Your_Brain_Mix_v2,butterchurnPresetsExtra,
shifter - escape the worm - Eo.S. + Phat - Boxs_Mix,presets-extra,115
shifter - escape the worm - Eo.S. + Phat - whale smile,presets-extra,115
shifter - escape the worm - Eo.S. + Phat 5362,presets-extra,115
shifter - escape the worm - Eo.S. + Phat 5363,presets-extra,115
shifter - escape the worm - Eo.S. + Phat 5365,presets-extra,115
shifter - escape the worm - Eo.S. + Phat 5365_Daves_computer,presets-extra,115
shifter - escape the worm - Eo.S. + Phat 5365_Daves_computer_v2,presets-extra,115
shifter - escape the worm - Eo.S. + Phat 5365_Daves_computer_v2_colour_Border,presets-extra,115
shifter - escape the worm - Eo.S. + Phat 5365_Daves_computer_v2_tri,presets-extra,115
shifter - escape the worm - Eo.S. + Phat 5365_Daves_computer_v2_tri_inbtween,presets-extra,115
shifter - escape the worm - Eo.S. + Phat 536999,presets-extra,115
shifter - escape the worm - Eo.S. + Phat 536999_Sinister,presets-extra,115
shifter - escape the worm - Eo.S. + Phat 536999_Sinister_v2,presets-extra,115
shifter - escape the worm - Eo.S. + Phat 536999_acid_verse,presets-extra,115
shifter - escape the worm - Eo.S. + Phat 536999_acid_verse_v2,presets-extra,115
shifter - escape the worm - Eo.S. + Phat 536999_acid_verse_v2_Blue_Desire,presets-extra,115
shifter - escape the worm - Eo.S. + Phat 536999_acid_verse_v2_Blue_Desire_v2,presets-extra,115
shifter - escape the worm - Eo.S. + Phat BDRV et  AL  rmx,presets-extra,115
shifter - escape the worm - Eo.S. + Phat Before_It_Eats_Your_Brain_Mix,presets-extra,115
shifter - escape the worm - Eo.S. + Phat Before_It_Eats_Your_Brain_Mix_for_NVIDA,presets-extra,115
shifter - escape the worm - Eo.S. + Phat Brain_Scrambler_Mix,presets-extra,115
shifter - escape the worm - Eo.S. + Phat More responsive edit,presets-extra,115
shifter - escape the worm - Eo.S. + Phat More responsive edit blarg,presets-extra,115
shifter - escape the worm - Eo.S. + Phat Tangeren_singularitys_mix,presets-extra,115
shifter - escape the worm - Eo.S. + Phat Water_Colors,presets-extra,115
shifter - escape the worm - Eo.S. + Phat Well_Placed_Frame_Rate_Drop_Mix,presets-extra,115
shifter - escape the worm - Eo.S. + Phat fixing a bug,presets-extra,115
shifter - escape the worm - Eo.S. + Phat responsive edit,presets-extra,115
shifter - escape the worm BDRV et  AL  rmx,presets-extra,115
shifter - escape the worm Eo.S trying to fix a bug version,presets-extra,115
shifter - eye of the world,presets-extra,115
shifter - feathers (angel wings),butterchurnPresetsMD1,
shifter - feathers (angel wings) BDRV et  AL  rmx,presets-extra,115
shifter - feathers (angel wings)_1,presets-extra,115
shifter - feathers (angel wings)_phat_Updated_Ugly_colors_remix,presets-extra,115
shifter - feathers (angel wings)_phat_Updated_remix,presets-extra,115
shifter - feathers (angel wings)_phat_Updated_remix BDRV et  AL  rmx,presets-extra,115
shifter - feathers (angel wings)_phat_remix,presets-extra,115
shifter - feathers (angel wings)_phat_remix Eo.S._rmx1,presets-extra,115
shifter - feathers (angel wings)_phat_remix Eo.S._rmx1b,presets-extra,115
shifter - feathers (angel wings)_phat_remix Eo.S._rmx1c,presets-extra,115
shifter - feathers (angel wings)_phat_remix relief 2,butterchurnPresetsExtra,
shifter - feathers (angel wings)_phat_remix4,presets-extra,115
shifter - feathers (angel wings)_phat_remix4 BDRV et  AL  rmxmix,presets-extra,115
shifter - feathers (angel wings)_phat_remix_2,presets-extra,115
shifter - feathers (angel wings)_phat_remix_a,presets-extra,115
shifter - feathers (wings),presets-extra,115
shifter - feathers (wings) BDRV et  AL  rmxmix,presets-extra,115
shifter - fingerpainting,presets-extra,115
shifter - firefrost,presets-extra,115
shifter - flashburn,presets-extra,115
shifter - flashburn v2,presets-extra,115
shifter - fractal grinder,butterchurnPresetsMD1,
shifter - fractal grinder (fractured smoke),presets-extra,115
shifter - fractal grinder (opalescent),presets-extra,115
shifter - fractal grinder (starcity),presets-extra,115
shifter - fried egg,presets-extra,115
shifter - fried egg (split),presets-extra,115
shifter - fuzzball,presets-extra,115
shifter - fuzzball (escape velocity),presets-extra,115
shifter - fuzzball (implosion),presets-extra,115
shifter - fuzzball (psychadelic mirrorball),presets-extra,115
shifter - fuzzball 3d (cross eyed),presets-extra,115
shifter - fuzzball 3d (glasses),presets-extra,115
shifter - fuzzball 3d (glasses) false auralary1,presets-extra,115
shifter - fuzzball_1,presets-extra,115
shifter - glassworms flare,presets-extra,115
shifter - glassworms flare_1,presets-extra,115
shifter - glassworms flip,presets-extra,115
shifter - glassworms multi,presets-extra,115
shifter - glassworms original,presets-extra,115
shifter - glassworms skip,presets-extra,115
shifter - glassworms skip_phat_edit,presets-extra,115
shifter - glassworms trio,presets-extra,115
shifter - glassworms trip,presets-extra,115
shifter - ice ripples,presets-extra,115
shifter - ice ripples BDRV et  AL  rmx,presets-extra,115
shifter - insanity pepper,presets-extra,115
shifter - interference field lens (beta 4b),presets-extra,115
shifter - interference field lens b (beta 4b),presets-extra,115
shifter - interference field topography,presets-extra,115
shifter - interference field topography v3,presets-extra,115
shifter - interference field twin,presets-extra,115
shifter - interference field twin v3,presets-extra,115
shifter - interference field v2,presets-extra,115
shifter - interference field v2_1,presets-extra,115
shifter - interference field v3,presets-extra,115
shifter - interference field v3_1,presets-extra,115
shifter - interference field v3_2,presets-extra,115
shifter - interference field v3_Phat_Darken_Pop_Edit,presets-extra,115
shifter - interference field v3_Phat_Darken_Pop_Edit Eo.S. beat edit,presets-extra,115
shifter - interference field v3_Phat_Darken_Pop_Edit_v2,presets-extra,115
shifter - interference field v3_Phat_Darken_Pop_Edit_v3,presets-extra,115
shifter - interference field v3_Phat_Darken_Pop_Edit_v4,presets-extra,115
shifter - interference field v3_Phat_Darken_Pop_Edit_v4 Eo.S. edit,presets-extra,115
shifter - interference field v3_Phat_Darken_Pop_Edit_v4 Eo.S. edit B,presets-extra,115
shifter - interference field v3_Phat_Darken_Pop_Edit_v4 Eo.S. edit B dickless,presets-extra,115
shifter - interference field v3_Phat_Darken_Pop_Edit_v4 Eo.S. edit C,presets-extra,115
shifter - interference field v3_Phat_Darken_Pop_Edit_v4 Eo.S. edit D,presets-extra,115
shifter - interference field v3_Phat_Darken_Pop_Edit_v4 Eo.S. edit E,presets-extra,115
shifter - interference field v3_Phat_Lines_Edit,presets-extra,115
shifter - interference field v3_Phat_Old_School,presets-extra,116
shifter - interference field v3_Phat_Old_School_v2,presets-extra,116
shifter - interference field v3_Phat_Old_School_v3,presets-extra,116
shifter - jellybox,presets-extra,116
shifter - kinderkind,presets-extra,116
shifter - kinderkind neon,presets-extra,116
shifter - kinderkind neon_Phat_Edit,presets-extra,116
shifter - kinderkind neon_Phat_Edit_Beta5,presets-extra,116
shifter - kinderkind neon_Phat_Flowering_RemixV2_Beta5,presets-extra,116
shifter - kinderkind neon_Phat_Flowering_RemixV3_Beta5,presets-extra,116
shifter - kinderkind neon_Phat_Flowering_RemixV3_Beta5+redi Jedi(ic2),presets-extra,116
shifter - kiwi fruit,presets-extra,116
shifter - lattice,presets-extra,116
shifter - lattice (eclipse),presets-extra,116
shifter - lattice (eclipse) Phat + Eo.S. more color mix,presets-extra,116
shifter - lattice (eclipse) Phat + Eo.S. more color mix_v2,presets-extra,116
shifter - lattice (eclipse) Phat + Eo.S. more color mix_v3,presets-extra,116
shifter - lazerspecs,presets-extra,116
shifter - lazerspecs_phat_edit,presets-extra,116
shifter - lenticle,presets-extra,116
shifter - liquidity,presets-extra,116
shifter - liquidity (kaleidoscope),presets-extra,116
shifter - liquidity (mitosis),presets-extra,116
shifter - logo,presets-extra,116
shifter - mandala,presets-extra,116
shifter - mandala(NEOhm's_BarcodeScanner_Remix),presets-extra,116
shifter - mandala(NEOhm's_Barcode_Remix),presets-extra,116
shifter - milkyway (3d),presets-extra,116
shifter - molten glass,presets-extra,116
shifter - morphid,presets-extra,116
shifter - morphid BDRV et  AL  rmxmix,presets-extra,116
shifter - morphid_1,presets-extra,116
shifter - music box,presets-extra,116
shifter - neon pulse,presets-extra,116
shifter - neon pulse (reactive),presets-extra,116
shifter - neon pulse (reactive)_1,presets-extra,116
shifter - oddball,presets-extra,116
shifter - oddball(redi remix,presets-extra,116
shifter - oddball(redi remix),presets-extra,116
shifter - oddity,presets-extra,116
shifter - open the light,presets-extra,116
shifter - orb mandala,presets-extra,116
shifter - orthoganal light,presets-extra,116
shifter - orthoganal light niobium,presets-extra,116
shifter - phasm,presets-extra,116
shifter - phasm candy,presets-extra,116
shifter - phasm candystripe,presets-extra,116
shifter - phasm gaseous,presets-extra,116
shifter - phasm inksplot,presets-extra,116
shifter - phasm slick,presets-extra,116
shifter - phasm slick (fps+ mix),presets-extra,116
shifter - phasm slick - suksma defilement,presets-extra,116
shifter - phasm wraith,presets-extra,116
shifter - phasm wraith (fps+ mix),presets-extra,116
shifter - phasm wraithzzz,presets-extra,116
shifter - pinwheel,presets-extra,116
shifter - pipes,presets-extra,116
shifter - pipes (bright),presets-extra,116
shifter - pipes (metallic),presets-extra,116
shifter - plasmic,presets-extra,116
shifter - plasmic fact,presets-extra,116
shifter - plasmic fiction,presets-extra,116
shifter - pullulate beta6,presets-extra,116
shifter - pulsar,presets-extra,116
shifter - puzzlebox,presets-extra,116
shifter - quicksilver,presets-extra,116
shifter - rain on the water,presets-extra,116
shifter - ralter,presets-extra,116
shifter - ralter b,presets-extra,116
shifter - ralter c,presets-extra,116
shifter - ralter nova warp,presets-extra,116
shifter - ralter oilslick b,presets-extra,116
shifter - ralter oilslick b_1,presets-extra,116
shifter - rapid birth,presets-extra,116
shifter - rapid birth (beta 4),presets-extra,116
shifter - rapid birth (beta 4b),presets-extra,116
shifter - rapid birth bright,presets-extra,116
shifter - rapid birth bright (beta 4b),presets-extra,116
shifter - rececho,presets-extra,116
shifter - robotopia,presets-extra,116
shifter - robotopia_1,presets-extra,116
shifter - simple spasm,presets-extra,116
shifter - simple spasm malalol BDRV et  AL  rmx,presets-extra,116
shifter - sinkhole web,presets-extra,116
shifter - skyrise,presets-extra,116
shifter - skyrise diviple,presets-extra,116
shifter - slowpain,presets-extra,116
shifter - smokering,presets-extra,116
shifter - snakeskin,presets-extra,116
shifter - snakeskin (edged),presets-extra,116
shifter - snakeskin (pulse mini),presets-extra,116
shifter - snow,presets-extra,116
shifter - spasmic comet neon,presets-extra,116
shifter - spasmic ghost,presets-extra,116
shifter - spectro,presets-extra,116
shifter - spills + krash beatdetect,presets-extra,116
shifter - spills blender + krash beatdetect,presets-extra,116
shifter - spills blender + krash beatdetect - mash0000 - here comb your hair with this planet,presets-extra,116
shifter - spincycle,presets-extra,116
shifter - spincycle (sweeet candy) Studio Music tweak,presets-extra,116
shifter - spincycle b,presets-extra,116
shifter - spincycle c,presets-extra,116
shifter - spincycle(remix),presets-extra,116
shifter - spincycle(remix)2,presets-extra,116
shifter - spun sugar,presets-extra,116
shifter - stained & swollen (beta 4),presets-extra,116
shifter - stained & swollen (beta 4b),presets-extra,116
shifter - swarm,presets-extra,116
shifter - swarm (donuts),presets-extra,116
shifter - swarm_1,presets-extra,116
shifter - tadpole evolution,presets-extra,116
shifter - tadpole evolution (static mix),presets-extra,116
shifter - tadpole evolution (static mix)_1,presets-extra,116
shifter - timepeice,presets-extra,116
shifter - tumbling cubes,presets-extra,116
shifter - tumbling cubes (endless),presets-extra,116
shifter - tumbling cubes (reflections),presets-extra,116
shifter - tumbling cubes (ripples),presets-extra,116
shifter - tumbling cubes (ripples) Eo.S. remix1,presets-extra,116
shifter - tumbling cubes (ripples) Phat_parallel_planes_mix,presets-extra,116
shifter - tumbling cubes (ripples)_phat_frame_rate_tweak,presets-extra,116
shifter - tumbling cubes(redi jedi's wet box mix),presets-extra,116
shifter - tumbling cubes(redi jedi's wet box mix)_1,presets-extra,116
shifter - tumbling cubes_phat_remix,presets-extra,116
shifter - urchin,presets-extra,116
shifter - urchin kali,presets-extra,116
shifter - urchin kali b,presets-extra,117
shifter - urchin kali echos,presets-extra,117
shifter - urchin kali mod,presets-extra,117
shifter - urchin mod,presets-extra,117
shifter - urchin mod_1,presets-extra,117
shifter - woodgrain bluepink,presets-extra,117
shifter - woodgrain striped,presets-extra,117
shifter - zebroid,presets-extra,117
shifter - zebroid bits,presets-extra,117
shifter - zebroid geo,presets-extra,117
shifting smokesphere,presets-extra,117
silence,presets-extra,117
simplespectrogram,presets-extra,117
sinews 1,presets-extra,117
sinews 2,presets-extra,117
sinews 3,presets-extra,117
sinews 4,presets-extra,117
sirens whirlpool,presets-extra,117
sliding smokesphere,presets-extra,117
smoke,presets-extra,117
smoke and lasers,presets-extra,117
smoke chaser,presets-extra,117
smokin chrome,presets-extra,117
snuggles,presets-extra,117
solar flare (blue),presets-extra,117
solar flare (reptile),presets-extra,117
solar flare 1,presets-extra,117
sound and the fury,presets-extra,117
space voyage,presets-extra,117
space voyage (high-warp),presets-extra,117
space voyage bright,presets-extra,117
spacedust,presets-extra,117
spectrum range,presets-extra,117
spider's heaven,presets-extra,117
spinning flower,presets-extra,117
spookytay's Flames,presets-extra,117
"stahlregen & geiss + rovastar - fields of flowers (mashup 9 - space flower rmx) - mash0001 - pack em in, we got a long haul + flashlight",butterchurnPresetsExtra,
stahlregen + flexi - spiral beats [rabbit hole],presets-extra,117
stahlregen + flexi - spiral beats [rabbit hole]_1,presets-extra,117
stahlregen + flexi - spiral beats [rabbit hole]_2,presets-extra,117
stahlregen + flexi - spiral beats [rabbit hole]_3,presets-extra,117
stahlregen + flexi - spiral beats [rabbit hole]_4,presets-extra,117
stahlregen - anomaly space (event horizon sharp),presets-extra,117
stahlregen - anomaly space (event horizon),presets-extra,117
stahlregen - anomaly space (filligree infinity 2),presets-extra,117
stahlregen - anomaly space (filligree infinity),presets-extra,117
stahlregen - anomaly space (hyperball - shiny tweak),presets-extra,117
stahlregen - dots (psychedelic flower v2),presets-extra,117
stahlregen - dots (psychedelic flower),presets-extra,117
"stahlregen - old school, baby (spiral ornament)",butterchurnPresetsExtra2,
"stahlregen - old school, baby!",presets-extra,117
"stahlregen - old school, baby! (beat spiral)",presets-extra,117
"stahlregen - old school, baby! (spiral ornament)",presets-extra,117
"stahlregen - old school, baby! (tweaked)",presets-extra,117
stahlregen - random morph beatshift,presets-extra,117
stahlregen - spiral (fugly 5),presets-extra,117
"stahlregen - spiral (oh god my eyes, it burns! 2)",presets-extra,117
stahlregen - spiral beats,presets-extra,117
stahlregen - spiral beats (bigger),presets-extra,117
starfish,presets-extra,117
starfish 2,presets-extra,117
state of discretion,presets-extra,117
static (remix),presets-extra,117
storm,presets-extra,117
studio music & unchained + phat and e.o.s - how it feel's to be alive,presets-extra,117
subtle words,presets-extra,117
suksma + raron + goody - simple frequency spectrum 3 - goody colorfix1,presets-extra,117
suksma + raron - satanizer - club medical waste,presets-extra,117
suksma + raron - satanizer - club medical waste - aspect stretch gamma,presets-extra,117
suksma + raron - satanizer - kissing chickens (multi-beak),presets-extra,117
suksma + raron - satanizer - kissing chickens (multi-beak)2,presets-extra,117
suksma + raron - satanizer - peripheral rape trainer,presets-extra,117
suksma + raron - satanizer - predator heads up,presets-extra,117
suksma + raron - satanizer - undertow,presets-extra,117
suksma + raron - simple frequency spectrum 3 - satanizer,presets-extra,117
suksma - Rovastar - Sunflower Passion (Enlightment Mix)_Phat_edit + flexi und martin shaders - circumflex in character classes in regular expression,butterchurnPresets,
suksma - demonizer,presets-extra,117
suksma - ed geining hateops,presets-extra,117
suksma - feign shoulder concern when i should be executed - everything is eternally shrinking,butterchurnPresetsExtra,
suksma - gaeomaentaec - log smell 2 - steaming wienies2,butterchurnPresetsExtra,
suksma - gee zeus ov gaellilee,presets-extra,117
"suksma - geiss + dotes - holiday hidden in plain sight clown Octahydro-12-(hydroxymethyl)-2-imino-5,9 7,10a-dimethano-10aH-[1,3]dioxocino[6,5-d]pyrimidine-4,7,10,11,12-pentol",presets-extra,117
suksma - heretical crosscut playpen,butterchurnPresets,
suksma - log spec with phase diff,presets-extra,117
suksma - log spec with phase diff - aspect fix1,presets-extra,117
suksma - nip tuck,butterchurnPresetsExtra,
suksma - uninitialized variabowl (hydroponic chronic),butterchurnPresets,
suksma - vector exp 1 - couldn′t not,butterchurnPresets,
suksma - water cooled red uranium vs dotes - freeenergynow.net,butterchurnPresetsExtra,
various artists - 1200774354134 - mash0000 - what the writer′s guild is doing with the extra money,butterchurnPresetsExtra2,
yin - 190 - Temporal fluctuations,butterchurnPresetsExtra,
yin - 191 - Temporal singularities,butterchurnPresets,
yin - 250 - Artificial poles of the continuum_Phat′s_Orbit_mix,butterchurnPresetsExtra,
yin - 253 - Artificial poles of the continuum (remix #3),butterchurnPresetsExtra,
