name,pack,chunk,commit,date,subject
beta106i - Burning Form (Seething Mass) - mash0000 - fire paint easter egg internals,butterchurnPresetsExtra,,62b8b234,2026-07-05,"Remove some bad presets, make exclude and copy buttons fade out automatically"
Illusion & Rovastar - Dotty Mad Space (Jelly),butterchurnPresetsExtra,,62b8b234,2026-07-05,"Remove some bad presets, make exclude and copy buttons fade out automatically"
martin - elusive impressions mix2 - flacc mess proph nz+2,butterchurnPresetsExtra,,62b8b234,2026-07-05,"Remove some bad presets, make exclude and copy buttons fade out automatically"
martin - satellite view,butterchurnPresetsExtra,,62b8b234,2026-07-05,"Remove some bad presets, make exclude and copy buttons fade out automatically"
PieturP - triptrap_(ultimate-trip-mix),butterchurnPresetsExtra,,62b8b234,2026-07-05,"Remove some bad presets, make exclude and copy buttons fade out automatically"
stahlregen + geiss + shifter - babylon,butterchurnPresetsExtra,,62b8b234,2026-07-05,"Remove some bad presets, make exclude and copy buttons fade out automatically"
yin - 315 - Ocean of Light (yo im peakin yo Eo.S.-Phat),butterchurnPresetsExtra,,62b8b234,2026-07-05,"Remove some bad presets, make exclude and copy buttons fade out automatically"
PieturP - triptrap_(ultimate-trip-mix),butterchurnPresetsMD1,,62b8b234,2026-07-05,"Remove some bad presets, make exclude and copy buttons fade out automatically"
Rovastar - Hyperspace,butterchurnPresetsMD1,,62b8b234,2026-07-05,"Remove some bad presets, make exclude and copy buttons fade out automatically"
Dbleja - Escape (White Mix),presets-extra,15,e4dcf443,2026-07-06,Remove 13 presets from extra preset collection
Eo.S.+Phat Fractical_dancer - freeze frame3,presets-extra,23,e4dcf443,2026-07-06,Remove 13 presets from extra preset collection
Illusion & Krash - Receding Spiral,presets-extra,47,e4dcf443,2026-07-06,Remove 13 presets from extra preset collection
Magma Pool,presets-extra,54,e4dcf443,2026-07-06,Remove 13 presets from extra preset collection
Phat_Zylot_Eo.S. rainbow bubble_science,presets-extra,61,e4dcf443,2026-07-06,Remove 13 presets from extra preset collection
Rovastar - Bits,presets-extra,70,e4dcf443,2026-07-06,Remove 13 presets from extra preset collection
amandio c - mirage 2,presets-extra,89,e4dcf443,2026-07-06,Remove 13 presets from extra preset collection
baked - River of Illusion (Hyperswirl Mix),presets-extra,91,e4dcf443,2026-07-06,Remove 13 presets from extra preset collection
bdrv + al - temporary displacement beacon2f,presets-extra,92,e4dcf443,2026-07-06,Remove 13 presets from extra preset collection
beta106i - Cut and Paste,presets-extra,100,e4dcf443,2026-07-06,Remove 13 presets from extra preset collection
blue and red1,presets-extra,103,e4dcf443,2026-07-06,Remove 13 presets from extra preset collection
shifter - interference field,presets-extra,115,e4dcf443,2026-07-06,Remove 13 presets from extra preset collection
shifter - interference field v3_Phat_Darken_Pop_Edit_v4 Eo.S. edit B_Rework,presets-extra,115,e4dcf443,2026-07-06,Remove 13 presets from extra preset collection
Bmelgren-morpherous3,presets-extra,13,711d8ebc,2026-07-06,Remove 53 presets from the preset collection
Dbleja-underwatercavecreatur(bluemix),presets-extra,16,711d8ebc,2026-07-06,Remove 53 presets from the preset collection
Esotic and Krash - MSB,presets-extra,25,711d8ebc,2026-07-06,Remove 53 presets from the preset collection
Esotic and Krash - Marching Rot,presets-extra,25,711d8ebc,2026-07-06,Remove 53 presets from the preset collection
Esotic&rozzer-museum,presets-extra,26,711d8ebc,2026-07-06,Remove 53 presets from the preset collection
Fvese and Zylot - Snowflake Like (Midnight Twinkle mix),presets-extra,30,711d8ebc,2026-07-06,Remove 53 presets from the preset collection
Fvese-bouncingballplaying,presets-extra,30,711d8ebc,2026-07-06,Remove 53 presets from the preset collection
Geiss - Shift,presets-extra,33,711d8ebc,2026-07-06,Remove 53 presets from the preset collection
Geiss - Sinews 1,presets-extra,33,711d8ebc,2026-07-06,Remove 53 presets from the preset collection
Geiss - Sinews 2,presets-extra,33,711d8ebc,2026-07-06,Remove 53 presets from the preset collection
"Hexcollie, Fishbrain, Flexi n Eo.S. -  Synthetic peacock visions",presets-extra,38,711d8ebc,2026-07-06,Remove 53 presets from the preset collection
Idiot&zylot-hallofref(seekersexitmix),presets-extra,40,711d8ebc,2026-07-06,Remove 53 presets from the preset collection
Idiot24-7 - Late Night Chat 2 (Texture Wrap Off Mix),presets-extra,42,711d8ebc,2026-07-06,Remove 53 presets from the preset collection
Idiot24-7 - Living Abstractness,presets-extra,42,711d8ebc,2026-07-06,Remove 53 presets from the preset collection
Idiot24-7-innerself(mixeddesiresmix),presets-extra,45,711d8ebc,2026-07-06,Remove 53 presets from the preset collection
Idiot24-7-prophecy1,presets-extra,46,711d8ebc,2026-07-06,Remove 53 presets from the preset collection
Illusion - Expanding Diamond,presets-extra,47,711d8ebc,2026-07-06,Remove 53 presets from the preset collection
Illusion&boz-hotairballoon,presets-extra,47,711d8ebc,2026-07-06,Remove 53 presets from the preset collection
Illusion&unchained-twistingdots,presets-extra,48,711d8ebc,2026-07-06,Remove 53 presets from the preset collection
Illusion&unchained-waveofdots,presets-extra,48,711d8ebc,2026-07-06,Remove 53 presets from the preset collection
Phat_Zylot_Eo.S. rainbow bubble-minimalist,presets-extra,61,711d8ebc,2026-07-06,Remove 53 presets from the preset collection
Rovastar & Krash - Cerebral Demons (Soul Virus Mix),presets-extra,68,711d8ebc,2026-07-06,Remove 53 presets from the preset collection
Rozzor and Esotic -- Code is my Queen! I would eat dirt for Code!,presets-extra,81,711d8ebc,2026-07-06,Remove 53 presets from the preset collection
Rozzor and Fvese - Emergence,presets-extra,81,711d8ebc,2026-07-06,Remove 53 presets from the preset collection
StudioMusic & Unchained - Tweak Of The Week,presets-extra,86,711d8ebc,2026-07-06,Remove 53 presets from the preset collection
StudioMusic - Chemical Reaction,presets-extra,86,711d8ebc,2026-07-06,Remove 53 presets from the preset collection
Studiomusic-harmonicirradiatingball,presets-extra,87,711d8ebc,2026-07-06,Remove 53 presets from the preset collection
Studiomusic-kaleidoscope,presets-extra,87,711d8ebc,2026-07-06,Remove 53 presets from the preset collection
amandio c - log tower 2,presets-extra,89,711d8ebc,2026-07-06,Remove 53 presets from the preset collection
amandio c - lusitana sans sheriff - 20 chars,presets-extra,89,711d8ebc,2026-07-06,Remove 53 presets from the preset collection
amandio c - lusitana sans sheriff - 8 chars,presets-extra,89,711d8ebc,2026-07-06,Remove 53 presets from the preset collection
amandio c - math test,presets-extra,89,711d8ebc,2026-07-06,Remove 53 presets from the preset collection
amandio c - micromachines - city,presets-extra,89,711d8ebc,2026-07-06,Remove 53 presets from the preset collection
amandio c - micromachines - kidstuff,presets-extra,89,711d8ebc,2026-07-06,Remove 53 presets from the preset collection
amandio c - midsummer night,presets-extra,89,711d8ebc,2026-07-06,Remove 53 presets from the preset collection
bdrv Rovastar - they will be happy then27a,presets-extra,96,711d8ebc,2026-07-06,Remove 53 presets from the preset collection
beta106i - Accelerator (Lukewarm Fusion),presets-extra,98,711d8ebc,2026-07-06,Remove 53 presets from the preset collection
cosmic echoes 1,presets-extra,104,711d8ebc,2026-07-06,Remove 53 presets from the preset collection
diko mou - UNDER FURTHER DESTRUCTION 0009,presets-extra,104,711d8ebc,2026-07-06,Remove 53 presets from the preset collection
doctorcox - The Butterfly Effect,presets-extra,104,711d8ebc,2026-07-06,Remove 53 presets from the preset collection
doctorcox - The Road to Mordor,presets-extra,104,711d8ebc,2026-07-06,Remove 53 presets from the preset collection
doctorcox - derp,presets-extra,104,711d8ebc,2026-07-06,Remove 53 presets from the preset collection
flexi + amandio c - new bouncing balls,presets-extra,106,711d8ebc,2026-07-06,Remove 53 presets from the preset collection
idiot - Random Water Colours (Justify my stupidity),presets-extra,108,711d8ebc,2026-07-06,Remove 53 presets from the preset collection
idiot24-7 - Crop Circles,presets-extra,108,711d8ebc,2026-07-06,Remove 53 presets from the preset collection
idiot24-7 - Vector Flower,presets-extra,110,711d8ebc,2026-07-06,Remove 53 presets from the preset collection
phat_It'sJustNumbers=)_update,presets-extra,112,711d8ebc,2026-07-06,Remove 53 presets from the preset collection
phat_It'sJustNumbers_remix11,presets-extra,112,711d8ebc,2026-07-06,Remove 53 presets from the preset collection
shifter - a thousand monkeys_phat_edit(Redi Jedi's wake up neo),presets-extra,114,711d8ebc,2026-07-06,Remove 53 presets from the preset collection
shifter - spincycle (soft candy),presets-extra,116,711d8ebc,2026-07-06,Remove 53 presets from the preset collection
shifter - spincycle (sweeet candy),presets-extra,116,711d8ebc,2026-07-06,Remove 53 presets from the preset collection
$$$ Royal - Mashup (160),butterchurnPresetsExtra2,,711d8ebc,2026-07-06,Remove 53 presets from the preset collection
Geiss - Skin Dots 9,butterchurnPresetsExtra2,,711d8ebc,2026-07-06,Remove 53 presets from the preset collection
3dRaGoNs & Fvese - Triangle Work rEmIx,presets-extra,1,0e7a1acd,2026-07-06,Remove 45 presets from the extra collection
Che & Idiot - Abstract Tornado,presets-extra,14,0e7a1acd,2026-07-06,Remove 45 presets from the extra collection
EMPR - Random - Maximum Tesselazzzions,presets-extra,16,0e7a1acd,2026-07-06,Remove 45 presets from the extra collection
Eo.S.+Phat - Monks escape_grinder_mix,presets-extra,22,0e7a1acd,2026-07-06,Remove 45 presets from the extra collection
"Eo.S._Phat - dark side of the moon (plus a few more hits,a pill,and some 2-cb)",presets-extra,24,0e7a1acd,2026-07-06,Remove 45 presets from the extra collection
"Eo.S._Phat - dark side of the moon (plus a few more hits,a pill,some 2-cb,few bong rips)",presets-extra,24,0e7a1acd,2026-07-06,Remove 45 presets from the extra collection
Esotic & Krash - Raven Myst,presets-extra,25,0e7a1acd,2026-07-06,Remove 45 presets from the extra collection
Esotic & Krash - Rolly Poly,presets-extra,25,0e7a1acd,2026-07-06,Remove 45 presets from the extra collection
Esotic & Krash - Slit,presets-extra,25,0e7a1acd,2026-07-06,Remove 45 presets from the extra collection
Esotic & Krash - The Tree Of Math,presets-extra,25,0e7a1acd,2026-07-06,Remove 45 presets from the extra collection
Esotic & Rozzer - Hippie Hypnotizer,presets-extra,25,0e7a1acd,2026-07-06,Remove 45 presets from the extra collection
Esotic & Rozzer - Museum,presets-extra,25,0e7a1acd,2026-07-06,Remove 45 presets from the extra collection
Esotic & Rozzer - Now And Later,presets-extra,25,0e7a1acd,2026-07-06,Remove 45 presets from the extra collection
Esotic & Rozzer - Pixie Party Light (With Liquid Refreshment) (Bonus Round Mix),presets-extra,25,0e7a1acd,2026-07-06,Remove 45 presets from the extra collection
Eviljim-followtheball,presets-extra,27,0e7a1acd,2026-07-06,Remove 45 presets from the extra collection
Fvese-globalmixer,presets-extra,30,0e7a1acd,2026-07-06,Remove 45 presets from the extra collection
Fyornulis- the hidden starfish,presets-extra,31,0e7a1acd,2026-07-06,Remove 45 presets from the extra collection
HamptonGER-Answer.0815(OriginalMix),presets-extra,36,0e7a1acd,2026-07-06,Remove 45 presets from the extra collection
Idiot - Subnormal Trance,presets-extra,39,0e7a1acd,2026-07-06,Remove 45 presets from the extra collection
Idiot24-7&fvese-lifeinabox,presets-extra,43,0e7a1acd,2026-07-06,Remove 45 presets from the extra collection
Krash & Rovastar - Cerebral Demons - Phat + Eo.S. Moire_dots_tetris Remix,presets-extra,50,0e7a1acd,2026-07-06,Remove 45 presets from the extra collection
Krash & Rovastar - Rainbow Orb,presets-extra,51,0e7a1acd,2026-07-06,Remove 45 presets from the extra collection
NiGHtHawK - My Third Eye_phat_edit,presets-extra,56,0e7a1acd,2026-07-06,Remove 45 presets from the extra collection
Nigel-whatever1,presets-extra,57,0e7a1acd,2026-07-06,Remove 45 presets from the extra collection
Pinbi7 & Fvese - Definitely Not For The Epileptic 1,presets-extra,63,0e7a1acd,2026-07-06,Remove 45 presets from the extra collection
Pinbi7&krash-primit(lightattheendmix),presets-extra,64,0e7a1acd,2026-07-06,Remove 45 presets from the extra collection
Radiant Orange JD,presets-extra,65,0e7a1acd,2026-07-06,Remove 45 presets from the extra collection
Redi Jedi - perplexium,presets-extra,66,0e7a1acd,2026-07-06,Remove 45 presets from the extra collection
Roosta  - Bursting - Dissolving cavern mix,presets-extra,67,0e7a1acd,2026-07-06,Remove 45 presets from the extra collection
Rovastar - Cosmic Echoes (Beam Me Up Mix),presets-extra,70,0e7a1acd,2026-07-06,Remove 45 presets from the extra collection
Rovastar&EvilJim-StrangeShifting,presets-extra,74,0e7a1acd,2026-07-06,Remove 45 presets from the extra collection
Rovastar-bytes,presets-extra,78,0e7a1acd,2026-07-06,Remove 45 presets from the extra collection
Rozzor&unchained-notsomuchgoofyaswack,presets-extra,83,0e7a1acd,2026-07-06,Remove 45 presets from the extra collection
StudioMusic&Unchained-TweakOfTh,presets-extra,86,0e7a1acd,2026-07-06,Remove 45 presets from the extra collection
Studiomusic-electrifyingbacteria,presets-extra,87,0e7a1acd,2026-07-06,Remove 45 presets from the extra collection
amandio c - jazz singer 2,presets-extra,89,0e7a1acd,2026-07-06,Remove 45 presets from the extra collection
amandio c - knot,presets-extra,89,0e7a1acd,2026-07-06,Remove 45 presets from the extra collection
amandio c - tangent beads 1,presets-extra,90,0e7a1acd,2026-07-06,Remove 45 presets from the extra collection
hexcollie - Vegas,presets-extra,107,0e7a1acd,2026-07-06,Remove 45 presets from the extra collection
illusion and studio music - rainbow tunnel,presets-extra,110,0e7a1acd,2026-07-06,Remove 45 presets from the extra collection
raron - simple frequency spectrum 4.1,presets-extra,113,0e7a1acd,2026-07-06,Remove 45 presets from the extra collection
"raron - simple frequency spectrum, almost ordinary equalizer",presets-extra,113,0e7a1acd,2026-07-06,Remove 45 presets from the extra collection
redi jedi + shifter - bronchiole conjoin (borders on extacy mix) (beta 4),presets-extra,113,0e7a1acd,2026-07-06,Remove 45 presets from the extra collection
shifter - a thousand monkeys_phat_edit (subliminal mix)(banner),presets-extra,114,0e7a1acd,2026-07-06,Remove 45 presets from the extra collection
shifter - a thousand monkeys_phat_edit (subliminal mix)+redi,presets-extra,114,0e7a1acd,2026-07-06,Remove 45 presets from the extra collection
A Featured Presentation -  Baked - River of Illusion Dillusion ft Eos - Flexi -  Phat n AdamFX - Fuck me on the Dancefloor ,presets-extra,1,bf1e4e64,2026-07-07,Remove 44 presets from all preset sources
A Featured Presentation -  Baked - River of Illusion Dillusion ft Eos - Phat n AdamFX - Fuck me on the Dancefloor,presets-extra,1,bf1e4e64,2026-07-07,Remove 44 presets from all preset sources
Aderrasi + Redi Jedi - Curse of the Ochre Owl(fuck it mix),presets-extra,2,bf1e4e64,2026-07-07,Remove 44 presets from all preset sources
BDRV Phat_Zylot_Eo.S. rainbow bubble_mid3-fuck me dood-flash m_tan BDRV et  AL  rmx etalmix,presets-extra,9,bf1e4e64,2026-07-07,Remove 44 presets from all preset sources
Bdrv Nighthawk - Dancing Mushroom Holy Fuck!!_pHAT_Edit bdrv et.AL,presets-extra,10,bf1e4e64,2026-07-07,Remove 44 presets from all preset sources
Eo.S.+Phat - Fuck you,presets-extra,22,bf1e4e64,2026-07-07,Remove 44 presets from all preset sources
Eo.S.+Phat - Fuck you_v2,presets-extra,22,bf1e4e64,2026-07-07,Remove 44 presets from all preset sources
Eo.S.+Phat - Fuck you_v3,presets-extra,22,bf1e4e64,2026-07-07,Remove 44 presets from all preset sources
Eo.S.+Phat - Fuck you_v4,presets-extra,22,bf1e4e64,2026-07-07,Remove 44 presets from all preset sources
Eo.S.+Phat - fuck off,presets-extra,22,bf1e4e64,2026-07-07,Remove 44 presets from all preset sources
Hexcollie - Now thats a fucking K hole (personal mash),presets-extra,37,bf1e4e64,2026-07-07,Remove 44 presets from all preset sources
Hexcollie - where the fuck did all the sugar cubes go,presets-extra,38,bf1e4e64,2026-07-07,Remove 44 presets from all preset sources
"Hexcollie, Flexi Eo.S, Esotic, Krash.n Phat - Holy fuck Im cross-eyed now",presets-extra,38,bf1e4e64,2026-07-07,Remove 44 presets from all preset sources
"Hexcollie, Krash, Inventive software n Pithlit - What the fuck do we call this bitch",presets-extra,38,bf1e4e64,2026-07-07,Remove 44 presets from all preset sources
"Hexcollie, Phat, Eo.S. Krash n Mstress - WoW, where the fuck did that come from (raped)",presets-extra,38,bf1e4e64,2026-07-07,Remove 44 presets from all preset sources
"Hexcollie, Phat, Eo.S. Krash n Mstress - WoW, where the fuck did that come from (widescreen)",presets-extra,38,bf1e4e64,2026-07-07,Remove 44 presets from all preset sources
LuxXx - Fuck ur Fractal Muscles I,presets-extra,54,bf1e4e64,2026-07-07,Remove 44 presets from all preset sources
LuxXx - Fuck ur Fractal Muscles II,presets-extra,54,bf1e4e64,2026-07-07,Remove 44 presets from all preset sources
Nighthawk - Dancing Mushroom Holy Fuck!!_pHAT_Edit,presets-extra,57,bf1e4e64,2026-07-07,Remove 44 presets from all preset sources
Phat_Eo.S. rainbow bubble_mid3-fuck me dood,presets-extra,60,bf1e4e64,2026-07-07,Remove 44 presets from all preset sources
Phat_Eo.S. rainbow bubble_mid3-fuck me dood_1,presets-extra,60,bf1e4e64,2026-07-07,Remove 44 presets from all preset sources
Phat_Eo.S. rainbow bubble_mid3-fuck me dood_2,presets-extra,60,bf1e4e64,2026-07-07,Remove 44 presets from all preset sources
Phat_Zylot_Eo.S. rainbow bubble_mid3-fuck me dood,presets-extra,61,bf1e4e64,2026-07-07,Remove 44 presets from all preset sources
Phat_Zylot_Eo.S. rainbow bubble_mid3-fuck me dood-flash,presets-extra,61,bf1e4e64,2026-07-07,Remove 44 presets from all preset sources
Phat_Zylot_Eo.S. rainbow bubble_mid3-fuck me dood-flash m_tan,presets-extra,61,bf1e4e64,2026-07-07,Remove 44 presets from all preset sources
"Redi Jedi - Quit smoking my watter,you dick",presets-extra,65,bf1e4e64,2026-07-07,Remove 44 presets from all preset sources
Redi Jedi - i'm surrounded by assholes..... keep firing assholes!!!,presets-extra,65,bf1e4e64,2026-07-07,Remove 44 presets from all preset sources
"Redi Jedi - quit smoking my water,you dick",presets-extra,66,bf1e4e64,2026-07-07,Remove 44 presets from all preset sources
"Rovastar + Redi Jedi - The Shroomery(every time i look in the mirror, that same fucker is looking back at me mix)",presets-extra,69,bf1e4e64,2026-07-07,Remove 44 presets from all preset sources
amandio c - log tower 1 - pretty goofy shit nigga,presets-extra,89,bf1e4e64,2026-07-07,Remove 44 presets from all preset sources
baked - Santa fucking Claus,presets-extra,91,bf1e4e64,2026-07-07,Remove 44 presets from all preset sources
bdrv + al Phat_Zylot_Eo.S. rainbow bubble_mid3-fuck me dood-flash mx3,presets-extra,94,bf1e4e64,2026-07-07,Remove 44 presets from all preset sources
bdrv et al- very ugly maths shit,presets-extra,96,bf1e4e64,2026-07-07,Remove 44 presets from all preset sources
bennett-p - Holy Fuck!,presets-extra,97,bf1e4e64,2026-07-07,Remove 44 presets from all preset sources
beta106i + Redi Jedi - Curse of the Ochre Owl(fuck it mix),presets-extra,98,bf1e4e64,2026-07-07,Remove 44 presets from all preset sources
fiShbRaiN - cthulhus asshole,presets-extra,105,bf1e4e64,2026-07-07,Remove 44 presets from all preset sources
fiShbRaiN - cthulhus asshole (bad breakfast remix),presets-extra,105,bf1e4e64,2026-07-07,Remove 44 presets from all preset sources
fuck with this,presets-extra,106,bf1e4e64,2026-07-07,Remove 44 presets from all preset sources
hexcollie - Beatin the fuck outta this horse,presets-extra,106,bf1e4e64,2026-07-07,Remove 44 presets from all preset sources
hexcollie - Beatin the fuck outta this horse again,presets-extra,106,bf1e4e64,2026-07-07,Remove 44 presets from all preset sources
"quit smoking my watter,you dick",presets-extra,113,bf1e4e64,2026-07-07,Remove 44 presets from all preset sources
shitty,presets-extra,117,bf1e4e64,2026-07-07,Remove 44 presets from all preset sources
Adam Eatit Mashup FX 2 martin - disco mix + Lodus + Geiss + Ludicrous speed + Eos Ft Flexi n Hexocollie + Baked + Santa Fucking Claus,butterchurnPresetsExtra2,,bf1e4e64,2026-07-07,Remove 44 presets from all preset sources
LuxXx - Fuck Your Code ii,butterchurnPresetsExtra2,,bf1e4e64,2026-07-07,Remove 44 presets from all preset sources
Aberration + 01_Telek - Rainbow_Serpent,presets-extra,1,bde927bf,2026-07-07,Remove 130 more presets from all preset sources
Aberration + 02_Telek - Rainbow_Serpent,presets-extra,1,bde927bf,2026-07-07,Remove 130 more presets from all preset sources
Aberration + 03_Telek - Rainbow_Serpent,presets-extra,1,bde927bf,2026-07-07,Remove 130 more presets from all preset sources
Aberration + 04_Telek - Rainbow_Serpent,presets-extra,1,bde927bf,2026-07-07,Remove 130 more presets from all preset sources
Aberration + 05_Telek - Rainbow_Serpent,presets-extra,1,bde927bf,2026-07-07,Remove 130 more presets from all preset sources
Aberration + 06_Telek - Rainbow_Serpent,presets-extra,1,bde927bf,2026-07-07,Remove 130 more presets from all preset sources
Aberration + 07_Telek - Rainbow_Serpent,presets-extra,1,bde927bf,2026-07-07,Remove 130 more presets from all preset sources
Aberration + 08_Telek - Rainbow_Serpent,presets-extra,1,bde927bf,2026-07-07,Remove 130 more presets from all preset sources
Aberration + 09_Telek - Rainbow_Serpent,presets-extra,1,bde927bf,2026-07-07,Remove 130 more presets from all preset sources
Aberration + 10_Telek - Rainbow_Serpent,presets-extra,1,bde927bf,2026-07-07,Remove 130 more presets from all preset sources
Aberration + 11_Telek - Rainbow_Serpent,presets-extra,1,bde927bf,2026-07-07,Remove 130 more presets from all preset sources
Aberration + 12_Telek - Rainbow_Serpent,presets-extra,1,bde927bf,2026-07-07,Remove 130 more presets from all preset sources
Aberration + 13_Telek - Rainbow_Serpent,presets-extra,1,bde927bf,2026-07-07,Remove 130 more presets from all preset sources
Aberration + 14_Telek - Rainbow_Serpent,presets-extra,1,bde927bf,2026-07-07,Remove 130 more presets from all preset sources
Aberration + 15_Telek - Rainbow_Serpent,presets-extra,1,bde927bf,2026-07-07,Remove 130 more presets from all preset sources
Aberration + 16_Telek - Rainbow_Serpent,presets-extra,1,bde927bf,2026-07-07,Remove 130 more presets from all preset sources
Aberration + 17_Telek - Rainbow_Serpent,presets-extra,1,bde927bf,2026-07-07,Remove 130 more presets from all preset sources
Aberration + 18_Telek - Rainbow_Serpent,presets-extra,1,bde927bf,2026-07-07,Remove 130 more presets from all preset sources
Aberration + 19_Telek - Rainbow_Serpent,presets-extra,1,bde927bf,2026-07-07,Remove 130 more presets from all preset sources
Aberration + 20_Telek - Rainbow_Serpent,presets-extra,1,bde927bf,2026-07-07,Remove 130 more presets from all preset sources
Aberration + 21_Telek - Rainbow_Serpent,presets-extra,1,bde927bf,2026-07-07,Remove 130 more presets from all preset sources
Aberration + 22_Telek - Rainbow_Serpent,presets-extra,1,bde927bf,2026-07-07,Remove 130 more presets from all preset sources
Aberration + 23_Telek - Rainbow_Serpent,presets-extra,1,bde927bf,2026-07-07,Remove 130 more presets from all preset sources
Aberration + 24_Telek - Rainbow_Serpent,presets-extra,1,bde927bf,2026-07-07,Remove 130 more presets from all preset sources
Aberration + 25_Telek - Rainbow_Serpent,presets-extra,1,bde927bf,2026-07-07,Remove 130 more presets from all preset sources
Aberration + 26_Telek - Rainbow_Serpent,presets-extra,1,bde927bf,2026-07-07,Remove 130 more presets from all preset sources
Aberration + 27_Telek - Rainbow_Serpent,presets-extra,1,bde927bf,2026-07-07,Remove 130 more presets from all preset sources
Aberration + 28_Telek - Rainbow_Serpent,presets-extra,1,bde927bf,2026-07-07,Remove 130 more presets from all preset sources
Aberration + 29_Telek - Rainbow_Serpent,presets-extra,1,bde927bf,2026-07-07,Remove 130 more presets from all preset sources
Aberration + 30_Telek - Rainbow_Serpent,presets-extra,1,bde927bf,2026-07-07,Remove 130 more presets from all preset sources
Aberration + 31_Telek - Rainbow_Serpent,presets-extra,1,bde927bf,2026-07-07,Remove 130 more presets from all preset sources
Aberration + 32_Telek - Rainbow_Serpent,presets-extra,1,bde927bf,2026-07-07,Remove 130 more presets from all preset sources
Aberration + 33_Telek - Rainbow_Serpent,presets-extra,2,bde927bf,2026-07-07,Remove 130 more presets from all preset sources
Aberration + 34_Telek - Rainbow_Serpent,presets-extra,2,bde927bf,2026-07-07,Remove 130 more presets from all preset sources
Aberration + 35_Telek - Rainbow_Serpent,presets-extra,2,bde927bf,2026-07-07,Remove 130 more presets from all preset sources
Aberration + 36_Telek - Rainbow_Serpent,presets-extra,2,bde927bf,2026-07-07,Remove 130 more presets from all preset sources
Aberration + 37_Telek - Rainbow_Serpent,presets-extra,2,bde927bf,2026-07-07,Remove 130 more presets from all preset sources
Aberration + 38_Telek - Rainbow_Serpent,presets-extra,2,bde927bf,2026-07-07,Remove 130 more presets from all preset sources
Aberration + 39_Telek - Rainbow_Serpent,presets-extra,2,bde927bf,2026-07-07,Remove 130 more presets from all preset sources
Aberration + 40_Telek - Rainbow_Serpent,presets-extra,2,bde927bf,2026-07-07,Remove 130 more presets from all preset sources
Aberration + 41_Telek - Rainbow_Serpent,presets-extra,2,bde927bf,2026-07-07,Remove 130 more presets from all preset sources
Aberration + 42_Telek - Rainbow_Serpent,presets-extra,2,bde927bf,2026-07-07,Remove 130 more presets from all preset sources
Aberration + 43_Telek - Rainbow_Serpent,presets-extra,2,bde927bf,2026-07-07,Remove 130 more presets from all preset sources
Aberration + 44_Telek - Rainbow_Serpent,presets-extra,2,bde927bf,2026-07-07,Remove 130 more presets from all preset sources
Aberration + 45_Telek - Rainbow_Serpent,presets-extra,2,bde927bf,2026-07-07,Remove 130 more presets from all preset sources
Aberration + 46_Telek - Rainbow_Serpent,presets-extra,2,bde927bf,2026-07-07,Remove 130 more presets from all preset sources
Aberration + 47_Telek - Rainbow_Serpent,presets-extra,2,bde927bf,2026-07-07,Remove 130 more presets from all preset sources
Aberration + 48_Telek - Rainbow_Serpent,presets-extra,2,bde927bf,2026-07-07,Remove 130 more presets from all preset sources
Aberration + 49_Telek - Rainbow_Serpent,presets-extra,2,bde927bf,2026-07-07,Remove 130 more presets from all preset sources
Aberration + 50_Telek - Rainbow_Serpent,presets-extra,2,bde927bf,2026-07-07,Remove 130 more presets from all preset sources
Aberration + 51_Telek - Rainbow_Serpent,presets-extra,2,bde927bf,2026-07-07,Remove 130 more presets from all preset sources
Aberration + 52_Telek - Rainbow_Serpent,presets-extra,2,bde927bf,2026-07-07,Remove 130 more presets from all preset sources
Aberration + 53_Telek - Rainbow_Serpent,presets-extra,2,bde927bf,2026-07-07,Remove 130 more presets from all preset sources
Aberration + 54_Telek - Rainbow_Serpent,presets-extra,2,bde927bf,2026-07-07,Remove 130 more presets from all preset sources
Aberration + 55_Telek - Rainbow_Serpent,presets-extra,2,bde927bf,2026-07-07,Remove 130 more presets from all preset sources
Aberration + 56_Telek - Rainbow_Serpent,presets-extra,2,bde927bf,2026-07-07,Remove 130 more presets from all preset sources
Aberration + 57_Telek - Rainbow_Serpent,presets-extra,2,bde927bf,2026-07-07,Remove 130 more presets from all preset sources
Aberration + 58_Telek - Rainbow_Serpent,presets-extra,2,bde927bf,2026-07-07,Remove 130 more presets from all preset sources
Aberration + 59_Telek - Rainbow_Serpent,presets-extra,2,bde927bf,2026-07-07,Remove 130 more presets from all preset sources
Aberration + 60_Telek - Rainbow_Serpent,presets-extra,2,bde927bf,2026-07-07,Remove 130 more presets from all preset sources
Aberration + 61_Telek - Rainbow_Serpent,presets-extra,2,bde927bf,2026-07-07,Remove 130 more presets from all preset sources
Aberration + 62_Telek - Rainbow_Serpent,presets-extra,2,bde927bf,2026-07-07,Remove 130 more presets from all preset sources
Aberration + 63_Telek - Rainbow_Serpent,presets-extra,2,bde927bf,2026-07-07,Remove 130 more presets from all preset sources
Aberration + 64_Telek - Rainbow_Serpent,presets-extra,2,bde927bf,2026-07-07,Remove 130 more presets from all preset sources
Aberration + 65_Telek - Rainbow_Serpent,presets-extra,2,bde927bf,2026-07-07,Remove 130 more presets from all preset sources
Aberration + 66_Telek - Rainbow_Serpent,presets-extra,2,bde927bf,2026-07-07,Remove 130 more presets from all preset sources
Aberration + 67_Telek - Rainbow_Serpent,presets-extra,2,bde927bf,2026-07-07,Remove 130 more presets from all preset sources
Aberration + 68_Lightspeed - Rainbow_Serpent,presets-extra,2,bde927bf,2026-07-07,Remove 130 more presets from all preset sources
Aberration + 69_Lightspeed - Rainbow_Serpent,presets-extra,2,bde927bf,2026-07-07,Remove 130 more presets from all preset sources
Aberration + 70_Telek - Rainbow_Serpent,presets-extra,2,bde927bf,2026-07-07,Remove 130 more presets from all preset sources
Aberration + 71_Telek - Rainbow_Serpent,presets-extra,2,bde927bf,2026-07-07,Remove 130 more presets from all preset sources
Aberration + 72_Rainbow_Serpent,presets-extra,2,bde927bf,2026-07-07,Remove 130 more presets from all preset sources
Aberration + 73_Telek - Rainbow_Serpent,presets-extra,2,bde927bf,2026-07-07,Remove 130 more presets from all preset sources
Aberration + 74_Telek - Rainbow_Serpent,presets-extra,2,bde927bf,2026-07-07,Remove 130 more presets from all preset sources
Aberration + 75_Telek - Rainbow_Serpent,presets-extra,2,bde927bf,2026-07-07,Remove 130 more presets from all preset sources
Aberration + 76_Telek - Rainbow_Serpent,presets-extra,2,bde927bf,2026-07-07,Remove 130 more presets from all preset sources
Aberration + 77_Rainbow_Serpent,presets-extra,2,bde927bf,2026-07-07,Remove 130 more presets from all preset sources
Aberration + 78_Telek - Rainbow_Serpent,presets-extra,2,bde927bf,2026-07-07,Remove 130 more presets from all preset sources
Aberration + 79_Telek - Rainbow_Serpent,presets-extra,2,bde927bf,2026-07-07,Remove 130 more presets from all preset sources
Aberration + 80_Rainbow_Serpent,presets-extra,2,bde927bf,2026-07-07,Remove 130 more presets from all preset sources
Eosphat-fuckoff,presets-extra,25,bde927bf,2026-07-07,Remove 130 more presets from all preset sources
Eosphat-fuckyou,presets-extra,25,bde927bf,2026-07-07,Remove 130 more presets from all preset sources
Eosphat-fuckyouv2,presets-extra,25,bde927bf,2026-07-07,Remove 130 more presets from all preset sources
Eosphat-fuckyouv3,presets-extra,25,bde927bf,2026-07-07,Remove 130 more presets from all preset sources
Eosphat-fuckyouv4,presets-extra,25,bde927bf,2026-07-07,Remove 130 more presets from all preset sources
Phat+fiShbRaiN+Eo.S_Mandala_Chasers_remix - www.eos4life.com,presets-extra,59,bde927bf,2026-07-07,Remove 130 more presets from all preset sources
Phat_Aderrasi - Worms 2003,presets-extra,59,bde927bf,2026-07-07,Remove 130 more presets from all preset sources
Phat_Aderrasi - Worms 2003_2,presets-extra,59,bde927bf,2026-07-07,Remove 130 more presets from all preset sources
Phat_Aderrasi - Worms 2003_3,presets-extra,59,bde927bf,2026-07-07,Remove 130 more presets from all preset sources
Phat_Aderrasi - Worms 2003_4,presets-extra,59,bde927bf,2026-07-07,Remove 130 more presets from all preset sources
Phat_Aderrasi - Worms 2003_5,presets-extra,59,bde927bf,2026-07-07,Remove 130 more presets from all preset sources
Phat_Aderrasi - Worms 2003_6,presets-extra,59,bde927bf,2026-07-07,Remove 130 more presets from all preset sources
Phat_Aderrasi - Worms 2003_7,presets-extra,59,bde927bf,2026-07-07,Remove 130 more presets from all preset sources
Phat_Aderrasi - Worms 2003_8,presets-extra,59,bde927bf,2026-07-07,Remove 130 more presets from all preset sources
Phat_Aderrasi - Worms 2003_9,presets-extra,59,bde927bf,2026-07-07,Remove 130 more presets from all preset sources
Phat_Aderrasi - Worms 2003_9b,presets-extra,59,bde927bf,2026-07-07,Remove 130 more presets from all preset sources
Phat_Aderrasi - Worms 2003_9c,presets-extra,59,bde927bf,2026-07-07,Remove 130 more presets from all preset sources
Phat_Aderrasi - Worms 2003_9c2,presets-extra,59,bde927bf,2026-07-07,Remove 130 more presets from all preset sources
Phat_Aderrasi - Worms 2003_9c3,presets-extra,59,bde927bf,2026-07-07,Remove 130 more presets from all preset sources
Phat_Aderrasi - Worms 2003_9d,presets-extra,59,bde927bf,2026-07-07,Remove 130 more presets from all preset sources
baked - Chinese Fingerbang,presets-extra,91,bde927bf,2026-07-07,Remove 130 more presets from all preset sources
baked - Chinese Fingerbang (cao ni ma =]) - PieturP colors,presets-extra,91,bde927bf,2026-07-07,Remove 130 more presets from all preset sources
baked - Chinese Fingerbang (cao ni ma =]) - PieturP colors - Bitcore speed tweak,presets-extra,91,bde927bf,2026-07-07,Remove 130 more presets from all preset sources
bdrv + al shifter - escape the rovaworm - Eo.S.,presets-extra,95,bde927bf,2026-07-07,Remove 130 more presets from all preset sources
bdrv + al shifter - escape the rovaworm - Eo.S. bdrv2,presets-extra,95,bde927bf,2026-07-07,Remove 130 more presets from all preset sources
bdrv + al shifter - escape the worm - Eo.S. + Phat - whale smile mx,presets-extra,95,bde927bf,2026-07-07,Remove 130 more presets from all preset sources
bdrv + al shifter - escape the worm - Eo.S. + Phat 5362cii,presets-extra,95,bde927bf,2026-07-07,Remove 130 more presets from all preset sources
bdrv + al shifter - escape the worm - Eo.S. + Phat Water_Colors mx,presets-extra,95,bde927bf,2026-07-07,Remove 130 more presets from all preset sources
bdrv + al shifter - escape the worm - Eo.S. + Phat Well_Placed_Frame_Rate_Drop_Mix mx,presets-extra,95,bde927bf,2026-07-07,Remove 130 more presets from all preset sources
bdrv + al shifter - escape the worm - Eo.S. + Phat responsive edit mx,presets-extra,95,bde927bf,2026-07-07,Remove 130 more presets from all preset sources
bdrv + al shifter - escape the worm Telek - Eo.S. + Phat More responsive edit blarg bdrv et.AL8 radar mix,presets-extra,95,bde927bf,2026-07-07,Remove 130 more presets from all preset sources
bdrv + al shifter - escape the worm Telek - Eo.S. + Phat Tangeren_singularitys_mix bdrv et.AL2,presets-extra,95,bde927bf,2026-07-07,Remove 130 more presets from all preset sources
bdrv + al shifter - escape the worm Telek - Eo.S. + Phat Tangeren_singularitys_mix bdrv et.AL2 deep sea mix,presets-extra,95,bde927bf,2026-07-07,Remove 130 more presets from all preset sources
bdrv + al shifter - escape the worm Telek - Eo.S. + Phat Water_Colors bdrv et.AL North Pole mix,presets-extra,95,bde927bf,2026-07-07,Remove 130 more presets from all preset sources
bdrv + al shifter - escape the worm Telek - Eo.S. + Phat Water_Colors bdrv et.AL North Pole mix2,presets-extra,95,bde927bf,2026-07-07,Remove 130 more presets from all preset sources
bdrv + al shifter - escape the worm Telek - Eo.S. + Phat Water_Colors bdrv et.AL angenite mix,presets-extra,95,bde927bf,2026-07-07,Remove 130 more presets from all preset sources
bdrv + al shifter - escape the worm Telek - Eo.S. + Phat Well_Placed_Frame_Rate_Drop_Mix bdrv et.AL  barftal,presets-extra,95,bde927bf,2026-07-07,Remove 130 more presets from all preset sources
bdrv + al shifter - escape the worm Telek - Eo.S. + Phat Well_Placed_Frame_Rate_Drop_Mix bdrv et.AL  barftal2,presets-extra,95,bde927bf,2026-07-07,Remove 130 more presets from all preset sources
bdrv + al shifter - escape the worm Telek - Eo.S. + Phat Well_Placed_Frame_Rate_Drop_Mix bdrv et.AL5,presets-extra,95,bde927bf,2026-07-07,Remove 130 more presets from all preset sources
bdrv + al shifter - escape the worm Telek - Eo.S. + Phat Well_Placed_Frame_Rate_Drop_Mix bdrv et.AL61sss,presets-extra,95,bde927bf,2026-07-07,Remove 130 more presets from all preset sources
bdrv + al shifter - escape the worm Telek - Eo.S. + Phat Well_Placed_Frame_Rate_Drop_Mix bdrv et.AL61sss the space within the colon,presets-extra,95,bde927bf,2026-07-07,Remove 130 more presets from all preset sources
bdrv + al shifter - escape the worm Telek - Eo.S. + Phat Well_Placed_Frame_Rate_Drop_Mix bdrv et.ALiv,presets-extra,95,bde927bf,2026-07-07,Remove 130 more presets from all preset sources
bdrv + al shifter - escape the worm Telek - Eo.S. + Phat responsive edit bdrv et.AL radar mix,presets-extra,95,bde927bf,2026-07-07,Remove 130 more presets from all preset sources
bdrv + al shifter - escape the worm Telek - Eo.S. + Phat responsive edit bdrv et.AL radar mix 2,presets-extra,95,bde927bf,2026-07-07,Remove 130 more presets from all preset sources
bdrv + al shifter - escape the worm Telek - Eo.S. + Phat responsive edit bdrv et.AL2,presets-extra,95,bde927bf,2026-07-07,Remove 130 more presets from all preset sources
bdrv + al shifter - escape the worm Telek bdrv et.AL2,presets-extra,95,bde927bf,2026-07-07,Remove 130 more presets from all preset sources
bdrv + al shifter - escape the worm Telek bdrv et.AL2a,presets-extra,95,bde927bf,2026-07-07,Remove 130 more presets from all preset sources
flying hamster - flower borders (version 8) flacc+retard,presets-extra,106,bde927bf,2026-07-07,Remove 130 more presets from all preset sources
hexcollie - Eye of the Jew,presets-extra,107,bde927bf,2026-07-07,Remove 130 more presets from all preset sources
idiot24-7 - I'm only 14 what do you expect... A great name....,presets-extra,109,bde927bf,2026-07-07,Remove 130 more presets from all preset sources
baked - Chinese Fingerbang (cao ni ma =]) - PieturP colors - Bitcore speed tweak,butterchurnPresetsMD1,,bde927bf,2026-07-07,Remove 130 more presets from all preset sources
3Dragons&idiot24-7-ibro(shapefun3mix),presets-extra,0,b6476ac5,2026-07-08,Curate and remove 24 presets from visualizer packs and documentation
Bmelgren - Jump N Shout,presets-extra,11,b6476ac5,2026-07-08,Curate and remove 24 presets from visualizer packs and documentation
EMPR - Random - Pl@sma Vision,presets-extra,16,b6476ac5,2026-07-08,Curate and remove 24 presets from visualizer packs and documentation
Eo.S. - frequency analysis,presets-extra,19,b6476ac5,2026-07-08,Curate and remove 24 presets from visualizer packs and documentation
Esotic vs Rozzor - The Taming of the Color Plotz,presets-extra,25,b6476ac5,2026-07-08,Curate and remove 24 presets from visualizer packs and documentation
Esotic&krash-ravenmyst,presets-extra,26,b6476ac5,2026-07-08,Curate and remove 24 presets from visualizer packs and documentation
FX FROM  AdamFX 2 Eo.S. + Phat + lodus and giesis- elesctri skull,presets-extra,27,b6476ac5,2026-07-08,Curate and remove 24 presets from visualizer packs and documentation
Idiot&rovastar-rainpaintin(caveremix),presets-extra,40,b6476ac5,2026-07-08,Curate and remove 24 presets from visualizer packs and documentation
Idiot24-7-hippies,presets-extra,45,b6476ac5,2026-07-08,Curate and remove 24 presets from visualizer packs and documentation
Krash-corkscrew,presets-extra,53,b6476ac5,2026-07-08,Curate and remove 24 presets from visualizer packs and documentation
Rocke - Alice's Ego Trip,presets-extra,67,b6476ac5,2026-07-08,Curate and remove 24 presets from visualizer packs and documentation
Rovastar&Dbleja-ElectricPlasmaD,presets-extra,74,b6476ac5,2026-07-08,Curate and remove 24 presets from visualizer packs and documentation
Rovastar-tripmaker(spacetripmix),presets-extra,79,b6476ac5,2026-07-08,Curate and remove 24 presets from visualizer packs and documentation
Rovastar_ Phat_Eo.S. & Fvese -The Great Eye (Remix)3,presets-extra,80,b6476ac5,2026-07-08,Curate and remove 24 presets from visualizer packs and documentation
bdrv + al Eo.S.+Phat - intergalactic crusade of Civillage++ 7d,presets-extra,93,b6476ac5,2026-07-08,Curate and remove 24 presets from visualizer packs and documentation
bdrv et.AL Eo.s.+phat - Arm_textured_tan rmx,presets-extra,96,b6476ac5,2026-07-08,Curate and remove 24 presets from visualizer packs and documentation
beta106i - Eruption (Hertzanfall - Kraft der Neun Herzen),presets-extra,100,b6476ac5,2026-07-08,Curate and remove 24 presets from visualizer packs and documentation
beta106i - Grainbow,presets-extra,100,b6476ac5,2026-07-08,Curate and remove 24 presets from visualizer packs and documentation
idiot24-7 - Rainbow blade (idiots accidental coolness 3),presets-extra,109,b6476ac5,2026-07-08,Curate and remove 24 presets from visualizer packs and documentation
illusion + rovastar - snowflake,presets-extra,110,b6476ac5,2026-07-08,Curate and remove 24 presets from visualizer packs and documentation
phat_Phenethylamine4,presets-extra,112,b6476ac5,2026-07-08,Curate and remove 24 presets from visualizer packs and documentation
reducto absurdum,presets-extra,114,b6476ac5,2026-07-08,Curate and remove 24 presets from visualizer packs and documentation
shifter - open the light,presets-extra,116,b6476ac5,2026-07-08,Curate and remove 24 presets from visualizer packs and documentation
$$$ Royal - Mashup (253),butterchurnPresetsExtra2,,b6476ac5,2026-07-08,Curate and remove 24 presets from visualizer packs and documentation
"3dRaGoNs, Pinbi7 & Stuttler - Tracked Down",presets-extra,1,8c2b4ee0,2026-07-08,Curate and remove 52 additional presets (Batch 2) and update metrics
Aderrasi - Leaving,presets-extra,4,8c2b4ee0,2026-07-08,Curate and remove 52 additional presets (Batch 2) and update metrics
Aderrasi - Sounds White,presets-extra,4,8c2b4ee0,2026-07-08,Curate and remove 52 additional presets (Batch 2) and update metrics
Aderrasi - Wandering Formula,presets-extra,5,8c2b4ee0,2026-07-08,Curate and remove 52 additional presets (Batch 2) and update metrics
Aderrasi-ashesofclouds,presets-extra,5,8c2b4ee0,2026-07-08,Curate and remove 52 additional presets (Batch 2) and update metrics
Bdrv Aderrasi - Accelerator (Reactor Chamber) BDRV et  AL  rmx2,presets-extra,9,8c2b4ee0,2026-07-08,Curate and remove 52 additional presets (Batch 2) and update metrics
Eo.S.+Phat - Monks escape,presets-extra,22,8c2b4ee0,2026-07-08,Curate and remove 52 additional presets (Batch 2) and update metrics
Eo.S.+Phat - Monks escape_v2,presets-extra,22,8c2b4ee0,2026-07-08,Curate and remove 52 additional presets (Batch 2) and update metrics
Eo.S.+Phat -Eater_smear_tackticks_v2,presets-extra,23,8c2b4ee0,2026-07-08,Curate and remove 52 additional presets (Batch 2) and update metrics
Eo.S._Phat Whale_flower_v2,presets-extra,24,8c2b4ee0,2026-07-08,Curate and remove 52 additional presets (Batch 2) and update metrics
Esotic and Krash - Purple Camo Box,presets-extra,25,8c2b4ee0,2026-07-08,Curate and remove 52 additional presets (Batch 2) and update metrics
EvilJim - Tube Of Light,presets-extra,26,8c2b4ee0,2026-07-08,Curate and remove 52 additional presets (Batch 2) and update metrics
From Adam FX 2 phat + Eo.S. - Bass_responce_Red_Movements_Disorienting nebula2 + Pieturp 10 + Pithlit 7,presets-extra,28,8c2b4ee0,2026-07-08,Curate and remove 52 additional presets (Batch 2) and update metrics
Fvese - Zoom Effects With A Twist 3,presets-extra,29,8c2b4ee0,2026-07-08,Curate and remove 52 additional presets (Batch 2) and update metrics
Fvese - mvtalkinghead,presets-extra,29,8c2b4ee0,2026-07-08,Curate and remove 52 additional presets (Batch 2) and update metrics
Fvese-ablur,presets-extra,30,8c2b4ee0,2026-07-08,Curate and remove 52 additional presets (Batch 2) and update metrics
Fvese-mystic,presets-extra,30,8c2b4ee0,2026-07-08,Curate and remove 52 additional presets (Batch 2) and update metrics
Hexcollie n Rovastar - Fractopiatardation,presets-extra,38,8c2b4ee0,2026-07-08,Curate and remove 52 additional presets (Batch 2) and update metrics
Idiot24-7 - Hyper Travel (Solarized Mix),presets-extra,42,8c2b4ee0,2026-07-08,Curate and remove 52 additional presets (Batch 2) and update metrics
Idiot24-7&Krash-IndecisiveMosaic(Lase,presets-extra,43,8c2b4ee0,2026-07-08,Curate and remove 52 additional presets (Batch 2) and update metrics
Illusion & Rovastar - Dual Tube,presets-extra,47,8c2b4ee0,2026-07-08,Curate and remove 52 additional presets (Batch 2) and update metrics
Illusion & Rovastar - Mind Over Machine,presets-extra,47,8c2b4ee0,2026-07-08,Curate and remove 52 additional presets (Batch 2) and update metrics
Illusion & Unchained - Jagged Xeon,presets-extra,47,8c2b4ee0,2026-07-08,Curate and remove 52 additional presets (Batch 2) and update metrics
Krash + shifter - Witchcraft (illumination mix),presets-extra,51,8c2b4ee0,2026-07-08,Curate and remove 52 additional presets (Batch 2) and update metrics
ORB - Pastel River,presets-extra,57,8c2b4ee0,2026-07-08,Curate and remove 52 additional presets (Batch 2) and update metrics
Phat_baked - River of Illusion_remix_v2,presets-extra,61,8c2b4ee0,2026-07-08,Curate and remove 52 additional presets (Batch 2) and update metrics
PieturP - borderline2_starfield2,presets-extra,62,8c2b4ee0,2026-07-08,Curate and remove 52 additional presets (Batch 2) and update metrics
Pinbi7 & Rovastar - De-Orbit (Remix),presets-extra,63,8c2b4ee0,2026-07-08,Curate and remove 52 additional presets (Batch 2) and update metrics
Pinbi7 & zylot - square head,presets-extra,63,8c2b4ee0,2026-07-08,Curate and remove 52 additional presets (Batch 2) and update metrics
Pixie + Telek - Fluro Candle,presets-extra,64,8c2b4ee0,2026-07-08,Curate and remove 52 additional presets (Batch 2) and update metrics
Rocke - Cold Love 2,presets-extra,67,8c2b4ee0,2026-07-08,Curate and remove 52 additional presets (Batch 2) and update metrics
Roosta  - Star crazy,presets-extra,67,8c2b4ee0,2026-07-08,Curate and remove 52 additional presets (Batch 2) and update metrics
Rovastar - Fractopia (Unhappy Childhood Mix),presets-extra,71,8c2b4ee0,2026-07-08,Curate and remove 52 additional presets (Batch 2) and update metrics
Rovastar - Hyperspace,presets-extra,71,8c2b4ee0,2026-07-08,Curate and remove 52 additional presets (Batch 2) and update metrics
Rovastar-interplanetarytravel,presets-extra,79,8c2b4ee0,2026-07-08,Curate and remove 52 additional presets (Batch 2) and update metrics
Rozzor vs Esotic - Pixie Party Light (With Liquid Refreshment) Bonus Round,presets-extra,81,8c2b4ee0,2026-07-08,Curate and remove 52 additional presets (Batch 2) and update metrics
Stahlregen & Aderrasi + XXL + Zylot - Swallow! (Raw)_1,presets-extra,84,8c2b4ee0,2026-07-08,Curate and remove 52 additional presets (Batch 2) and update metrics
Stahlregen - Simple Spectrum (together),presets-extra,84,8c2b4ee0,2026-07-08,Curate and remove 52 additional presets (Batch 2) and update metrics
Studiomusic&unchained-somuchlove(caug,presets-extra,86,8c2b4ee0,2026-07-08,Curate and remove 52 additional presets (Batch 2) and update metrics
alternative way,presets-extra,87,8c2b4ee0,2026-07-08,Curate and remove 52 additional presets (Batch 2) and update metrics
amandio c - embrace 01,presets-extra,88,8c2b4ee0,2026-07-08,Curate and remove 52 additional presets (Batch 2) and update metrics
amandio c - the green machine 2i (systematized),presets-extra,91,8c2b4ee0,2026-07-08,Curate and remove 52 additional presets (Batch 2) and update metrics
bdrv + al Baked - Trapped Encounter rmx,presets-extra,92,8c2b4ee0,2026-07-08,Curate and remove 52 additional presets (Batch 2) and update metrics
bdrv + al bw phat eos -  reverb61,presets-extra,95,8c2b4ee0,2026-07-08,Curate and remove 52 additional presets (Batch 2) and update metrics
bdrv Valhala - The all seeing boat,presets-extra,96,8c2b4ee0,2026-07-08,Curate and remove 52 additional presets (Batch 2) and update metrics
beta106ain- boiling-mix2(redi jedi full carb mix),presets-extra,98,8c2b4ee0,2026-07-08,Curate and remove 52 additional presets (Batch 2) and update metrics
beta106i - Contortion (Xenomorph),presets-extra,99,8c2b4ee0,2026-07-08,Curate and remove 52 additional presets (Batch 2) and update metrics
beta106i - Thicket Space (Thicker Thicket),presets-extra,102,8c2b4ee0,2026-07-08,Curate and remove 52 additional presets (Batch 2) and update metrics
che - handkerchief sampler (Las Vegas),presets-extra,104,8c2b4ee0,2026-07-08,Curate and remove 52 additional presets (Batch 2) and update metrics
"goody, hexcollie - #2",presets-extra,106,8c2b4ee0,2026-07-08,Curate and remove 52 additional presets (Batch 2) and update metrics
heavenly 2,presets-extra,106,8c2b4ee0,2026-07-08,Curate and remove 52 additional presets (Batch 2) and update metrics
nil - Omnipotence,presets-extra,111,8c2b4ee0,2026-07-08,Curate and remove 52 additional presets (Batch 2) and update metrics
Aderrasi-fabricatedcrystal,presets-extra,6,a6f24b37,2026-07-09,Curate and remove 28 additional presets (Batch 3) and update metrics
Blank - Zylot Counter System,presets-extra,11,a6f24b37,2026-07-09,Curate and remove 28 additional presets (Batch 3) and update metrics
EMPR - Random - Space Time Theory,presets-extra,16,a6f24b37,2026-07-09,Curate and remove 28 additional presets (Batch 3) and update metrics
Eo.S.+Phat -I'm Going to stop playing with this_v3,presets-extra,23,a6f24b37,2026-07-09,Curate and remove 28 additional presets (Batch 3) and update metrics
Fvese - strangehead,presets-extra,30,a6f24b37,2026-07-09,Curate and remove 28 additional presets (Batch 3) and update metrics
Hampton GER - Painting Wonder No. 3,presets-extra,36,a6f24b37,2026-07-09,Curate and remove 28 additional presets (Batch 3) and update metrics
Idiot - Typomatic (Remix 2),presets-extra,40,a6f24b37,2026-07-09,Curate and remove 28 additional presets (Batch 3) and update metrics
Johnscoville-torsion,presets-extra,50,a6f24b37,2026-07-09,Curate and remove 28 additional presets (Batch 3) and update metrics
KnobBros - Vizier,presets-extra,50,a6f24b37,2026-07-09,Curate and remove 28 additional presets (Batch 3) and update metrics
Mstress - Flyin' In fireworks 3.24,presets-extra,55,a6f24b37,2026-07-09,Curate and remove 28 additional presets (Batch 3) and update metrics
Mstress-acousticnerveimp(hypnoticmix),presets-extra,55,a6f24b37,2026-07-09,Curate and remove 28 additional presets (Batch 3) and update metrics
Neuro - Tunnel Electro 2,presets-extra,56,a6f24b37,2026-07-09,Curate and remove 28 additional presets (Batch 3) and update metrics
PieturP - influenca2b,presets-extra,62,a6f24b37,2026-07-09,Curate and remove 28 additional presets (Batch 3) and update metrics
Pinbi7&Fvese-DefinitelyNotForT,presets-extra,63,a6f24b37,2026-07-09,Curate and remove 28 additional presets (Batch 3) and update metrics
Rovastar - Forgotten Moon,presets-extra,71,a6f24b37,2026-07-09,Curate and remove 28 additional presets (Batch 3) and update metrics
Rovastar and idiot24-7 - Abstract Psychaos (dot wave),presets-extra,74,a6f24b37,2026-07-09,Curate and remove 28 additional presets (Batch 3) and update metrics
Rovastar-astralprojection,presets-extra,78,a6f24b37,2026-07-09,Curate and remove 28 additional presets (Batch 3) and update metrics
Rovastar-kronostwistedspawn,presets-extra,79,a6f24b37,2026-07-09,Curate and remove 28 additional presets (Batch 3) and update metrics
Rozzor - Sucking Vortex of Need,presets-extra,81,a6f24b37,2026-07-09,Curate and remove 28 additional presets (Batch 3) and update metrics
amandio c - embrace 09,presets-extra,88,a6f24b37,2026-07-09,Curate and remove 28 additional presets (Batch 3) and update metrics
bdrv + al Eo.S.+Phat - intergalactic crusade of Civillagezez4c,presets-extra,93,a6f24b37,2026-07-09,Curate and remove 28 additional presets (Batch 3) and update metrics
bdrv + al fiShbRaiN + Eo.S._Phat - The Machine flexi mix,presets-extra,95,a6f24b37,2026-07-09,Curate and remove 28 additional presets (Batch 3) and update metrics
beta106i - Fit of Rage,presets-extra,100,a6f24b37,2026-07-09,Curate and remove 28 additional presets (Batch 3) and update metrics
beta106i - Planck Drift (Nauseatik),presets-extra,102,a6f24b37,2026-07-09,Curate and remove 28 additional presets (Batch 3) and update metrics
fiShbRaiN and Zylot - The Machine Mind_phat_edit,presets-extra,106,a6f24b37,2026-07-09,Curate and remove 28 additional presets (Batch 3) and update metrics
idiot24-7 - Obscura Abstractica,presets-extra,109,a6f24b37,2026-07-09,Curate and remove 28 additional presets (Batch 3) and update metrics
neuro - fast comet 2,presets-extra,111,a6f24b37,2026-07-09,Curate and remove 28 additional presets (Batch 3) and update metrics
shifter - interference field v3_Phat_Lines_Edit,presets-extra,115,a6f24b37,2026-07-09,Curate and remove 28 additional presets (Batch 3) and update metrics
Bdrv Eo.S._Phat_Let_go_Wana_Sezure bdrv et.AL,presets-extra,10,18166d7a,2026-07-11,Curate and remove 32 more presets (seizure/sezure batch)
Eo.S. + Phat - recursion frustum 02_Ananda_Flash_Remix zion D seizure,presets-extra,18,18166d7a,2026-07-11,Curate and remove 32 more presets (seizure/sezure batch)
Eo.S. + Phat - recursion frustum 02_Ananda_Flash_Remix zion E seizure 2,presets-extra,18,18166d7a,2026-07-11,Curate and remove 32 more presets (seizure/sezure batch)
Eo.S. + Phat - recursion frustum 02_Ananda_Flash_Remix zion F seizure 3,presets-extra,18,18166d7a,2026-07-11,Curate and remove 32 more presets (seizure/sezure batch)
Eo.S. + Phat - recursion frustum 02_Ananda_Flash_Remix zion G seizure 3,presets-extra,18,18166d7a,2026-07-11,Curate and remove 32 more presets (seizure/sezure batch)
Eo.S. + Phat - recursion frustum 02_Ananda_Flash_Remix zion G seizure 4 wideangle,presets-extra,18,18166d7a,2026-07-11,Curate and remove 32 more presets (seizure/sezure batch)
Eo.S. + Phat - recursion frustum 02_Ananda_Flash_Remix zion G seizure 4 wideangle_Calm,presets-extra,18,18166d7a,2026-07-11,Curate and remove 32 more presets (seizure/sezure batch)
Eo.S. + Phat - recursion frustum 02_Ananda_Flash_Remix zion G seizure 5 fractal,presets-extra,18,18166d7a,2026-07-11,Curate and remove 32 more presets (seizure/sezure batch)
Eo.S. + Phat - recursion frustum 02_Ananda_Flash_Remix zion G seizure 5 fractal b,presets-extra,18,18166d7a,2026-07-11,Curate and remove 32 more presets (seizure/sezure batch)
Eo.S. + Phat - recursion frustum 02_Ananda_Flash_Remix zion G seizure 5 fractal c,presets-extra,18,18166d7a,2026-07-11,Curate and remove 32 more presets (seizure/sezure batch)
Eo.S. + Phat - recursion frustum 02_Ananda_Flash_Remix zion G seizure 5 fractal d,presets-extra,18,18166d7a,2026-07-11,Curate and remove 32 more presets (seizure/sezure batch)
Eo.S. + Phat - recursion frustum 02_Ananda_Flash_Remix zion G seizure 5 fractal e,presets-extra,18,18166d7a,2026-07-11,Curate and remove 32 more presets (seizure/sezure batch)
Eo.S. + Phat - recursion frustum 02_Ananda_Flash_Remix zion G seizure 5 fractal f,presets-extra,18,18166d7a,2026-07-11,Curate and remove 32 more presets (seizure/sezure batch)
Eo.S. + Redi Jedi _Phat_Mexican_Insanity_Pepper_Crazy_mix(1.04) Eo.S. edit colors2,presets-extra,18,18166d7a,2026-07-11,Curate and remove 32 more presets (seizure/sezure batch)
Eo.S.+Phat detached starpoint seizure mix,presets-extra,23,18166d7a,2026-07-11,Curate and remove 32 more presets (seizure/sezure batch)
Eo.S._Phat_Let_go_Wana_Sezure,presets-extra,24,18166d7a,2026-07-11,Curate and remove 32 more presets (seizure/sezure batch)
Eo.S._Phat_Let_go_Wana_Sezure_v2,presets-extra,24,18166d7a,2026-07-11,Curate and remove 32 more presets (seizure/sezure batch)
Hampton GER - Randomnity (Adjustable Mix),presets-extra,36,18166d7a,2026-07-11,Curate and remove 32 more presets (seizure/sezure batch)
Optiks - Nerve,presets-extra,58,18166d7a,2026-07-11,Curate and remove 32 more presets (seizure/sezure batch)
Rovastar - Omnipresence Resurrection - Eo.S.+Phat detached starpoint seizure mix,presets-extra,72,18166d7a,2026-07-11,Curate and remove 32 more presets (seizure/sezure batch)
Shifter-openthelight,presets-extra,84,18166d7a,2026-07-11,Curate and remove 32 more presets (seizure/sezure batch)
bdrv + al Eo.S. + Phat - recursion frustum 02_Ananda_Flash_Remix zion G seizure 3mx,presets-extra,92,18166d7a,2026-07-11,Curate and remove 32 more presets (seizure/sezure batch)
bdrv + al Eo.S._Phat_Let_go_Wana_Sezure bdrv et.AL2!1,presets-extra,94,18166d7a,2026-07-11,Curate and remove 32 more presets (seizure/sezure batch)
beta106.S. + Phat - recursion frustum 02_Ananda_Flash_Remix zion D seizure,presets-extra,97,18166d7a,2026-07-11,Curate and remove 32 more presets (seizure/sezure batch)
beta106.S. + Phat - recursion frustum 02_Ananda_Flash_Remix zion E seizure 2,presets-extra,97,18166d7a,2026-07-11,Curate and remove 32 more presets (seizure/sezure batch)
beta106.S. + Phat - recursion frustum 02_Ananda_Flash_Remix zion F seizure 3,presets-extra,97,18166d7a,2026-07-11,Curate and remove 32 more presets (seizure/sezure batch)
beta106.S. + Phat - recursion frustum 02_Ananda_Flash_Remix zion G seizure 3,presets-extra,97,18166d7a,2026-07-11,Curate and remove 32 more presets (seizure/sezure batch)
phat + Eo.S. - Bass_responce_Red_Movements_Disorienting nebula3_fire_works_uninverted seizure,presets-extra,112,18166d7a,2026-07-11,Curate and remove 32 more presets (seizure/sezure batch)
phat + Eo.S. - Bass_responce_Red_Movements_Disorienting nebula3_fire_works_uninverted seizure85,presets-extra,112,18166d7a,2026-07-11,Curate and remove 32 more presets (seizure/sezure batch)
phat + Eo.S. - Bass_responce_Red_Movements_Disorienting nebula3_fire_works_uninverted seizure85b,presets-extra,112,18166d7a,2026-07-11,Curate and remove 32 more presets (seizure/sezure batch)
phat + Eo.S. - Bass_responce_Red_Movements_Disorienting nebula3_fire_works_uninverted seizure85b_phat_edit,presets-extra,112,18166d7a,2026-07-11,Curate and remove 32 more presets (seizure/sezure batch)
phat + Eo.S. - Bass_responce_Red_Movements_Disorienting nebula3_fire_works_uninverted seizure85b_phat_edit_Made_for_rolling,presets-extra,112,18166d7a,2026-07-11,Curate and remove 32 more presets (seizure/sezure batch)
3D - serpentine,presets-extra,0,4837ad7a,2026-07-11,"Curate and remove 186 more presets, add reusable curation tooling"
Aderrasi-makingtime(swampmix),presets-extra,7,4837ad7a,2026-07-11,"Curate and remove 186 more presets, add reusable curation tooling"
BDRV Phat_Zylot_Eo.S. rainbow bubble_mid3-starpoints_spirals BDRV et  AL  rmxmix,presets-extra,9,4837ad7a,2026-07-11,"Curate and remove 186 more presets, add reusable curation tooling"
BDRV Phat_Zylot_Eo.S. rainbow bubble_mid3-starpoints_spirals BDRV et  AL  rmxmix2,presets-extra,9,4837ad7a,2026-07-11,"Curate and remove 186 more presets, add reusable curation tooling"
Bdrv Phat_Zylot_Eo.S. rainbow bubble_mid3-starpoints_shape_edit bdrv et.AL,presets-extra,10,4837ad7a,2026-07-11,"Curate and remove 186 more presets, add reusable curation tooling"
Bdrv Phat_Zylot_Eo.S. rainbow bubble_mid3-starpoints_shape_edit bdrv et.AL2,presets-extra,10,4837ad7a,2026-07-11,"Curate and remove 186 more presets, add reusable curation tooling"
Bdrv Phat_Zylot_Eo.S. rainbow bubble_mid3-starpoints_spirals BDRV et  AL  rmxmix22,presets-extra,10,4837ad7a,2026-07-11,"Curate and remove 186 more presets, add reusable curation tooling"
Bdrv Phat_Zylot_Eo.S. rainbow bubble_mid3-starpoints_spirals xxxx,presets-extra,10,4837ad7a,2026-07-11,"Curate and remove 186 more presets, add reusable curation tooling"
Bdrv shifter - escape the worm Telek - Eo.S. + Phat - Before_It_Eats_Your_Brain_Mix_v2 bdrv et.AL,presets-extra,10,4837ad7a,2026-07-11,"Curate and remove 186 more presets, add reusable curation tooling"
Bdrv shifter - escape the worm Telek - Eo.S. + Phat - whale smile bdrv et.AL,presets-extra,10,4837ad7a,2026-07-11,"Curate and remove 186 more presets, add reusable curation tooling"
Bdrv shifter - escape the worm Telek - Eo.S. + Phat More responsive edit bdrv et.AL7,presets-extra,10,4837ad7a,2026-07-11,"Curate and remove 186 more presets, add reusable curation tooling"
Bdrv shifter - escape the worm Telek - Eo.S. + Phat More responsive edit blarg bdrv et.AL8,presets-extra,10,4837ad7a,2026-07-11,"Curate and remove 186 more presets, add reusable curation tooling"
Bdrv shifter - escape the worm Telek - Eo.S. + Phat More responsive edit blarg bdrv et.AL8 radar mix,presets-extra,10,4837ad7a,2026-07-11,"Curate and remove 186 more presets, add reusable curation tooling"
Bdrv shifter - escape the worm Telek - Eo.S. + Phat Tangeren_singularitys_mix bdrv et.AL,presets-extra,10,4837ad7a,2026-07-11,"Curate and remove 186 more presets, add reusable curation tooling"
Bdrv shifter - escape the worm Telek - Eo.S. + Phat Tangeren_singularitys_mix bdrv et.AL2,presets-extra,10,4837ad7a,2026-07-11,"Curate and remove 186 more presets, add reusable curation tooling"
Bdrv shifter - escape the worm Telek - Eo.S. + Phat Tangeren_singularitys_mix bdrv et.AL2 deep sea mix,presets-extra,10,4837ad7a,2026-07-11,"Curate and remove 186 more presets, add reusable curation tooling"
Bdrv shifter - escape the worm Telek - Eo.S. + Phat Water_Colors bdrv et.AL,presets-extra,10,4837ad7a,2026-07-11,"Curate and remove 186 more presets, add reusable curation tooling"
Bdrv shifter - escape the worm Telek - Eo.S. + Phat Water_Colors bdrv et.AL North Pole mix,presets-extra,10,4837ad7a,2026-07-11,"Curate and remove 186 more presets, add reusable curation tooling"
Bdrv shifter - escape the worm Telek - Eo.S. + Phat Well_Placed_Frame_Rate_Drop_Mix bdrv et.AL  barftal,presets-extra,10,4837ad7a,2026-07-11,"Curate and remove 186 more presets, add reusable curation tooling"
Bdrv shifter - escape the worm Telek - Eo.S. + Phat Well_Placed_Frame_Rate_Drop_Mix bdrv et.AL  barftal2,presets-extra,10,4837ad7a,2026-07-11,"Curate and remove 186 more presets, add reusable curation tooling"
Bdrv shifter - escape the worm Telek - Eo.S. + Phat Well_Placed_Frame_Rate_Drop_Mix bdrv et.AL 5,presets-extra,10,4837ad7a,2026-07-11,"Curate and remove 186 more presets, add reusable curation tooling"
Bdrv shifter - escape the worm Telek - Eo.S. + Phat Well_Placed_Frame_Rate_Drop_Mix bdrv et.AL3,presets-extra,10,4837ad7a,2026-07-11,"Curate and remove 186 more presets, add reusable curation tooling"
Bdrv shifter - escape the worm Telek - Eo.S. + Phat Well_Placed_Frame_Rate_Drop_Mix bdrv et.AL4,presets-extra,10,4837ad7a,2026-07-11,"Curate and remove 186 more presets, add reusable curation tooling"
Bdrv shifter - escape the worm Telek - Eo.S. + Phat Well_Placed_Frame_Rate_Drop_Mix bdrv et.AL6,presets-extra,10,4837ad7a,2026-07-11,"Curate and remove 186 more presets, add reusable curation tooling"
Bdrv shifter - escape the worm Telek - Eo.S. + Phat responsive edit bdrv et.AL,presets-extra,10,4837ad7a,2026-07-11,"Curate and remove 186 more presets, add reusable curation tooling"
Bdrv shifter - escape the worm Telek - Eo.S. + Phat responsive edit bdrv et.AL radar mix,presets-extra,10,4837ad7a,2026-07-11,"Curate and remove 186 more presets, add reusable curation tooling"
Bdrv shifter - escape the worm Telek bdrv et.AL2 af,presets-extra,10,4837ad7a,2026-07-11,"Curate and remove 186 more presets, add reusable curation tooling"
Bdrv shifter - escape the worm Telek bdrv et.ALz,presets-extra,10,4837ad7a,2026-07-11,"Curate and remove 186 more presets, add reusable curation tooling"
Che & Pinbi7 - Definitly Not For The Epileptic (Inner Perspective Of Life Mix),presets-extra,14,4837ad7a,2026-07-11,"Curate and remove 186 more presets, add reusable curation tooling"
Che&pinbi7-definitlynotfortheepilepti,presets-extra,14,4837ad7a,2026-07-11,"Curate and remove 186 more presets, add reusable curation tooling"
Eo.S. + Phat - recursion frustum 02_Ananda_Flash_Remix,presets-extra,17,4837ad7a,2026-07-11,"Curate and remove 186 more presets, add reusable curation tooling"
Eo.S. + Phat - recursion frustum 02_Ananda_Flash_Remix zion,presets-extra,17,4837ad7a,2026-07-11,"Curate and remove 186 more presets, add reusable curation tooling"
Eo.S. + Phat - recursion frustum 02_Ananda_Flash_Remix zion 2,presets-extra,17,4837ad7a,2026-07-11,"Curate and remove 186 more presets, add reusable curation tooling"
Eo.S. + Phat - recursion frustum 02_Ananda_Flash_Remix zion 2 dark,presets-extra,17,4837ad7a,2026-07-11,"Curate and remove 186 more presets, add reusable curation tooling"
Eo.S. + Phat - recursion frustum 02_Ananda_Flash_Remix zion 2 dark and blue,presets-extra,17,4837ad7a,2026-07-11,"Curate and remove 186 more presets, add reusable curation tooling"
Eo.S. + Phat - recursion frustum 02_Ananda_Flash_Remix zion 3 refine,presets-extra,17,4837ad7a,2026-07-11,"Curate and remove 186 more presets, add reusable curation tooling"
Eo.S. + Phat - recursion frustum 02_Ananda_Flash_Remix zion 4 squarepusher,presets-extra,17,4837ad7a,2026-07-11,"Curate and remove 186 more presets, add reusable curation tooling"
Eo.S. + Phat - recursion frustum 02_Ananda_Flash_Remix zion 4 squarepusher_Stars,presets-extra,17,4837ad7a,2026-07-11,"Curate and remove 186 more presets, add reusable curation tooling"
Eo.S. + Phat - recursion frustum 02_Ananda_Flash_Remix zion 4 squarepusher_Stars_v2,presets-extra,17,4837ad7a,2026-07-11,"Curate and remove 186 more presets, add reusable curation tooling"
Eo.S. + Phat - recursion frustum 02_Ananda_Flash_Remix zion 4 squarepusher_Stars_v3,presets-extra,17,4837ad7a,2026-07-11,"Curate and remove 186 more presets, add reusable curation tooling"
Eo.S. + Phat - recursion frustum 02_Ananda_Flash_Remix zion 5 squarepusher swap,presets-extra,17,4837ad7a,2026-07-11,"Curate and remove 186 more presets, add reusable curation tooling"
Eo.S. + Phat - recursion frustum 02_Ananda_Flash_Remix zion 6 orange,presets-extra,17,4837ad7a,2026-07-11,"Curate and remove 186 more presets, add reusable curation tooling"
Eo.S. + Phat - recursion frustum 02_Ananda_Flash_Remix zion 6 orange hold,presets-extra,17,4837ad7a,2026-07-11,"Curate and remove 186 more presets, add reusable curation tooling"
Eo.S. + Phat - recursion frustum 02_Ananda_Flash_Remix zion 6 orange hold B,presets-extra,17,4837ad7a,2026-07-11,"Curate and remove 186 more presets, add reusable curation tooling"
Eo.S. + Phat - recursion frustum 02_Ananda_Flash_Remix zion 7 intelligent,presets-extra,17,4837ad7a,2026-07-11,"Curate and remove 186 more presets, add reusable curation tooling"
Eo.S. + Phat - recursion frustum 02_Ananda_Flash_Remix zion 7 intelligent b,presets-extra,17,4837ad7a,2026-07-11,"Curate and remove 186 more presets, add reusable curation tooling"
Eo.S. + Phat - recursion frustum 02_Ananda_Flash_Remix zion B,presets-extra,18,4837ad7a,2026-07-11,"Curate and remove 186 more presets, add reusable curation tooling"
Eo.S. + Phat - recursion frustum 02_Ananda_Flash_Remix zion C,presets-extra,18,4837ad7a,2026-07-11,"Curate and remove 186 more presets, add reusable curation tooling"
Fvese - eyepain,presets-extra,29,4837ad7a,2026-07-11,"Curate and remove 186 more presets, add reusable curation tooling"
Fvese-eyepain,presets-extra,30,4837ad7a,2026-07-11,"Curate and remove 186 more presets, add reusable curation tooling"
Geiss - 3D - Serpentine,presets-extra,32,4837ad7a,2026-07-11,"Curate and remove 186 more presets, add reusable curation tooling"
Geiss - Serpent,presets-extra,33,4837ad7a,2026-07-11,"Curate and remove 186 more presets, add reusable curation tooling"
Geiss - Serpent (1.02 Version),presets-extra,33,4837ad7a,2026-07-11,"Curate and remove 186 more presets, add reusable curation tooling"
Geiss-3d-serpentine,presets-extra,34,4837ad7a,2026-07-11,"Curate and remove 186 more presets, add reusable curation tooling"
Geiss-Serpent(1.02Version),presets-extra,34,4837ad7a,2026-07-11,"Curate and remove 186 more presets, add reusable curation tooling"
Geiss-serpent,presets-extra,35,4837ad7a,2026-07-11,"Curate and remove 186 more presets, add reusable curation tooling"
Geiss-serpent(102version),presets-extra,35,4837ad7a,2026-07-11,"Curate and remove 186 more presets, add reusable curation tooling"
"Hexcollie, Krash, bdrv, eo.s n aderassi - Epileptic Fractal rebirth",presets-extra,38,4837ad7a,2026-07-11,"Curate and remove 186 more presets, add reusable curation tooling"
Idiot24-7 - Flicker,presets-extra,42,4837ad7a,2026-07-11,"Curate and remove 186 more presets, add reusable curation tooling"
Idiot24-7 - Strobe (Crazy Lines Mix 1),presets-extra,43,4837ad7a,2026-07-11,"Curate and remove 186 more presets, add reusable curation tooling"
Idiot24-7 - Strobe (Crazy Lines Mix 2),presets-extra,43,4837ad7a,2026-07-11,"Curate and remove 186 more presets, add reusable curation tooling"
Idiot24-7-flicker,presets-extra,45,4837ad7a,2026-07-11,"Curate and remove 186 more presets, add reusable curation tooling"
Idiot24-7-strobe,presets-extra,46,4837ad7a,2026-07-11,"Curate and remove 186 more presets, add reusable curation tooling"
Idiot24-7-strobe(crazylinesmix1),presets-extra,46,4837ad7a,2026-07-11,"Curate and remove 186 more presets, add reusable curation tooling"
Idiot24-7-strobe(crazylinesmix2),presets-extra,46,4837ad7a,2026-07-11,"Curate and remove 186 more presets, add reusable curation tooling"
Phat + Eo.S. - rainbow bubble_mid3-f. me dood,presets-extra,58,4837ad7a,2026-07-11,"Curate and remove 186 more presets, add reusable curation tooling"
Phat + Zylot + Eo.S. - rainbow bubble_mid3-f. me dood-flash,presets-extra,58,4837ad7a,2026-07-11,"Curate and remove 186 more presets, add reusable curation tooling"
Phat_Eo.S. rainbow bubble_mid3,presets-extra,60,4837ad7a,2026-07-11,"Curate and remove 186 more presets, add reusable curation tooling"
Phat_Eo.S. rainbow bubble_mid3-f. me dood,presets-extra,60,4837ad7a,2026-07-11,"Curate and remove 186 more presets, add reusable curation tooling"
Phat_Zylot_Eo.S. rainbow bubble,presets-extra,61,4837ad7a,2026-07-11,"Curate and remove 186 more presets, add reusable curation tooling"
Phat_Zylot_Eo.S. rainbow bubble-bdr,presets-extra,61,4837ad7a,2026-07-11,"Curate and remove 186 more presets, add reusable curation tooling"
Phat_Zylot_Eo.S. rainbow bubble-breather,presets-extra,61,4837ad7a,2026-07-11,"Curate and remove 186 more presets, add reusable curation tooling"
Phat_Zylot_Eo.S. rainbow bubble-connected,presets-extra,61,4837ad7a,2026-07-11,"Curate and remove 186 more presets, add reusable curation tooling"
Phat_Zylot_Eo.S. rainbow bubble-connected2,presets-extra,61,4837ad7a,2026-07-11,"Curate and remove 186 more presets, add reusable curation tooling"
Phat_Zylot_Eo.S. rainbow bubble-mirror,presets-extra,61,4837ad7a,2026-07-11,"Curate and remove 186 more presets, add reusable curation tooling"
Phat_Zylot_Eo.S. rainbow bubble-spiral,presets-extra,61,4837ad7a,2026-07-11,"Curate and remove 186 more presets, add reusable curation tooling"
Phat_Zylot_Eo.S. rainbow bubble_Bleeding_mix,presets-extra,61,4837ad7a,2026-07-11,"Curate and remove 186 more presets, add reusable curation tooling"
Phat_Zylot_Eo.S. rainbow bubble_Bleeding_mix zzz af,presets-extra,61,4837ad7a,2026-07-11,"Curate and remove 186 more presets, add reusable curation tooling"
Phat_Zylot_Eo.S. rainbow bubble_New_mix,presets-extra,61,4837ad7a,2026-07-11,"Curate and remove 186 more presets, add reusable curation tooling"
Phat_Zylot_Eo.S. rainbow bubble_New_mix_2,presets-extra,61,4837ad7a,2026-07-11,"Curate and remove 186 more presets, add reusable curation tooling"
Phat_Zylot_Eo.S. rainbow bubble_Seperated_colours,presets-extra,61,4837ad7a,2026-07-11,"Curate and remove 186 more presets, add reusable curation tooling"
Phat_Zylot_Eo.S. rainbow bubble_alexgray,presets-extra,61,4837ad7a,2026-07-11,"Curate and remove 186 more presets, add reusable curation tooling"
Phat_Zylot_Eo.S. rainbow bubble_fluid,presets-extra,61,4837ad7a,2026-07-11,"Curate and remove 186 more presets, add reusable curation tooling"
Phat_Zylot_Eo.S. rainbow bubble_fluid_gills,presets-extra,61,4837ad7a,2026-07-11,"Curate and remove 186 more presets, add reusable curation tooling"
Phat_Zylot_Eo.S. rainbow bubble_fluid_gills-beatdetect,presets-extra,61,4837ad7a,2026-07-11,"Curate and remove 186 more presets, add reusable curation tooling"
Phat_Zylot_Eo.S. rainbow bubble_mid3,presets-extra,61,4837ad7a,2026-07-11,"Curate and remove 186 more presets, add reusable curation tooling"
Phat_Zylot_Eo.S. rainbow bubble_mid3-Come_fly_with_me,presets-extra,61,4837ad7a,2026-07-11,"Curate and remove 186 more presets, add reusable curation tooling"
Phat_Zylot_Eo.S. rainbow bubble_mid3-flash,presets-extra,61,4837ad7a,2026-07-11,"Curate and remove 186 more presets, add reusable curation tooling"
Phat_Zylot_Eo.S. rainbow bubble_mid3-starpoints,presets-extra,61,4837ad7a,2026-07-11,"Curate and remove 186 more presets, add reusable curation tooling"
Phat_Zylot_Eo.S. rainbow bubble_mid3-starpoints_shape_edit,presets-extra,61,4837ad7a,2026-07-11,"Curate and remove 186 more presets, add reusable curation tooling"
Phat_Zylot_Eo.S. rainbow bubble_mid3-starpoints_spirals,presets-extra,61,4837ad7a,2026-07-11,"Curate and remove 186 more presets, add reusable curation tooling"
Phat_Zylot_Eo.S. rainbow bubble_mid3-starpoints_spirals_VE,presets-extra,61,4837ad7a,2026-07-11,"Curate and remove 186 more presets, add reusable curation tooling"
Phat_Zylot_Eo.S. rainbow bubble_mid3-starpoints_spirals_VE - Bitcore Tweak,presets-extra,61,4837ad7a,2026-07-11,"Curate and remove 186 more presets, add reusable curation tooling"
Phat_Zylot_Eo.S. rainbow bubble_mid3-starpoints_spirals_VE_alt_colours,presets-extra,61,4837ad7a,2026-07-11,"Curate and remove 186 more presets, add reusable curation tooling"
Phat_Zylot_Eo.S. rainbow bubble_mid3-starpoints_vidio_echo,presets-extra,61,4837ad7a,2026-07-11,"Curate and remove 186 more presets, add reusable curation tooling"
Phat_Zylot_Eo.S. rainbow bubble_science_v2,presets-extra,61,4837ad7a,2026-07-11,"Curate and remove 186 more presets, add reusable curation tooling"
Phat_Zylot_Eo.S._Krash rainbow bubble_fluid_gills-beatdetect,presets-extra,61,4837ad7a,2026-07-11,"Curate and remove 186 more presets, add reusable curation tooling"
Phat_Zylot_Eo.S._Krash rainbow bubble_fluid_gills-beatdetect_v2,presets-extra,61,4837ad7a,2026-07-11,"Curate and remove 186 more presets, add reusable curation tooling"
Phat_Zylot_Eo.S._Krash rainbow bubble_mid3-starpoints_vidio_echo,presets-extra,61,4837ad7a,2026-07-11,"Curate and remove 186 more presets, add reusable curation tooling"
Pinbi7 & Che - Definitely Not For The Epileptic (Inner Perspective Of Life Mix),presets-extra,63,4837ad7a,2026-07-11,"Curate and remove 186 more presets, add reusable curation tooling"
Pinbi7 & Fvese - Definitely Not For The Epileptic 2,presets-extra,63,4837ad7a,2026-07-11,"Curate and remove 186 more presets, add reusable curation tooling"
Pinbi7 & Fvese - Definitely Not For The Epileptic 3,presets-extra,63,4837ad7a,2026-07-11,"Curate and remove 186 more presets, add reusable curation tooling"
Pinbi7 & Fvese - Definitly Not For The Epileptic 1,presets-extra,63,4837ad7a,2026-07-11,"Curate and remove 186 more presets, add reusable curation tooling"
Pinbi7 & Fvese - Definitly Not For The Epileptic 2,presets-extra,63,4837ad7a,2026-07-11,"Curate and remove 186 more presets, add reusable curation tooling"
Pinbi7 & Fvese - Definitly Not For The Epileptic 3,presets-extra,63,4837ad7a,2026-07-11,"Curate and remove 186 more presets, add reusable curation tooling"
Pinbi7 & Fvese - Not For The Epileptic,presets-extra,63,4837ad7a,2026-07-11,"Curate and remove 186 more presets, add reusable curation tooling"
Pinbi7&Fvese-NotForTheEpilepti,presets-extra,63,4837ad7a,2026-07-11,"Curate and remove 186 more presets, add reusable curation tooling"
Pinbi7&che-definitelynotfortheepilept,presets-extra,64,4837ad7a,2026-07-11,"Curate and remove 186 more presets, add reusable curation tooling"
Pinbi7&fvese-notfortheepileptic,presets-extra,64,4837ad7a,2026-07-11,"Curate and remove 186 more presets, add reusable curation tooling"
Reenen - Strobe 1,presets-extra,66,4837ad7a,2026-07-11,"Curate and remove 186 more presets, add reusable curation tooling"
Reenen - Strobe 2,presets-extra,66,4837ad7a,2026-07-11,"Curate and remove 186 more presets, add reusable curation tooling"
Reenen-strobe1,presets-extra,66,4837ad7a,2026-07-11,"Curate and remove 186 more presets, add reusable curation tooling"
Reenen-strobe2,presets-extra,66,4837ad7a,2026-07-11,"Curate and remove 186 more presets, add reusable curation tooling"
Rovastar & Che - Definitly Not For The Epileptic (Inner Perspective Of Life Mix),presets-extra,68,4837ad7a,2026-07-11,"Curate and remove 186 more presets, add reusable curation tooling"
Rovastar & Krash - Primitive Fireworks (Strobe Mix),presets-extra,69,4837ad7a,2026-07-11,"Curate and remove 186 more presets, add reusable curation tooling"
Rovastar&che-definitlynotfortheepilep,presets-extra,75,4837ad7a,2026-07-11,"Curate and remove 186 more presets, add reusable curation tooling"
Rovastar&krash-primitivefi(strobemix),presets-extra,76,4837ad7a,2026-07-11,"Curate and remove 186 more presets, add reusable curation tooling"
amandio c - lusitana sans sheriff (megabuffs) - 20 chars,presets-extra,89,4837ad7a,2026-07-11,"Curate and remove 186 more presets, add reusable curation tooling"
bdrv + al Aderrasi - Madness Teaches us to Fight bdrv et.AL8,presets-extra,92,4837ad7a,2026-07-11,"Curate and remove 186 more presets, add reusable curation tooling"
bdrv + al Phat+Eo.S 3way=),presets-extra,94,4837ad7a,2026-07-11,"Curate and remove 186 more presets, add reusable curation tooling"
bdrv + al Phat_Zylot_Eo.S. rainbow bubble_mid3- exothermix,presets-extra,94,4837ad7a,2026-07-11,"Curate and remove 186 more presets, add reusable curation tooling"
bdrv + al Phat_Zylot_Eo.S. rainbow bubble_mid3- exothermix 2,presets-extra,94,4837ad7a,2026-07-11,"Curate and remove 186 more presets, add reusable curation tooling"
bdrv + al Phat_zylot_eo.s. Rainbow Bubble_science_v2 bdrv iii,presets-extra,94,4837ad7a,2026-07-11,"Curate and remove 186 more presets, add reusable curation tooling"
bdrv et.AL Phat_zylot_eo.s. Rainbow Bubble_science_v2 bdrv plagiarising SHIFTER,presets-extra,97,4837ad7a,2026-07-11,"Curate and remove 186 more presets, add reusable curation tooling"
bdtv al Aderrasi - Worms 2007,presets-extra,97,4837ad7a,2026-07-11,"Curate and remove 186 more presets, add reusable curation tooling"
beta106.S. + Phat - recursion frustum 02_Ananda_Flash_Remix,presets-extra,97,4837ad7a,2026-07-11,"Curate and remove 186 more presets, add reusable curation tooling"
beta106.S. + Phat - recursion frustum 02_Ananda_Flash_Remix zion,presets-extra,97,4837ad7a,2026-07-11,"Curate and remove 186 more presets, add reusable curation tooling"
beta106.S. + Phat - recursion frustum 02_Ananda_Flash_Remix zion 2,presets-extra,97,4837ad7a,2026-07-11,"Curate and remove 186 more presets, add reusable curation tooling"
beta106.S. + Phat - recursion frustum 02_Ananda_Flash_Remix zion 2 dark,presets-extra,97,4837ad7a,2026-07-11,"Curate and remove 186 more presets, add reusable curation tooling"
beta106.S. + Phat - recursion frustum 02_Ananda_Flash_Remix zion 2 dark and blue,presets-extra,97,4837ad7a,2026-07-11,"Curate and remove 186 more presets, add reusable curation tooling"
beta106.S. + Phat - recursion frustum 02_Ananda_Flash_Remix zion 3 refine,presets-extra,97,4837ad7a,2026-07-11,"Curate and remove 186 more presets, add reusable curation tooling"
beta106.S. + Phat - recursion frustum 02_Ananda_Flash_Remix zion 4 squarepusher,presets-extra,97,4837ad7a,2026-07-11,"Curate and remove 186 more presets, add reusable curation tooling"
beta106.S. + Phat - recursion frustum 02_Ananda_Flash_Remix zion 5 squarepusher swap,presets-extra,97,4837ad7a,2026-07-11,"Curate and remove 186 more presets, add reusable curation tooling"
beta106.S. + Phat - recursion frustum 02_Ananda_Flash_Remix zion B,presets-extra,97,4837ad7a,2026-07-11,"Curate and remove 186 more presets, add reusable curation tooling"
beta106.S. + Phat - recursion frustum 02_Ananda_Flash_Remix zion C,presets-extra,97,4837ad7a,2026-07-11,"Curate and remove 186 more presets, add reusable curation tooling"
beta106i - Leaper Colony (Guilty Flicker),presets-extra,101,4837ad7a,2026-07-11,"Curate and remove 186 more presets, add reusable curation tooling"
beta106i - Worms 2003,presets-extra,103,4837ad7a,2026-07-11,"Curate and remove 186 more presets, add reusable curation tooling"
beta106i - Worms 2003 (Bait Can),presets-extra,103,4837ad7a,2026-07-11,"Curate and remove 186 more presets, add reusable curation tooling"
idiot24-7 - Strobe,presets-extra,109,4837ad7a,2026-07-11,"Curate and remove 186 more presets, add reusable curation tooling"
idiot24-7 - Strobe (Crazy Lines mix),presets-extra,109,4837ad7a,2026-07-11,"Curate and remove 186 more presets, add reusable curation tooling"
idiot24-7 - Strobe (Crazy Lines mix) Abstract,presets-extra,109,4837ad7a,2026-07-11,"Curate and remove 186 more presets, add reusable curation tooling"
pinbi7 & Fvese - definitly not for the epileptic ,presets-extra,113,4837ad7a,2026-07-11,"Curate and remove 186 more presets, add reusable curation tooling"
pinbi7 & Fvese - definitly not for the epileptic pt2,presets-extra,113,4837ad7a,2026-07-11,"Curate and remove 186 more presets, add reusable curation tooling"
pinbi7 & Fvese - definitly not for the epileptic pt3,presets-extra,113,4837ad7a,2026-07-11,"Curate and remove 186 more presets, add reusable curation tooling"
pinbi7 & Fvese - not for the epileptic ,presets-extra,113,4837ad7a,2026-07-11,"Curate and remove 186 more presets, add reusable curation tooling"
pinbi7&Fvese -definitly not for the epileptic pt2,presets-extra,113,4837ad7a,2026-07-11,"Curate and remove 186 more presets, add reusable curation tooling"
plain tv,presets-extra,113,4837ad7a,2026-07-11,"Curate and remove 186 more presets, add reusable curation tooling"
serpent,presets-extra,114,4837ad7a,2026-07-11,"Curate and remove 186 more presets, add reusable curation tooling"
"shifter - a thousand monkeys_phat_edit+Redi Jedi(ok, who put alphabet soup in my washer)",presets-extra,114,4837ad7a,2026-07-11,"Curate and remove 186 more presets, add reusable curation tooling"
shifter - escape the worm,presets-extra,115,4837ad7a,2026-07-11,"Curate and remove 186 more presets, add reusable curation tooling"
shifter - escape the worm - Eo.S. + Phat - Before_It_Eats_Your_Brain_Mix,presets-extra,115,4837ad7a,2026-07-11,"Curate and remove 186 more presets, add reusable curation tooling"
shifter - escape the worm - Eo.S. + Phat - Before_It_Eats_Your_Brain_Mix_v2,presets-extra,115,4837ad7a,2026-07-11,"Curate and remove 186 more presets, add reusable curation tooling"
shifter - escape the worm - Eo.S. + Phat - Boxs_Mix,presets-extra,115,4837ad7a,2026-07-11,"Curate and remove 186 more presets, add reusable curation tooling"
shifter - escape the worm - Eo.S. + Phat - whale smile,presets-extra,115,4837ad7a,2026-07-11,"Curate and remove 186 more presets, add reusable curation tooling"
shifter - escape the worm - Eo.S. + Phat 5362,presets-extra,115,4837ad7a,2026-07-11,"Curate and remove 186 more presets, add reusable curation tooling"
shifter - escape the worm - Eo.S. + Phat 5363,presets-extra,115,4837ad7a,2026-07-11,"Curate and remove 186 more presets, add reusable curation tooling"
shifter - escape the worm - Eo.S. + Phat 5365,presets-extra,115,4837ad7a,2026-07-11,"Curate and remove 186 more presets, add reusable curation tooling"
shifter - escape the worm - Eo.S. + Phat 5365_Daves_computer,presets-extra,115,4837ad7a,2026-07-11,"Curate and remove 186 more presets, add reusable curation tooling"
shifter - escape the worm - Eo.S. + Phat 5365_Daves_computer_v2,presets-extra,115,4837ad7a,2026-07-11,"Curate and remove 186 more presets, add reusable curation tooling"
shifter - escape the worm - Eo.S. + Phat 5365_Daves_computer_v2_colour_Border,presets-extra,115,4837ad7a,2026-07-11,"Curate and remove 186 more presets, add reusable curation tooling"
shifter - escape the worm - Eo.S. + Phat 5365_Daves_computer_v2_tri,presets-extra,115,4837ad7a,2026-07-11,"Curate and remove 186 more presets, add reusable curation tooling"
shifter - escape the worm - Eo.S. + Phat 5365_Daves_computer_v2_tri_inbtween,presets-extra,115,4837ad7a,2026-07-11,"Curate and remove 186 more presets, add reusable curation tooling"
shifter - escape the worm - Eo.S. + Phat 536999,presets-extra,115,4837ad7a,2026-07-11,"Curate and remove 186 more presets, add reusable curation tooling"
shifter - escape the worm - Eo.S. + Phat 536999_Sinister,presets-extra,115,4837ad7a,2026-07-11,"Curate and remove 186 more presets, add reusable curation tooling"
shifter - escape the worm - Eo.S. + Phat 536999_Sinister_v2,presets-extra,115,4837ad7a,2026-07-11,"Curate and remove 186 more presets, add reusable curation tooling"
shifter - escape the worm - Eo.S. + Phat 536999_acid_verse,presets-extra,115,4837ad7a,2026-07-11,"Curate and remove 186 more presets, add reusable curation tooling"
shifter - escape the worm - Eo.S. + Phat 536999_acid_verse_v2,presets-extra,115,4837ad7a,2026-07-11,"Curate and remove 186 more presets, add reusable curation tooling"
shifter - escape the worm - Eo.S. + Phat 536999_acid_verse_v2_Blue_Desire,presets-extra,115,4837ad7a,2026-07-11,"Curate and remove 186 more presets, add reusable curation tooling"
shifter - escape the worm - Eo.S. + Phat 536999_acid_verse_v2_Blue_Desire_v2,presets-extra,115,4837ad7a,2026-07-11,"Curate and remove 186 more presets, add reusable curation tooling"
shifter - escape the worm - Eo.S. + Phat BDRV et  AL  rmx,presets-extra,115,4837ad7a,2026-07-11,"Curate and remove 186 more presets, add reusable curation tooling"
shifter - escape the worm - Eo.S. + Phat Before_It_Eats_Your_Brain_Mix,presets-extra,115,4837ad7a,2026-07-11,"Curate and remove 186 more presets, add reusable curation tooling"
shifter - escape the worm - Eo.S. + Phat Before_It_Eats_Your_Brain_Mix_for_NVIDA,presets-extra,115,4837ad7a,2026-07-11,"Curate and remove 186 more presets, add reusable curation tooling"
shifter - escape the worm - Eo.S. + Phat Brain_Scrambler_Mix,presets-extra,115,4837ad7a,2026-07-11,"Curate and remove 186 more presets, add reusable curation tooling"
shifter - escape the worm - Eo.S. + Phat More responsive edit,presets-extra,115,4837ad7a,2026-07-11,"Curate and remove 186 more presets, add reusable curation tooling"
shifter - escape the worm - Eo.S. + Phat More responsive edit blarg,presets-extra,115,4837ad7a,2026-07-11,"Curate and remove 186 more presets, add reusable curation tooling"
shifter - escape the worm - Eo.S. + Phat Tangeren_singularitys_mix,presets-extra,115,4837ad7a,2026-07-11,"Curate and remove 186 more presets, add reusable curation tooling"
shifter - escape the worm - Eo.S. + Phat Water_Colors,presets-extra,115,4837ad7a,2026-07-11,"Curate and remove 186 more presets, add reusable curation tooling"
shifter - escape the worm - Eo.S. + Phat Well_Placed_Frame_Rate_Drop_Mix,presets-extra,115,4837ad7a,2026-07-11,"Curate and remove 186 more presets, add reusable curation tooling"
shifter - escape the worm - Eo.S. + Phat fixing a bug,presets-extra,115,4837ad7a,2026-07-11,"Curate and remove 186 more presets, add reusable curation tooling"
shifter - escape the worm - Eo.S. + Phat responsive edit,presets-extra,115,4837ad7a,2026-07-11,"Curate and remove 186 more presets, add reusable curation tooling"
shifter - escape the worm BDRV et  AL  rmx,presets-extra,115,4837ad7a,2026-07-11,"Curate and remove 186 more presets, add reusable curation tooling"
shifter - escape the worm Eo.S trying to fix a bug version,presets-extra,115,4837ad7a,2026-07-11,"Curate and remove 186 more presets, add reusable curation tooling"
EVET + Flexi - Rainbox Splash Poolz,butterchurnPresetsExtra,,4837ad7a,2026-07-11,"Curate and remove 186 more presets, add reusable curation tooling"
martin - Flexis swarm in Martins pond [not yet a boid implementation] ,butterchurnPresetsExtra,,4837ad7a,2026-07-11,"Curate and remove 186 more presets, add reusable curation tooling"
shifter - escape the worm - Eo.S. + Phat - Before_It_Eats_Your_Brain_Mix_v2,butterchurnPresetsExtra,,4837ad7a,2026-07-11,"Curate and remove 186 more presets, add reusable curation tooling"
"Flexi, Martin, Phat, Zylot + Eo.S - one way trip trap proof of concept [epileptic zoom tunnel edit]",butterchurnPresetsExtra2,,4837ad7a,2026-07-11,"Curate and remove 186 more presets, add reusable curation tooling"
"Eyes, Goggles",presets-extra,27,dfb842ee,2026-07-12,Remove 4 curated-out presets
Hampton GER - Randomnity,presets-extra,36,dfb842ee,2026-07-12,Remove 4 curated-out presets
Rovastar & Krash - Indecisive Landscapes,presets-extra,69,dfb842ee,2026-07-12,Remove 4 curated-out presets
shifter - oddball(redi remix,presets-extra,116,dfb842ee,2026-07-12,Remove 4 curated-out presets
"[EXP] Hexcollie, Bdrv, Goody, Esotic, EoS n Phat - Space (crack) Rock! (#2)",presets-extra,148,,2026-07-14,experimental duplicate approved
[EXP] beta106i - Gross Product (The Fractal Twins),presets-extra,155,,2026-07-14,experimental duplicate approved
[EXP] (Ishan)-anuera,presets-extra,203,,2026-07-15,experimental duplicate approved
[EXP] (Ishan)-lifeinthedrains,presets-extra,203,,2026-07-15,experimental duplicate approved
[EXP] (Ishan)-lifeinthedrains(pepparicarmx),presets-extra,203,,2026-07-15,experimental duplicate approved
[EXP] (Ishan)-radicalizingmybraincells,presets-extra,203,,2026-07-15,experimental duplicate approved
[EXP] 000 Stahlregen & Aderrasi + XXL + Zylot - Raw Mash Up,presets-extra,205,,2026-07-15,experimental duplicate approved
[EXP] 000 Stahlregen & Hampton GER + Unchained + Zylot - Raw Mash Up,presets-extra,205,,2026-07-15,experimental duplicate approved
[EXP] AdamFX 2 Shifter & Eo.S+Phat - Fractical dancer (shattered mind)3dFX3,presets-extra,216,,2026-07-15,experimental duplicate approved
[EXP] Aderrasi - Airhandler (Last Breath - Calm),presets-extra,217,,2026-07-15,experimental duplicate approved
[EXP] Aderrasi - Airhandler (NEOhm's DarkNeon Vortex -Away- Mix),presets-extra,217,,2026-07-15,experimental duplicate approved
[EXP] Aderrasi - Airhandler (NEOhm's DarkNeon Vortex -Figure8- Mix),presets-extra,217,,2026-07-15,experimental duplicate approved
[EXP] Aderrasi - Bitterfeld (Hyperswirl Remix),presets-extra,217,,2026-07-15,experimental duplicate approved
[EXP] Aderrasi - Chromatic Abyss (NEOhm's Dream Sygnal remix),presets-extra,218,,2026-07-15,experimental duplicate approved
[EXP] Aderrasi - Chromatic Abyss (NEOhm's Sonic The Hedgehog Rolling Mix),presets-extra,218,,2026-07-15,experimental duplicate approved
[EXP] Aderrasi - Curse of the Mirror Emu,presets-extra,218,,2026-07-15,experimental duplicate approved
[EXP] Aderrasi - Madness Teaches us to Fly,presets-extra,219,,2026-07-15,experimental duplicate approved
[EXP] Aderrasi - Potion of Spirits(NEOhm's Genie Walpaper Remix),presets-extra,219,,2026-07-15,experimental duplicate approved
[EXP] Aderrasi - Potion of Spirits(NEOhm's Genies Wiggle Remix),presets-extra,219,,2026-07-15,experimental duplicate approved
[EXP] Aderrasi - Songflower (Moss Posy),presets-extra,219,,2026-07-15,experimental duplicate approved
[EXP] Aderrasi - Songflower (Moss Posy+NEOhm's Cartoon Zebra Remix),presets-extra,219,,2026-07-15,experimental duplicate approved
[EXP] Baked-demonisolation,presets-extra,226,,2026-07-15,experimental duplicate approved
[EXP] Baked-insertionpoint,presets-extra,226,,2026-07-15,experimental duplicate approved
[EXP] Benjam - Tie-Dye Supernova,presets-extra,230,,2026-07-15,experimental duplicate approved
[EXP] Benjam - Tie-Dye Supernova (Twisted remix),presets-extra,230,,2026-07-15,experimental duplicate approved
[EXP] Chemlock - Kata Reborn,presets-extra,236,,2026-07-15,experimental duplicate approved
[EXP] Eo.S. - buildings,presets-extra,242,,2026-07-15,experimental duplicate approved
[EXP] Eo.S. - buildings_phat_mix,presets-extra,242,,2026-07-15,experimental duplicate approved
[EXP] Eo.S. - ddg,presets-extra,242,,2026-07-15,experimental duplicate approved
[EXP] Eo.S. - ddg_phat_mix,presets-extra,242,,2026-07-15,experimental duplicate approved
[EXP] Eo.S. - ddg_phat_mix - Bitcore Tweak,presets-extra,242,,2026-07-15,experimental duplicate approved
[EXP] Eo.S. - ddg_phat_mix_v2,presets-extra,242,,2026-07-15,experimental duplicate approved
[EXP] Eo.S. - ddg_phat_mix_v3,presets-extra,242,,2026-07-15,experimental duplicate approved
[EXP] Eo.S. - paint a_Phat_remix,presets-extra,244,,2026-07-15,experimental duplicate approved
[EXP] Eo.S.+Phat - detached centerpoint,presets-extra,246,,2026-07-15,experimental duplicate approved
[EXP] Eo.S.+Phat detached centerpoint,presets-extra,247,,2026-07-15,experimental duplicate approved
[EXP] Eo.S.+Phat detached centerpoint_concentric_circles,presets-extra,247,,2026-07-15,experimental duplicate approved
[EXP] Eo.S.+Phat detached centerpoint_made_for_highest_texture_size,presets-extra,247,,2026-07-15,experimental duplicate approved
[EXP] Eo.S.+Phat detached centerpoint_made_for_highest_texture_size+grid,presets-extra,247,,2026-07-15,experimental duplicate approved
[EXP] Eo.S.+Phat detached centerpoint_made_for_highest_texture_size+star,presets-extra,247,,2026-07-15,experimental duplicate approved
[EXP] Eo.S.+Phat detached centerpoint_v2,presets-extra,247,,2026-07-15,experimental duplicate approved
[EXP] Eo.S.+Phat detached starpoint,presets-extra,247,,2026-07-15,experimental duplicate approved
[EXP] Eo.S.+Phat detached starpoint rotation mix,presets-extra,247,,2026-07-15,experimental duplicate approved
[EXP] Eo.S.+Phat detached starpoint rotation mix2,presets-extra,247,,2026-07-15,experimental duplicate approved
[EXP] Eo.S.+Phat detached starpoint_Boxs_mix,presets-extra,247,,2026-07-15,experimental duplicate approved
[EXP] Eo.S.+Phat detached starpoint_Boxs_mix_v2,presets-extra,247,,2026-07-15,experimental duplicate approved
[EXP] Eo.S.+Phat detached starpoint_Boxs_mix_v3,presets-extra,247,,2026-07-15,experimental duplicate approved
[EXP] Eo.S._Phat_Thunder,presets-extra,248,,2026-07-15,experimental duplicate approved
[EXP] Eo.S._Phat_spiny_artitacts,presets-extra,248,,2026-07-15,experimental duplicate approved
[EXP] Eo.S._Phat_spiny_boxes,presets-extra,248,,2026-07-15,experimental duplicate approved
[EXP] Eo.S._Phat_spiny_boxes_vidio_echo,presets-extra,248,,2026-07-15,experimental duplicate approved
[EXP] Eo.S._Phat_spiny_boxes_vidio_echo_flashy_lights=mix,presets-extra,248,,2026-07-15,experimental duplicate approved
[EXP] Eo.S._Phat_spiny_boxes_vidio_echo_v2,presets-extra,248,,2026-07-15,experimental duplicate approved
[EXP] Esotic & Rozzer - Shared Joy,presets-extra,248,,2026-07-15,experimental duplicate approved
[EXP] Esotic - A Thousand Pointless Lights,presets-extra,248,,2026-07-15,experimental duplicate approved
[EXP] Esotic - Can They Get It Together,presets-extra,248,,2026-07-15,experimental duplicate approved
[EXP] Esotic - Creeping Rot,presets-extra,248,,2026-07-15,experimental duplicate approved
[EXP] Esotic - Creeping Wine Rot,presets-extra,248,,2026-07-15,experimental duplicate approved
[EXP] Esotic - Electro Chunnel,presets-extra,248,,2026-07-15,experimental duplicate approved
[EXP] Esotic - Going Up,presets-extra,248,,2026-07-15,experimental duplicate approved
[EXP] Esotic - Gullet 1.1,presets-extra,248,,2026-07-15,experimental duplicate approved
[EXP] Esotic - Orange Ripple,presets-extra,248,,2026-07-15,experimental duplicate approved
[EXP] Esotic - Purple On The Move,presets-extra,248,,2026-07-15,experimental duplicate approved
[EXP] Esotic - Ribcage,presets-extra,248,,2026-07-15,experimental duplicate approved
[EXP] Esotic - Television is no friend of mine,presets-extra,248,,2026-07-15,experimental duplicate approved
[EXP] Esotic - The Limeness,presets-extra,248,,2026-07-15,experimental duplicate approved
[EXP] Esotic - Tulip,presets-extra,248,,2026-07-15,experimental duplicate approved
[EXP] Esotic - Wine Creeping Rot 1.1,presets-extra,248,,2026-07-15,experimental duplicate approved
[EXP] Esotic and Krash - Bloody Krash Cycle,presets-extra,248,,2026-07-15,experimental duplicate approved
[EXP] Esotic and Krash - Delicates Cycle,presets-extra,248,,2026-07-15,experimental duplicate approved
[EXP] Esotic and Krash - JazzMouth,presets-extra,248,,2026-07-15,experimental duplicate approved
[EXP] Esotic and Krash - Winking Slit,presets-extra,248,,2026-07-15,experimental duplicate approved
[EXP] Fyornulis- colliding_gallaxies 4,presets-extra,263,,2026-07-15,experimental duplicate approved
[EXP] Fyornulis- randomosisty 7,presets-extra,263,,2026-07-15,experimental duplicate approved
[EXP] Fyornulis- the color of time 5,presets-extra,263,,2026-07-15,experimental duplicate approved
[EXP] G AdamFX 2  Eo.S. + Phat - Emergent factors 9,presets-extra,263,,2026-07-15,experimental duplicate approved
[EXP] Geiss + Rovastar - Notions Of Tonality 2,presets-extra,264,,2026-07-15,experimental duplicate approved
[EXP] Geiss + Rovastar - Tokamak (Naked Intrusion Mix),presets-extra,264,,2026-07-15,experimental duplicate approved
[EXP] Geiss - Iris,presets-extra,266,,2026-07-15,experimental duplicate approved
[EXP] Geiss - The Fatty Lumpkin Sunkle Tweaker (Hyperdrive Mix),presets-extra,267,,2026-07-15,experimental duplicate approved
[EXP] Goody - A Reaction in Color,presets-extra,269,,2026-07-15,experimental duplicate approved
[EXP] Hexcollie - Gradient Warp,presets-extra,271,,2026-07-15,experimental duplicate approved
[EXP] Hexcollie - How could we be bored,presets-extra,271,,2026-07-15,experimental duplicate approved
[EXP] Hexcollie - ICU,presets-extra,271,,2026-07-15,experimental duplicate approved
[EXP] Hexcollie - In your face,presets-extra,271,,2026-07-15,experimental duplicate approved
[EXP] Hexcollie - In your face_1,presets-extra,271,,2026-07-15,experimental duplicate approved
[EXP] Hexcollie - Meatball,presets-extra,271,,2026-07-15,experimental duplicate approved
[EXP] Hexcollie - Mummification (personal mash),presets-extra,272,,2026-07-15,experimental duplicate approved
[EXP] Hexcollie - Mushroom Odyssey,presets-extra,272,,2026-07-15,experimental duplicate approved
[EXP] Hexcollie - Not so lame Pupil,presets-extra,272,,2026-07-15,experimental duplicate approved
[EXP] Hexcollie - Powerful simplicity,presets-extra,272,,2026-07-15,experimental duplicate approved
[EXP] Hexcollie - Puddin Head teh Window Licker,presets-extra,272,,2026-07-15,experimental duplicate approved
[EXP] Hexcollie - Puddin Head teh Window Licker (vanashing borders),presets-extra,272,,2026-07-15,experimental duplicate approved
[EXP] Hexcollie - Sensitive Pupil,presets-extra,272,,2026-07-15,experimental duplicate approved
[EXP] Hexcollie - Wacked,presets-extra,272,,2026-07-15,experimental duplicate approved
[EXP] Hexcollie - christmas lights,presets-extra,272,,2026-07-15,experimental duplicate approved
[EXP] Hexcollie - fuzzy friends,presets-extra,272,,2026-07-15,experimental duplicate approved
[EXP] Hexcollie - one more hit,presets-extra,272,,2026-07-15,experimental duplicate approved
[EXP] Hexcollie - threadmare,presets-extra,273,,2026-07-15,experimental duplicate approved
[EXP] Hexcollie n bdrv - not dun,presets-extra,273,,2026-07-15,experimental duplicate approved
"[EXP] Hexcollie, Bdrv n Aderrasi - Oil spot",presets-extra,273,,2026-07-15,experimental duplicate approved
"[EXP] Hexcollie, Bdrv n Aderrasi - Oil vibrations",presets-extra,273,,2026-07-15,experimental duplicate approved
"[EXP] Hexcollie, Bdrv n Aderrasi - Oil vibrations (ultra sensitive)",presets-extra,273,,2026-07-15,experimental duplicate approved
"[EXP] Hexcollie, Bdrv, Goody, Esotic, Eo.S. n Phat - Space (crack) Rock! (#2)",presets-extra,273,,2026-07-15,experimental duplicate approved
"[EXP] Hexcollie, Dbleja, Eo.S.n Phat - Too much freedumb",presets-extra,273,,2026-07-15,experimental duplicate approved
"[EXP] Hexcollie, Geiss n Mstress - What do you do in your time off",presets-extra,274,,2026-07-15,experimental duplicate approved
"[EXP] Hexcollie, Geiss, Rozzer, Esotic n Mstress - What do you do in your time off (funk twist)",presets-extra,274,,2026-07-15,experimental duplicate approved
"[EXP] Hexcollie, Krash, bdrv, eo.s n aderassi - Fractal rebirth",presets-extra,274,,2026-07-15,experimental duplicate approved
"[EXP] Hexcollie, Redi, Rova n Krash - Kangaroos stole my pipe",presets-extra,274,,2026-07-15,experimental duplicate approved
"[EXP] Hexcollie, Redi, Rova n Krash - Kangaroos stole my pipe (pretty colors)",presets-extra,274,,2026-07-15,experimental duplicate approved
"[EXP] Hexcollie, Unchained n shifter - Cycloptic smiles",presets-extra,274,,2026-07-15,experimental duplicate approved
[EXP] Idiot - 9-7-02 (Remix) (sustain fixed),presets-extra,275,,2026-07-15,experimental duplicate approved
[EXP] Ishan - Anuera,presets-extra,284,,2026-07-15,experimental duplicate approved
[EXP] Jc - Golden Gift,presets-extra,284,,2026-07-15,experimental duplicate approved
[EXP] Jeanius- - Blobulate,presets-extra,285,,2026-07-15,experimental duplicate approved
[EXP] Jeanius- - Interatomic Magnetism,presets-extra,285,,2026-07-15,experimental duplicate approved
[EXP] Jordan - Rectangular Spin (dxdytest11),presets-extra,285,,2026-07-15,experimental duplicate approved
[EXP] Krash - War Machine (Shifting Complexity Mix) Eo.S. + Phat border remix,presets-extra,287,,2026-07-15,experimental duplicate approved
[EXP] Krash - War Machine (Shifting Complexity Mix) Eo.S. + Phat music remix,presets-extra,287,,2026-07-15,experimental duplicate approved
[EXP] Krash - systolic pressure (Eo.S. remix),presets-extra,288,,2026-07-15,experimental duplicate approved
[EXP] Krash and Rovastar - Rainbow Orb (Sumpkin Answer.42 Mix),presets-extra,288,,2026-07-15,experimental duplicate approved
[EXP] Mashup AdamFX 2 Unchained - Ambrosia Legend + Luckless + A Hardman To kill + Beyond the strife  + Demonology  + Geiss,presets-extra,298,,2026-07-15,experimental duplicate approved
[EXP] MegalomaGreg - Purple Haze,presets-extra,301,,2026-07-15,experimental duplicate approved
[EXP] Mr_Zoolook - Fluffy (one way or another [cls]),presets-extra,302,,2026-07-15,experimental duplicate approved
[EXP] Mr_Zoolook - Fluffy (one way or another),presets-extra,302,,2026-07-15,experimental duplicate approved
[EXP] NeW ADAM MASTER MASHUP FX 2 Unchained - Ambrosia Legend + Luckless + A Hardman To kill ,presets-extra,303,,2026-07-15,experimental duplicate approved
[EXP] NeW ADAM MASTER MASHUP FX 2 Unchained - Ambrosia Legend + Luckless + A Hardman To kill + Beyond the strife  + Demonology ,presets-extra,303,,2026-07-15,experimental duplicate approved
[EXP] NeW ADAM MASTER MASHUP FX 2 Unchained - Ambrosia Legend + Luckless + A Hardman To kill + Beyond the strife  + Demonology Unchained ,presets-extra,303,,2026-07-15,experimental duplicate approved
[EXP] NeW ADAM MASTER MASHUP FX 2 Unchained - Ambrosia Legend + Luckless + A Hardman To kill + Beyond the strife  nexus,presets-extra,303,,2026-07-15,experimental duplicate approved
[EXP] NeW ADAM MASTER MASHUP FX 2 Unchained - Ambrosia Legend + Luckless + Feel Free to Fall + Beyond the strife  + Demonology Unchained ,presets-extra,303,,2026-07-15,experimental duplicate approved
[EXP] NeW ADAM MASTER MASHUP FX 2 Unchained - Games with light and sound  + Luckless + Feel Free to Fall + Beyond the strife  + Demonology Unchained ,presets-extra,303,,2026-07-15,experimental duplicate approved
[EXP] NeW ADAM MASTER MASHUP FX 2 Unchained - Games with light and sound  + making a science of it  + Beyond the strife  + Demonology Unchained ,presets-extra,303,,2026-07-15,experimental duplicate approved
[EXP] NeW ADAM MASTER MASHUP FX 2 Unchained - Games with light and sound  + making a science of it + Picture of Exile  +  Picture of Posion,presets-extra,303,,2026-07-15,experimental duplicate approved
[EXP] NeW ADAM MASTER MASHUP FX 2 Unchained - Games with light and sound  + making a science of it + Picture of Exile  +  Tenticle Rape ,presets-extra,303,,2026-07-15,experimental duplicate approved
[EXP] NeW ADAM MASTER MASHUP FX 2 Unchained - Games with light and sound  + making a science of it + Picture of Exile  +  Those Who Doubted ,presets-extra,303,,2026-07-15,experimental duplicate approved
[EXP] NeW ADAM MASTER MASHUP FX 2 Unchained - Games with light and sound  + making a science of it + Picture of Exile  +  Tribal,presets-extra,303,,2026-07-15,experimental duplicate approved
[EXP] NeW ADAM MASTER MASHUP FX 2 Unchained - Games with light and sound  + making a science of it + Picture of Exile  + Demonology Unchained ,presets-extra,303,,2026-07-15,experimental duplicate approved
[EXP] NeW ADAM MASTER MASHUP FX 2 Unchained - Games with light and sound  + making a science of it + Trick Gone Psycho ,presets-extra,303,,2026-07-15,experimental duplicate approved
[EXP] NeW ADAM MASTER MASHUP FX 2 Unchained - Games with light and sound  + making a science of it + telek -yellow lines,presets-extra,303,,2026-07-15,experimental duplicate approved
[EXP] Neuro - Starover2,presets-extra,304,,2026-07-15,experimental duplicate approved
[EXP] New Master Mashup FX 2 Rovastar + Unchained - Voodoo Chess Magnet (Everglow Mix)+ Krash AdamOFX,presets-extra,304,,2026-07-15,experimental duplicate approved
[EXP] ORB - Acid Storm HCL ,presets-extra,305,,2026-07-15,experimental duplicate approved
[EXP] ORB - Acid Storm Warped Reality,presets-extra,305,,2026-07-15,experimental duplicate approved
"[EXP] Ondras - Some more rotation, please",presets-extra,306,,2026-07-15,experimental duplicate approved
[EXP] Optiks - Interatomic Magnetism,presets-extra,306,,2026-07-15,experimental duplicate approved
[EXP] Phat detached starpoint_frame rate mix,presets-extra,306,,2026-07-15,experimental duplicate approved
[EXP] Phat_remix_Eo.S. - particle field,presets-extra,309,,2026-07-15,experimental duplicate approved
[EXP] PieturP - VagueBackups,presets-extra,310,,2026-07-15,experimental duplicate approved
[EXP] PieturP - beats_at_dreamtime_sined_FASTER,presets-extra,310,,2026-07-15,experimental duplicate approved
[EXP] PieturP - bigFailure,presets-extra,310,,2026-07-15,experimental duplicate approved
[EXP] PieturP - bigFailure_rotating,presets-extra,310,,2026-07-15,experimental duplicate approved
[EXP] PieturP - it-takes-a-while-but-you-will-notice,presets-extra,310,,2026-07-15,experimental duplicate approved
[EXP] Pinbi7 & Krash - Primitive Fireworks_1,presets-extra,311,,2026-07-15,experimental duplicate approved
[EXP] RLP + Rovastar - Paradigm Sphere (Paradigm Shift Mix),presets-extra,312,,2026-07-15,experimental duplicate approved
[EXP] RLP + Unchained & Che - Oddnezz 4 (Done it again) (RLP's SpeakerBump Mix),presets-extra,312,,2026-07-15,experimental duplicate approved
[EXP] Rovastar & Geiss - Octotrip (MultiTrip Mix),presets-extra,316,,2026-07-15,experimental duplicate approved
[EXP] Rovastar & Ondras - Matrix Blockout (Abstract Mix),presets-extra,316,,2026-07-15,experimental duplicate approved
[EXP] Rovastar & Rocke - Sugar Spun Sister (Hyperdrive Mix),presets-extra,316,,2026-07-15,experimental duplicate approved
[EXP] Rovastar + Che - Asylum Animations,presets-extra,317,,2026-07-15,experimental duplicate approved
[EXP] Rovastar + Fvese - Mosaic Waves,presets-extra,317,,2026-07-15,experimental duplicate approved
[EXP] Rovastar + Geiss - Dynamic Swirls 3 (Voyage Of Twisted Souls Mix),presets-extra,317,,2026-07-15,experimental duplicate approved
[EXP] Rovastar + Geiss - Hurricane Nightmare,presets-extra,317,,2026-07-15,experimental duplicate approved
[EXP] Rovastar + Geiss - Twisted Bytes (Curve Mix),presets-extra,317,,2026-07-15,experimental duplicate approved
[EXP] Rovastar + Unchained - Voodoo Chess Magnet (Everglow Mix),presets-extra,317,,2026-07-15,experimental duplicate approved
[EXP] Rovastar - A Million Miles From Earth (Circle Version),presets-extra,317,,2026-07-15,experimental duplicate approved
[EXP] Rovastar - Alien Waters,presets-extra,317,,2026-07-15,experimental duplicate approved
[EXP] Rovastar - Altars Of Madness,presets-extra,318,,2026-07-15,experimental duplicate approved
[EXP] Rovastar - Altars Of Madness (Boxfresh Mix),presets-extra,318,,2026-07-15,experimental duplicate approved
[EXP] Rovastar - Altars Of Madness (Cerebral Demons Mix),presets-extra,318,,2026-07-15,experimental duplicate approved
[EXP] Rovastar - Altars Of Madness (Duel Mix),presets-extra,318,,2026-07-15,experimental duplicate approved
[EXP] Rovastar - Altars Of Madness (Jesters Vessel Mix),presets-extra,318,,2026-07-15,experimental duplicate approved
[EXP] Rovastar - Altars Of Madness (Shrine Mix),presets-extra,318,,2026-07-15,experimental duplicate approved
[EXP] Rovastar - Altars Of Madness (Speed Fix Mix),presets-extra,318,,2026-07-15,experimental duplicate approved
[EXP] Rovastar - Altars Of Madness (Surealist Mix),presets-extra,318,,2026-07-15,experimental duplicate approved
[EXP] Rovastar - Altars Of Madness 2,presets-extra,318,,2026-07-15,experimental duplicate approved
[EXP] Rovastar - Altars Of Madness 2 (Dark Decay Mix),presets-extra,318,,2026-07-15,experimental duplicate approved
[EXP] Rovastar - Altars Of Madness 2 (Frozen Time Mix),presets-extra,318,,2026-07-15,experimental duplicate approved
[EXP] Rovastar - Altars Of Madness 2 (Love Without Hope Mix),presets-extra,318,,2026-07-15,experimental duplicate approved
[EXP] Rovastar - Altars Of Madness 2 (Spirit Of Madness Mix),presets-extra,318,,2026-07-15,experimental duplicate approved
[EXP] Rovastar - Decreasing Dreams (Increasing Memory Mix) ,presets-extra,318,,2026-07-15,experimental duplicate approved
[EXP] Rovastar - Decreasing Dreams (Orginal) ,presets-extra,318,,2026-07-15,experimental duplicate approved
[EXP] Rovastar - Everglow Flower Light (More Mystery Mix),presets-extra,319,,2026-07-15,experimental duplicate approved
[EXP] Rovastar - Forming Worlds,presets-extra,319,,2026-07-15,experimental duplicate approved
[EXP] Rovastar - Fractopia (Universe Forming Mix),presets-extra,319,,2026-07-15,experimental duplicate approved
[EXP] Rovastar - Fractopia (Wallpaper Mix),presets-extra,319,,2026-07-15,experimental duplicate approved
[EXP] Rovastar - Halcyon Dreams 3,presets-extra,319,,2026-07-15,experimental duplicate approved
[EXP] Rovastar - Maze Of Torment,presets-extra,320,,2026-07-15,experimental duplicate approved
[EXP] Rovastar - Maze Of Torment (No Escape Mix),presets-extra,320,,2026-07-15,experimental duplicate approved
[EXP] Rovastar - Omnipresence Resurrection (Raw Mix)_Phat_edit,presets-extra,320,,2026-07-15,experimental duplicate approved
[EXP] Rovastar - Omnipresence Resurrection (Raw Mix)_Phat_test,presets-extra,320,,2026-07-15,experimental duplicate approved
[EXP] Rovastar - Omnipresence Resurrection (Raw Mix)_Phat_test_b,presets-extra,320,,2026-07-15,experimental duplicate approved
[EXP] Rovastar - Omnipresence Resurrection - Eo.S.+Phat detached centerpoint mix,presets-extra,320,,2026-07-15,experimental duplicate approved
[EXP] Rovastar - Omnipresence Resurrection - Eo.S.+Phat detached centerpoint mix_v2,presets-extra,320,,2026-07-15,experimental duplicate approved
[EXP] Rovastar - Omnipresence Resurrection - Eo.S.+Phat detached starpoint mix,presets-extra,320,,2026-07-15,experimental duplicate approved
[EXP] Rovastar - Omnipresence Resurrection - Eo.S.+Phat detached starpoint mix_Boxs_mix,presets-extra,320,,2026-07-15,experimental duplicate approved
[EXP] Rovastar - Omnipresence Resurrection - Eo.S.+Phat detached starpoint mix_frame rate mix,presets-extra,320,,2026-07-15,experimental duplicate approved
[EXP] Rovastar - Omnipresence Resurrection - Eo.S.+Phat detached starpoint rotation mix,presets-extra,320,,2026-07-15,experimental duplicate approved
[EXP] Rovastar - Omnipresence Resurrection - Eo.S.+Phat detached starpoint rotation mix2,presets-extra,320,,2026-07-15,experimental duplicate approved
[EXP] Rovastar-AltarsOfMadness(Jesters,presets-extra,323,,2026-07-15,experimental duplicate approved
[EXP] Rovastar-AltarsOfMadness2(Dark,presets-extra,323,,2026-07-15,experimental duplicate approved
[EXP] Rovastar-AltarsOfMadness2(Love,presets-extra,323,,2026-07-15,experimental duplicate approved
[EXP] Rovastar-AltarsOfMadness2(Spiri,presets-extra,323,,2026-07-15,experimental duplicate approved
[EXP] Rovastar-altarsofmadness(boxfreshmix),presets-extra,324,,2026-07-15,experimental duplicate approved
[EXP] Rovastar-altarsofmadness2,presets-extra,324,,2026-07-15,experimental duplicate approved
[EXP] Scanner (Scanning Warp Remix),presets-extra,328,,2026-07-15,experimental duplicate approved
[EXP] ShadowHarlequin - mashup - Satin Sunburst,presets-extra,328,,2026-07-15,experimental duplicate approved
[EXP] Stahlregen & Aderrasi + XXL + Zylot - Swallow! (Raw),presets-extra,329,,2026-07-15,experimental duplicate approved
[EXP] Stahlregen - Solar Flare,presets-extra,332,,2026-07-15,experimental duplicate approved
[EXP] Stahlregen - Solar Flare (Eclipse),presets-extra,332,,2026-07-15,experimental duplicate approved
[EXP] bablonwarp - rovaster harlequin fractal,presets-extra,365,,2026-07-15,experimental duplicate approved
[EXP] baked - CraZy MaZy of HaZy,presets-extra,365,,2026-07-15,experimental duplicate approved
[EXP] baked - demon isolation[drug mix],presets-extra,365,,2026-07-15,experimental duplicate approved
[EXP] baked - hurry up and wait,presets-extra,365,,2026-07-15,experimental duplicate approved
[EXP] beta106i - Accelerator (Contractor Core),presets-extra,375,,2026-07-15,experimental duplicate approved
[EXP] beta106i - Accelerator (Reactor Chamber),presets-extra,375,,2026-07-15,experimental duplicate approved
[EXP] beta106i - Airhandler (Air of Purgatory),presets-extra,375,,2026-07-15,experimental duplicate approved
[EXP] beta106i - Airhandler (Atmospheric Conjuration - Face Tornado),presets-extra,375,,2026-07-15,experimental duplicate approved
[EXP] beta106i - Airhandler (Atmospheric Conjuration - Face to Storm),presets-extra,375,,2026-07-15,experimental duplicate approved
[EXP] beta106i - Airhandler (Atmospheric Conjuration),presets-extra,375,,2026-07-15,experimental duplicate approved
[EXP] beta106i - Airhandler (Gust),presets-extra,375,,2026-07-15,experimental duplicate approved
[EXP] beta106i - Airhandler (Last Breath - Angel Evolution),presets-extra,375,,2026-07-15,experimental duplicate approved
[EXP] beta106i - Airhandler (Last Breath - Death's Lucky Hand),presets-extra,375,,2026-07-15,experimental duplicate approved
[EXP] beta106i - Airhandler (Last Breath - Sigh),presets-extra,375,,2026-07-15,experimental duplicate approved
[EXP] beta106i - Airhandler (Menagerie),presets-extra,375,,2026-07-15,experimental duplicate approved
[EXP] beta106i - Airhandler (Principle of Airworks - Philosphical),presets-extra,375,,2026-07-15,experimental duplicate approved
[EXP] beta106i - Airhandler (Radiostar Epilogue),presets-extra,375,,2026-07-15,experimental duplicate approved
[EXP] beta106i - Airhandler (Radiostar),presets-extra,375,,2026-07-15,experimental duplicate approved
[EXP] beta106i - Airhandler (Radiotinker),presets-extra,375,,2026-07-15,experimental duplicate approved
[EXP] beta106i - Airhandler (Roc),presets-extra,375,,2026-07-15,experimental duplicate approved
[EXP] beta106i - Airhandler (Star Crush Party Hybrid 6),presets-extra,375,,2026-07-15,experimental duplicate approved
[EXP] beta106i - Airhandler (Star Crush Party Hybrid),presets-extra,375,,2026-07-15,experimental duplicate approved
[EXP] beta106i - Airhandler (The Semantic Doughnut),presets-extra,375,,2026-07-15,experimental duplicate approved
[EXP] beta106i - Anchorpulse (Pulse of an Invisible Ghast),presets-extra,375,,2026-07-15,experimental duplicate approved
[EXP] beta106i - Anchorpulse (Verified),presets-extra,375,,2026-07-15,experimental duplicate approved
[EXP] beta106i - Antares Nebula (Stringularity),presets-extra,375,,2026-07-15,experimental duplicate approved
[EXP] beta106i - Anthem of Randomness,presets-extra,375,,2026-07-15,experimental duplicate approved
[EXP] beta106i - Antidote (Artificial Freak - Zombie),presets-extra,375,,2026-07-15,experimental duplicate approved
[EXP] beta106i - Antidote (Vertigo),presets-extra,375,,2026-07-15,experimental duplicate approved
[EXP] beta106i - Antidote (Wrapped in a Bandage),presets-extra,375,,2026-07-15,experimental duplicate approved
[EXP] beta106i - Antidote (Wrapped in a Dream),presets-extra,375,,2026-07-15,experimental duplicate approved
[EXP] beta106i - Antidote (Wrapped in a Newspaper),presets-extra,375,,2026-07-15,experimental duplicate approved
[EXP] beta106i - Arise! (Topographite),presets-extra,375,,2026-07-15,experimental duplicate approved
[EXP] beta106i - Armada (Battleship),presets-extra,375,,2026-07-15,experimental duplicate approved
[EXP] beta106i - Armada (Medals of Honor),presets-extra,375,,2026-07-15,experimental duplicate approved
[EXP] beta106i - Armada (Medals of Valor),presets-extra,375,,2026-07-15,experimental duplicate approved
[EXP] beta106i - Behind Enemy Lines,presets-extra,375,,2026-07-15,experimental duplicate approved
[EXP] beta106i - Blunderstatement,presets-extra,376,,2026-07-15,experimental duplicate approved
[EXP] beta106i - Breaklight,presets-extra,376,,2026-07-15,experimental duplicate approved
[EXP] beta106i - Brilliance,presets-extra,376,,2026-07-15,experimental duplicate approved
[EXP] beta106i - Brilliance (Mind Bending Substance),presets-extra,376,,2026-07-15,experimental duplicate approved
[EXP] beta106i - Brilliance (Mind Breaking Substance),presets-extra,376,,2026-07-15,experimental duplicate approved
[EXP] beta106i - Brilliance (Mind Twisting Substance),presets-extra,376,,2026-07-15,experimental duplicate approved
[EXP] beta106i - Brilliance (Resolution Breaking),presets-extra,376,,2026-07-15,experimental duplicate approved
[EXP] beta106i - Brilliance (Space-Time Breaking),presets-extra,376,,2026-07-15,experimental duplicate approved
[EXP] beta106i - Brilliance (Space-Time Flaying),presets-extra,376,,2026-07-15,experimental duplicate approved
[EXP] beta106i - Brilliance (Space-Time Ripping),presets-extra,376,,2026-07-15,experimental duplicate approved
[EXP] beta106i - Brilliance (Space-Time Warping),presets-extra,376,,2026-07-15,experimental duplicate approved
[EXP] beta106i - Brush (Artistic),presets-extra,376,,2026-07-15,experimental duplicate approved
[EXP] beta106i - Caduceus N4 (Bloody Joke),presets-extra,376,,2026-07-15,experimental duplicate approved
[EXP] beta106i - Caduceus N4 (Facet Folding),presets-extra,376,,2026-07-15,experimental duplicate approved
[EXP] beta106i - Caduceus N4 (Transdimensional Monitoring Agency),presets-extra,376,,2026-07-15,experimental duplicate approved
[EXP] beta106i - Causeway of Dreams (Nightmare),presets-extra,376,,2026-07-15,experimental duplicate approved
[EXP] beta106i - Come on then (Engine of Aggression),presets-extra,376,,2026-07-15,experimental duplicate approved
[EXP] beta106i - Come on then (Reactor),presets-extra,376,,2026-07-15,experimental duplicate approved
[EXP] beta106i - Come on then (g-converter),presets-extra,376,,2026-07-15,experimental duplicate approved
[EXP] beta106i - Come on then (q-converter),presets-extra,376,,2026-07-15,experimental duplicate approved
[EXP] beta106i - Come on then (s-converter),presets-extra,376,,2026-07-15,experimental duplicate approved
[EXP] beta106i - Come on then (x-converter),presets-extra,376,,2026-07-15,experimental duplicate approved
[EXP] beta106i - Come on then (z-converter),presets-extra,376,,2026-07-15,experimental duplicate approved
[EXP] beta106i - Contortion (Flare of Time),presets-extra,376,,2026-07-15,experimental duplicate approved
[EXP] beta106i - Contortion (Flare),presets-extra,376,,2026-07-15,experimental duplicate approved
[EXP] beta106i - Contortion (Grind Twist),presets-extra,376,,2026-07-15,experimental duplicate approved
[EXP] beta106i - Contortion (Heaven and Hell),presets-extra,376,,2026-07-15,experimental duplicate approved
[EXP] beta106i - Contortion Sphere (Resourceful),presets-extra,376,,2026-07-15,experimental duplicate approved
[EXP] beta106i - Corners of the Globe (Mobile Massif),presets-extra,376,,2026-07-15,experimental duplicate approved
[EXP] beta106i - Corners of the Globe (Shadow World),presets-extra,376,,2026-07-15,experimental duplicate approved
[EXP] beta106i - Curse of the Black Falcon,presets-extra,376,,2026-07-15,experimental duplicate approved
[EXP] beta106i - Curse of the Crimson Magpie,presets-extra,376,,2026-07-15,experimental duplicate approved
[EXP] beta106i - Curse of the Gray Parrot,presets-extra,376,,2026-07-15,experimental duplicate approved
[EXP] beta106i - Curse of the Magenta Penguin,presets-extra,376,,2026-07-15,experimental duplicate approved
[EXP] beta106i - Curse of the Ochre Owl,presets-extra,376,,2026-07-15,experimental duplicate approved
[EXP] beta106i - Curse of the Pale Moa,presets-extra,376,,2026-07-15,experimental duplicate approved
[EXP] beta106i - Curse of the Red Hawk,presets-extra,376,,2026-07-15,experimental duplicate approved
[EXP] beta106i - Curse of the Silver Sparrow,presets-extra,376,,2026-07-15,experimental duplicate approved
[EXP] beta106i - Curse of the Tangerine Chickenhawk,presets-extra,376,,2026-07-15,experimental duplicate approved
[EXP] beta106i - Curse of the Translucent Pelican,presets-extra,376,,2026-07-15,experimental duplicate approved
[EXP] beta106i - Curvature of Sound,presets-extra,376,,2026-07-15,experimental duplicate approved
[EXP] beta106i - Curvature of Sound (10 Dimensions),presets-extra,376,,2026-07-15,experimental duplicate approved
[EXP] beta106i - Curvature of Sound (11 Dimensions),presets-extra,376,,2026-07-15,experimental duplicate approved
[EXP] beta106i - Curvature of Sound (12 Dimensions),presets-extra,376,,2026-07-15,experimental duplicate approved
[EXP] beta106i - Curvature of Sound (21 Dimensions),presets-extra,376,,2026-07-15,experimental duplicate approved
[EXP] beta106i - Curvature of Sound (22 Dimensions),presets-extra,376,,2026-07-15,experimental duplicate approved
[EXP] beta106i - Curvature of Sound (5 Dimensions),presets-extra,376,,2026-07-15,experimental duplicate approved
[EXP] beta106i - Divine Finery,presets-extra,377,,2026-07-15,experimental duplicate approved
[EXP] beta106i - Divine Finery (Vishnu's Tophat),presets-extra,377,,2026-07-15,experimental duplicate approved
[EXP] beta106i - Drains (Mobile),presets-extra,377,,2026-07-15,experimental duplicate approved
[EXP] beta106i - Dustrunner,presets-extra,377,,2026-07-15,experimental duplicate approved
[EXP] beta106i - Earth (Quakes),presets-extra,377,,2026-07-15,experimental duplicate approved
[EXP] beta106i - Ecliptic,presets-extra,377,,2026-07-15,experimental duplicate approved
[EXP] beta106i - Eerie,presets-extra,377,,2026-07-15,experimental duplicate approved
[EXP] beta106i - Empty Places,presets-extra,377,,2026-07-15,experimental duplicate approved
[EXP] beta106i - Empty Places (Nothing Removed),presets-extra,377,,2026-07-15,experimental duplicate approved
[EXP] beta106i - Empty Places (Silkdrop),presets-extra,377,,2026-07-15,experimental duplicate approved
[EXP] beta106i - Envoy of Balance,presets-extra,377,,2026-07-15,experimental duplicate approved
[EXP] beta106i - Envoy of Balance (1. Tour through Elastopolis),presets-extra,377,,2026-07-15,experimental duplicate approved
[EXP] beta106i - Envoy of Balance (3. Assassination Attempt),presets-extra,377,,2026-07-15,experimental duplicate approved
[EXP] beta106i - Envoy of Balance (4. Return to Balance),presets-extra,377,,2026-07-15,experimental duplicate approved
[EXP] beta106i - Eruption (Stream Crossing),presets-extra,377,,2026-07-15,experimental duplicate approved
[EXP] beta106i - Factory Shift,presets-extra,377,,2026-07-15,experimental duplicate approved
[EXP] beta106i - Fierce Vision,presets-extra,377,,2026-07-15,experimental duplicate approved
[EXP] beta106i - Fierce Vision (Blind Man's Version),presets-extra,377,,2026-07-15,experimental duplicate approved
[EXP] beta106i - Fit of Rage (Where You Home),presets-extra,377,,2026-07-15,experimental duplicate approved
[EXP] beta106i - Fun World (Coronation),presets-extra,377,,2026-07-15,experimental duplicate approved
[EXP] beta106i - GN@tack.ed,presets-extra,377,,2026-07-15,experimental duplicate approved
[EXP] beta106i - GN@tack.er,presets-extra,377,,2026-07-15,experimental duplicate approved
[EXP] beta106i - Galapagos,presets-extra,377,,2026-07-15,experimental duplicate approved
[EXP] beta106i - Glassworks,presets-extra,377,,2026-07-15,experimental duplicate approved
[EXP] beta106i - Great Bath,presets-extra,377,,2026-07-15,experimental duplicate approved
[EXP] beta106i - Great Bath (Emerger),presets-extra,377,,2026-07-15,experimental duplicate approved
[EXP] beta106i - Great Bath (Submerger),presets-extra,377,,2026-07-15,experimental duplicate approved
[EXP] beta106i - Grief Adjustment (Karma Craft),presets-extra,377,,2026-07-15,experimental duplicate approved
[EXP] beta106i - Grief Adjustment (Karma Shift),presets-extra,377,,2026-07-15,experimental duplicate approved
[EXP] beta106i - Gross Product,presets-extra,377,,2026-07-15,experimental duplicate approved
[EXP] beta106i - Gross Product (The Fractal Team),presets-extra,377,,2026-07-15,experimental duplicate approved
[EXP] beta106i - Gross Product (The Fractal Twins),presets-extra,377,,2026-07-15,experimental duplicate approved
[EXP] beta106i - Hackproof,presets-extra,377,,2026-07-15,experimental duplicate approved
[EXP] beta106i - Haggard Hemisphere of Lost Control,presets-extra,377,,2026-07-15,experimental duplicate approved
[EXP] beta106i - Half Time,presets-extra,377,,2026-07-15,experimental duplicate approved
[EXP] beta106i - Half Time (Substrate A),presets-extra,377,,2026-07-15,experimental duplicate approved
[EXP] beta106i - Half Time (Substrate B),presets-extra,377,,2026-07-15,experimental duplicate approved
[EXP] beta106i - Hard Drink (Double Tonic),presets-extra,377,,2026-07-15,experimental duplicate approved
[EXP] beta106i - Hard Drink (Mocca),presets-extra,377,,2026-07-15,experimental duplicate approved
[EXP] beta106i - Hard Drink (Molotov Ice Tea),presets-extra,377,,2026-07-15,experimental duplicate approved
[EXP] beta106i - Hard Drink (Piranha),presets-extra,377,,2026-07-15,experimental duplicate approved
[EXP] beta106i - Hard Drink (Triple Tonic),presets-extra,377,,2026-07-15,experimental duplicate approved
[EXP] beta106i - Have at You,presets-extra,377,,2026-07-15,experimental duplicate approved
[EXP] beta106i - Have at You (Feint),presets-extra,377,,2026-07-15,experimental duplicate approved
[EXP] beta106i - Have at You (Spin Strike),presets-extra,377,,2026-07-15,experimental duplicate approved
[EXP] beta106i - Hollowpoint,presets-extra,377,,2026-07-15,experimental duplicate approved
[EXP] beta106i - Hollowpoint (Armor Piercing),presets-extra,377,,2026-07-15,experimental duplicate approved
[EXP] beta106i - Hollowpoint (Live Dynamite),presets-extra,378,,2026-07-15,experimental duplicate approved
[EXP] beta106i - Hollowpoint (Sabot),presets-extra,378,,2026-07-15,experimental duplicate approved
[EXP] beta106i - House of Chance,presets-extra,378,,2026-07-15,experimental duplicate approved
[EXP] beta106i - House of Chance (Entrance A-24),presets-extra,378,,2026-07-15,experimental duplicate approved
[EXP] beta106i - House of Chance (Liquidator),presets-extra,378,,2026-07-15,experimental duplicate approved
[EXP] beta106i - Hypothetical Voyage (Triptichon),presets-extra,378,,2026-07-15,experimental duplicate approved
[EXP] beta106i - Inhuman Emotion,presets-extra,378,,2026-07-15,experimental duplicate approved
[EXP] beta106i - Inhuman Emotion (Anger),presets-extra,378,,2026-07-15,experimental duplicate approved
[EXP] beta106i - Inhuman Emotion (Disgust),presets-extra,378,,2026-07-15,experimental duplicate approved
[EXP] beta106i - Inhuman Emotion (Fear),presets-extra,378,,2026-07-15,experimental duplicate approved
[EXP] beta106i - Inhuman Emotion (Love - One Way Version),presets-extra,378,,2026-07-15,experimental duplicate approved
[EXP] beta106i - Inhuman Emotion (Love),presets-extra,378,,2026-07-15,experimental duplicate approved
[EXP] beta106i - Inhuman Emotion (Regret),presets-extra,378,,2026-07-15,experimental duplicate approved
[EXP] beta106i - Jammer,presets-extra,378,,2026-07-15,experimental duplicate approved
[EXP] beta106i - Jupiter (And Zeus),presets-extra,378,,2026-07-15,experimental duplicate approved
[EXP] beta106i - Jupiter (Rapture),presets-extra,378,,2026-07-15,experimental duplicate approved
[EXP] beta106i - Killer of St. Bartholomew,presets-extra,378,,2026-07-15,experimental duplicate approved
[EXP] beta106i - Landwave,presets-extra,378,,2026-07-15,experimental duplicate approved
[EXP] beta106i - Landwave (Slide),presets-extra,378,,2026-07-15,experimental duplicate approved
[EXP] beta106i - Leaper Colony (Jelly Rainbow),presets-extra,378,,2026-07-15,experimental duplicate approved
[EXP] beta106i - Leaper Colony (Kefka's Rainbow),presets-extra,378,,2026-07-15,experimental duplicate approved
[EXP] beta106i - Leaper Colony (Meteor),presets-extra,378,,2026-07-15,experimental duplicate approved
[EXP] beta106i - Leaper Colony Highway,presets-extra,378,,2026-07-15,experimental duplicate approved
[EXP] beta106i - Leaper Colony Security Fence,presets-extra,378,,2026-07-15,experimental duplicate approved
[EXP] beta106i - Legacy,presets-extra,378,,2026-07-15,experimental duplicate approved
[EXP] beta106i - Madness Teaches us to Fight,presets-extra,378,,2026-07-15,experimental duplicate approved
[EXP] beta106i - Mind,presets-extra,378,,2026-07-15,experimental duplicate approved
[EXP] beta106i - Mollusk (F-zungi),presets-extra,378,,2026-07-15,experimental duplicate approved
[EXP] beta106i - Negative Sun (Smoke Star),presets-extra,378,,2026-07-15,experimental duplicate approved
[EXP] beta106i - Never Made for this Purpose,presets-extra,378,,2026-07-15,experimental duplicate approved
[EXP] beta106i - One Team,presets-extra,378,,2026-07-15,experimental duplicate approved
[EXP] beta106i - Origins of Life (Atmospheric Reaction),presets-extra,378,,2026-07-15,experimental duplicate approved
[EXP] beta106i - Oversizer,presets-extra,379,,2026-07-15,experimental duplicate approved
[EXP] beta106i - Oversizer (Modernist Lane),presets-extra,379,,2026-07-15,experimental duplicate approved
[EXP] beta106i - Oversizer (Modernist Line),presets-extra,379,,2026-07-15,experimental duplicate approved
[EXP] beta106i - Planck Drift,presets-extra,379,,2026-07-15,experimental duplicate approved
[EXP] beta106i - Planck Drift (Planckton),presets-extra,379,,2026-07-15,experimental duplicate approved
[EXP] beta106i - Planck Drift (Splittle),presets-extra,379,,2026-07-15,experimental duplicate approved
[EXP] beta106i - Reality Disfigured (Stain Mad),presets-extra,379,,2026-07-15,experimental duplicate approved
[EXP] beta106i - Reality Disfigured (Stain Sane),presets-extra,379,,2026-07-15,experimental duplicate approved
[EXP] beta106i - Reality Disfigured (Tumble Hard),presets-extra,379,,2026-07-15,experimental duplicate approved
[EXP] beta106i - Reality Disfigured (Tumbler),presets-extra,379,,2026-07-15,experimental duplicate approved
[EXP] beta106i - Reality Disfigured (Unbroken),presets-extra,379,,2026-07-15,experimental duplicate approved
[EXP] beta106i - Rejoice (Great Debt),presets-extra,379,,2026-07-15,experimental duplicate approved
[EXP] beta106i - Sargasso (Current),presets-extra,379,,2026-07-15,experimental duplicate approved
[EXP] beta106i - Sargasso (Drop in the Ocean),presets-extra,379,,2026-07-15,experimental duplicate approved
[EXP] beta106i - Sargasso (Ghost Ship),presets-extra,379,,2026-07-15,experimental duplicate approved
[EXP] beta106i - Sargasso (Sealife),presets-extra,379,,2026-07-15,experimental duplicate approved
[EXP] beta106i - School of Thought (History repeating itself),presets-extra,379,,2026-07-15,experimental duplicate approved
[EXP] beta106i - Signs,presets-extra,379,,2026-07-15,experimental duplicate approved
[EXP] beta106i - Snowstorm Dimension (Colored),presets-extra,379,,2026-07-15,experimental duplicate approved
[EXP] beta106i - Something against the Warmth,presets-extra,379,,2026-07-15,experimental duplicate approved
[EXP] beta106i - Songflower,presets-extra,379,,2026-07-15,experimental duplicate approved
[EXP] beta106i - Songflower (Cactus Nosegay),presets-extra,379,,2026-07-15,experimental duplicate approved
[EXP] beta106i - Songflower (Dewdrop),presets-extra,379,,2026-07-15,experimental duplicate approved
[EXP] beta106i - Songflower (Florist Twist),presets-extra,379,,2026-07-15,experimental duplicate approved
[EXP] beta106i - Songflower (Redwood Bouquet),presets-extra,379,,2026-07-15,experimental duplicate approved
[EXP] beta106i - Teatime,presets-extra,379,,2026-07-15,experimental duplicate approved
[EXP] beta106i - Teatime (Golden Monkey),presets-extra,379,,2026-07-15,experimental duplicate approved
[EXP] beta106i - Teatime (Yunnan Jig),presets-extra,379,,2026-07-15,experimental duplicate approved
[EXP] beta106i - The Best Placebo,presets-extra,379,,2026-07-15,experimental duplicate approved
[EXP] beta106i - The Best Placebo (Against Confusion),presets-extra,379,,2026-07-15,experimental duplicate approved
[EXP] beta106i - The Lurker (Overlord),presets-extra,379,,2026-07-15,experimental duplicate approved
[EXP] beta106i - Tool of Construction,presets-extra,379,,2026-07-15,experimental duplicate approved
[EXP] beta106i - Tweak Trains,presets-extra,379,,2026-07-15,experimental duplicate approved
[EXP] beta106i - Twice Restrained (Fluid),presets-extra,379,,2026-07-15,experimental duplicate approved
[EXP] beta106i - Uncontrolled Experiment,presets-extra,379,,2026-07-15,experimental duplicate approved
[EXP] beta106i - United States of Being,presets-extra,379,,2026-07-15,experimental duplicate approved
[EXP] beta106i - Unsharp Edge (Subsonic Afterlife),presets-extra,379,,2026-07-15,experimental duplicate approved
[EXP] beta106i - Veil of Steel,presets-extra,379,,2026-07-15,experimental duplicate approved
[EXP] beta106i - Veil of Steel (Steel Storm),presets-extra,380,,2026-07-15,experimental duplicate approved
[EXP] beta106i - Volatile,presets-extra,380,,2026-07-15,experimental duplicate approved
[EXP] beta106i - Volatile (Flare),presets-extra,380,,2026-07-15,experimental duplicate approved
[EXP] beta106i - Wanderer in Curved Space,presets-extra,380,,2026-07-15,experimental duplicate approved
[EXP] beta106i - Wanderer skipping along,presets-extra,380,,2026-07-15,experimental duplicate approved
[EXP] beta106i - Wanderer with Restless Leg Syndrome,presets-extra,380,,2026-07-15,experimental duplicate approved
[EXP] beta106i - Wandering under Influence of Alcohol,presets-extra,380,,2026-07-15,experimental duplicate approved
[EXP] beta106i - Waylay Elemental (Burned Earth),presets-extra,380,,2026-07-15,experimental duplicate approved
[EXP] beta106i - Waylay Elemental (Elastic Fire),presets-extra,380,,2026-07-15,experimental duplicate approved
[EXP] beta106i - Waylay Elemental (Frozen Blood),presets-extra,380,,2026-07-15,experimental duplicate approved
[EXP] beta106i - Waylay Elemental (Wind Charger),presets-extra,380,,2026-07-15,experimental duplicate approved
[EXP] beta106i - Wishful Tinker (Carbonhead),presets-extra,380,,2026-07-15,experimental duplicate approved
[EXP] beta106i - Wishful Tinker (Gearbox),presets-extra,380,,2026-07-15,experimental duplicate approved
[EXP] beta106i - Wishful Tinker (Leadhead),presets-extra,380,,2026-07-15,experimental duplicate approved
[EXP] beta106i - Wishful Tinker (Party Hardest),presets-extra,380,,2026-07-15,experimental duplicate approved
[EXP] beta106i - Wishful Tinker (Seleniumhead),presets-extra,380,,2026-07-15,experimental duplicate approved
[EXP] beta106i - Zucker (Cells),presets-extra,380,,2026-07-15,experimental duplicate approved
[EXP] beta106i - ddummyy,presets-extra,380,,2026-07-15,experimental duplicate approved
[EXP] beta106i - ddummyy (01u0104),presets-extra,380,,2026-07-15,experimental duplicate approved
[EXP] gastly - Circular Light,presets-extra,400,,2026-07-15,experimental duplicate approved
[EXP] hexcollie - Bouncy Bars,presets-extra,402,,2026-07-15,experimental duplicate approved
[EXP] hexcollie - Endorphinage,presets-extra,402,,2026-07-15,experimental duplicate approved
[EXP] hexcollie - EyeStrain,presets-extra,402,,2026-07-15,experimental duplicate approved
[EXP] hexcollie - Fckin Chaos,presets-extra,402,,2026-07-15,experimental duplicate approved
[EXP] hexcollie - Galaxy,presets-extra,402,,2026-07-15,experimental duplicate approved
[EXP] hexcollie - PinArt,presets-extra,403,,2026-07-15,experimental duplicate approved
[EXP] hexcollie - Squirm,presets-extra,403,,2026-07-15,experimental duplicate approved
[EXP] hexcollie - Synaps,presets-extra,403,,2026-07-15,experimental duplicate approved
[EXP] hexcollie - Tweakin spider,presets-extra,403,,2026-07-15,experimental duplicate approved
[EXP] hexcollie - boxfx,presets-extra,403,,2026-07-15,experimental duplicate approved
[EXP] hexcollie - crackedout,presets-extra,403,,2026-07-15,experimental duplicate approved
[EXP] hexcollie - only al gore knows,presets-extra,403,,2026-07-15,experimental duplicate approved
[EXP] hexcollie - tripping1,presets-extra,403,,2026-07-15,experimental duplicate approved
[EXP] malalol + Rovastar - VooV's Organic Light (rays mix),presets-extra,408,,2026-07-15,experimental duplicate approved
[EXP] malalol - fractepletic maze (Zylot random color code + Krash beat dectetion)2,presets-extra,408,,2026-07-15,experimental duplicate approved
[EXP] malalol - fractepletic mazeness,presets-extra,408,,2026-07-15,experimental duplicate approved
[EXP] mr_zoolook - fluffy [sigmoid discontinuity smoothing],presets-extra,414,,2026-07-15,experimental duplicate approved
"[EXP] nil - Too Much, Man, Too Much, Too Much",presets-extra,415,,2026-07-15,experimental duplicate approved
[EXP] Chemlock - Murky Mularkey Has a Flashback (Geiss - Feedback 2 equations),presets-extra,236,,2026-07-15,experimental duplicate approved
[EXP] Esotic & Krash - Flashy LemineM's,presets-extra,248,,2026-07-15,experimental duplicate approved
[EXP] Esotic and Krash - Flashy LemineM's,presets-extra,248,,2026-07-15,experimental duplicate approved
[EXP] EvilJim - #09 Turning Flash,presets-extra,249,,2026-07-15,experimental duplicate approved
[EXP] EvilJim - #10 Color Flash,presets-extra,249,,2026-07-15,experimental duplicate approved
[EXP] EvilJim - Colour Flash,presets-extra,249,,2026-07-15,experimental duplicate approved
[EXP] EvilJim - Turning Flash,presets-extra,249,,2026-07-15,experimental duplicate approved
[EXP] Flexi - a script kiddies flash,presets-extra,252,,2026-07-15,experimental duplicate approved
[EXP] Flexi - a script kiddies flash ][,presets-extra,252,,2026-07-15,experimental duplicate approved
[EXP] Flexi - flashback,presets-extra,255,,2026-07-15,experimental duplicate approved
[EXP] Flexi - flashbird,presets-extra,255,,2026-07-15,experimental duplicate approved
[EXP] Phat_BlueLight_Condition (Yin and Eo.S waveforms) More Flash Mix,presets-extra,307,,2026-07-15,experimental duplicate approved
[EXP] amandio c - flashy little heli,presets-extra,359,,2026-07-15,experimental duplicate approved
[EXP] amandio c - flashy little heli lite,presets-extra,359,,2026-07-15,experimental duplicate approved
[EXP] amandio c - flashy little thing 1,presets-extra,359,,2026-07-15,experimental duplicate approved
[EXP] amandio c - flashy thing,presets-extra,359,,2026-07-15,experimental duplicate approved
[EXP] bdrv + al shifter - spincycle(remix)the bdrv et.AL4a flashing2j,presets-extra,370,,2026-07-15,experimental duplicate approved
[EXP] shifter - flashburn,presets-extra,427,,2026-07-15,experimental duplicate approved
[EXP] shifter - flashburn v2,presets-extra,159,,2026-07-15,experimental duplicate approved
[EXP] Krash - interwoven (nightmare weft)_Phats_I_Wana_Fuck_Some_Candy_Kids...,presets-extra,288,,2026-07-15,experimental duplicate approved
[EXP] Phat+fiShbRaiN_Looker_fuck_boxs_remix,presets-extra,307,,2026-07-15,experimental duplicate approved
[EXP] Phat+fiShbRaiN_Looker_fuck_remix,presets-extra,307,,2026-07-15,experimental duplicate approved
[EXP] shifter - bronchiole (Eo.S.+Phat edit)HellaTextured_Krash_Beat_Detection_Fucked_Up_Kids_Remix_2_BETA4,presets-extra,426,,2026-07-15,experimental duplicate approved
[EXP] shifter - bronchiole (Eo.S.+Phat edit)HellaTextured_Krash_Beat_Detection_Fucked_Up_Kids_Remix_BETA4,presets-extra,426,,2026-07-15,experimental duplicate approved
[EXP] Aderrasi - Worms,presets-extra,221,,2026-07-15,experimental duplicate approved
[EXP] EMPR - Random - Worm Annilation and Creation,presets-extra,238,,2026-07-15,experimental duplicate approved
[EXP] Flexi - elastic thread . worm soup (with mindmelting impact),presets-extra,255,,2026-07-15,experimental duplicate approved
[EXP] Flexi - elastic thread . worm soup (with mindmelting impact) bdrv star pulse2k,presets-extra,255,,2026-07-15,experimental duplicate approved
[EXP] ORB - Tape Worm,presets-extra,305,,2026-07-15,experimental duplicate approved
[EXP] Ondras - Worm's Voyage,presets-extra,306,,2026-07-15,experimental duplicate approved
[EXP] Flexi - fractal wings 3 [gay moth],presets-extra,255,,2026-07-15,experimental duplicate approved
[EXP] suksma + raron - satanizer - peripheral rape trainer,presets-extra,433,,2026-07-15,experimental duplicate approved
[EXP] Eo.S.+Phat -Eater_smear_tackticks_flashy,presets-extra,246,,2026-07-15,experimental duplicate approved
[EXP] Eo.S.+Phat last of it's kind_lens_flair_flashy_boxes_mix,presets-extra,247,,2026-07-15,experimental duplicate approved
[EXP] Eo.S.+Phat last of it's kind_lens_flair_flashy_boxes_mix_v2,presets-extra,247,,2026-07-15,experimental duplicate approved
[EXP] Krash + Eo.S. - Photographic Sentinel_Phat's_Crayola_Flash_mix,presets-extra,287,,2026-07-15,experimental duplicate approved
[EXP] shifter - bronchiole (Eo.S.+Phat edit)HellaTextured_Krash_Beat_Detection_Flash_Mix_BETA4,presets-extra,426,,2026-07-15,experimental duplicate approved
[EXP] ..FXSetting -  New Definitons For Milk With  Anandamide - Martin - AdamFX - Geiss Ft Flexi n EoS - Glowsticks in ChathedralFX - giant violent pussy,presets-extra,270,,2026-07-15,invalid generated JavaScript equation
[EXP] 01111111malalol+bdrv+al Aderrasi+Krash - Framed Brilliance of Consuming,presets-extra,271,,2026-07-15,invalid generated JavaScript equation
[EXP] A Milk Art Detail 2 flexi - moebius transformation ft Ishan n Idiot With AdamFX,presets-extra,278,,2026-07-15,invalid generated JavaScript equation
[EXP] A Ultimate AdamFX 2 Martin - disco mix 6 (UFO RMX)Inside the ship (thereShooting)4,presets-extra,209,,2026-07-15,invalid generated JavaScript equation
[EXP] A Ultimate AdamFX 2 Martin - disco mix 6 (UFO RMX)Inside the ship (thereShooting)6,presets-extra,210,,2026-07-15,invalid generated JavaScript equation
[EXP] A Ultimate AdamFX 2 Martin - disco mix 6 (UFO RMX)Inside the ship (thereShooting)7,presets-extra,280,,2026-07-15,invalid generated JavaScript equation
"[EXP] A Ultimate AdamFX 2 Martin - disco mix 6 (UFO RMX)Inside the ship (thereShooting)Flexi,Fishbrain,Hexoc10",presets-extra,210,,2026-07-15,invalid generated JavaScript equation
"[EXP] A Ultimate AdamFX 2 Martin - disco mix 6 (UFO RMX)Inside the ship (thereShooting)Flexi,Fishbrain,Hexoco2",presets-extra,210,,2026-07-15,invalid generated JavaScript equation
"[EXP] A Ultimate AdamFX 2 Martin - disco mix 6 (UFO RMX)Inside the ship (thereShooting)Flexi,Fishbrain,Hexocollie",presets-extra,280,,2026-07-15,invalid generated JavaScript equation
"[EXP] A Ultimate AdamFX 2 Martin - disco mix 6 (UFO RMX)Inside the ship (thereShooting)Flexi,Fishbrain,Hexocollie 2",presets-extra,280,,2026-07-15,invalid generated JavaScript equation
"[EXP] A Ultimate AdamFX 2 Martin - disco mix 6 (UFO RMX)Inside the ship (thereShooting)Flexi,Fishbrain,Hexocollie1",presets-extra,210,,2026-07-15,invalid generated JavaScript equation
[EXP] A Ultimate AdamFX 2 Martin - disco mix 6 (UFO RMX)Quantum Dancefloor,presets-extra,280,,2026-07-15,invalid generated JavaScript equation
[EXP] Aderrasi - Accelerator (Hot Lead Transfusion),presets-extra,283,,2026-07-15,invalid generated JavaScript equation
[EXP] Aderrasi - Gravity Lensing (Psycho Remorse),presets-extra,284,,2026-07-15,invalid generated JavaScript equation
[EXP] BDRV Aderrasi - Accelerator (Orbital Migraine) BDRV et  AL  rmx3,presets-extra,290,,2026-07-15,invalid generated JavaScript equation
[EXP] BDRV Aderrasi - Accelerator (Orbital Migraine) BDRV et  AL  rmx33,presets-extra,290,,2026-07-15,invalid generated JavaScript equation
[EXP] BDRV Aderrasi - Accelerator (Plastique Palace) BDRV et  AL  rmx,presets-extra,290,,2026-07-15,invalid generated JavaScript equation
[EXP] BDRV Aderrasi - Accelerator (Plastique Palace) BDRV et  AL  rmx2,presets-extra,290,,2026-07-15,invalid generated JavaScript equation
[EXP] BDRV Aderrasi - Accelerator (Plastique Palace) BDRV et  AL  rmx3,presets-extra,290,,2026-07-15,invalid generated JavaScript equation
[EXP] BDRV Aderrasi - Accelerator (Plastique Palace) BDRV et  AL  rmx4,presets-extra,290,,2026-07-15,invalid generated JavaScript equation
[EXP] BDRV et AL Aderrasi - Accelerator (Orbital Migraine) bdvr xxx2,presets-extra,291,,2026-07-15,invalid generated JavaScript equation
[EXP] BDRV et AL Aderrasi - Oracle bdrv global warming  mix xxx,presets-extra,291,,2026-07-15,invalid generated JavaScript equation
[EXP] BDRV et AL Eo.S - Phat - randombox bdrv xxx,presets-extra,291,,2026-07-15,invalid generated JavaScript equation
[EXP] Bdrv Aderrasi - Accelerator (Plastique Garden - The Way Things Always Were) bdrv et.AL,presets-extra,292,,2026-07-15,invalid generated JavaScript equation
[EXP] Bdrv Aderrasi - Gravity Conform (Quell) bdrv et.AL,presets-extra,293,,2026-07-15,invalid generated JavaScript equation
[EXP] Bdrv Aderrasi - Oracle BDRV et  AL  rmx9.4,presets-extra,293,,2026-07-15,invalid generated JavaScript equation
[EXP] Bdrv Eo.S. + Phat - chasers 08 nematode_Teal_mix bdrv et.AL2,presets-extra,294,,2026-07-15,invalid generated JavaScript equation
[EXP] Bdrv Eo.S. - pulsecube BDRV et  AL  rmxmix 2,presets-extra,294,,2026-07-15,invalid generated JavaScript equation
[EXP] Bdrv Eo.S. - pulsecube BDRV et  AL  rmxmix 2 - truss,presets-extra,294,,2026-07-15,invalid generated JavaScript equation
[EXP] Bdrv Eo.S. - pulsecube BDRV et  AL  rmxmix 2 - truss rolo nz,presets-extra,294,,2026-07-15,invalid generated JavaScript equation
[EXP] Bdrv Eo.S. - pulsecube BDRV et  AL  rmxmix 24,presets-extra,294,,2026-07-15,invalid generated JavaScript equation
[EXP] Bdrv et AL Aderrasi - Accelerator (Orbital Migraine) bdvr xxx2_1 - pancake oven,presets-extra,294,,2026-07-15,invalid generated JavaScript equation
[EXP] Bdrv et AL Aderrasi - Accelerator (Orbital Migraine) bdvr xxx3,presets-extra,294,,2026-07-15,invalid generated JavaScript equation
[EXP] Bdrv et AL Aderrasi - Accelerator (Orbital Migraine) bdvr xxx4,presets-extra,294,,2026-07-15,invalid generated JavaScript equation
[EXP] Bdrv et al Rovastar - azurione 2.1,presets-extra,294,,2026-07-15,invalid generated JavaScript equation
[EXP] Flexi - tentacles w bg,presets-extra,324,,2026-07-15,invalid generated JavaScript equation
[EXP] Hexcollie - Drone zone,presets-extra,337,,2026-07-15,invalid generated JavaScript equation
[EXP] Hexcollie - now entering the wormhole,presets-extra,338,,2026-07-15,invalid generated JavaScript equation
[EXP] Hexcollie - now entering the wormhole2,presets-extra,338,,2026-07-15,invalid generated JavaScript equation
"[EXP] Hexcollie - now entering the wormhole2 - mash0000 - if you like this, maybe you, like me, are insane",presets-extra,236,,2026-07-15,invalid generated JavaScript equation
"[EXP] Hexcollie, Bdrv n Eo.S. - Dorsal Ganglion",presets-extra,339,,2026-07-15,invalid generated JavaScript equation
"[EXP] Hexcollie, Bdrv n Eo.S. - Dorsal Ganglion 2",presets-extra,339,,2026-07-15,invalid generated JavaScript equation
"[EXP] Hexcollie, Eo.s, Phat, bdrv n Aderrasi - What a party",presets-extra,339,,2026-07-15,invalid generated JavaScript equation
"[EXP] Hexcollie, Eo.s, Phat, bdrv n Aderrasi - What a party - j4- - figurines of speechless",presets-extra,339,,2026-07-15,invalid generated JavaScript equation
"[EXP] Hexcollie, EoS, Phat, bdrv n Aderrasi - What a party",presets-extra,214,,2026-07-15,invalid generated JavaScript equation
"[EXP] Hexcollie, Pieturp n Orb - This may be my favorite preset ever",presets-extra,340,,2026-07-15,invalid generated JavaScript equation
[EXP] I WILL NOT BE SATISFIED,presets-extra,341,,2026-07-15,invalid generated JavaScript equation
[EXP] Idiot24-7 & Unchained - A Little Too Unchainedish,presets-extra,343,,2026-07-15,invalid generated JavaScript equation
[EXP] Idiot24-7 & Unchained - Mind Bending Beat Demo,presets-extra,343,,2026-07-15,invalid generated JavaScript equation
[EXP] Idiot24-7 - Morphing Grid 2,presets-extra,344,,2026-07-15,invalid generated JavaScript equation
[EXP] Idiot24-7&unchained-alittletoounchain,presets-extra,345,,2026-07-15,invalid generated JavaScript equation
[EXP] Idiot24-7&unchained-mindbendingbeatde,presets-extra,345,,2026-07-15,invalid generated JavaScript equation
[EXP] Idiot24-7-morphinggrid2,presets-extra,346,,2026-07-15,invalid generated JavaScript equation
[EXP] Illusion & Unchained - Invade My Mind,presets-extra,347,,2026-07-15,invalid generated JavaScript equation
[EXP] Illusion&unchained-invademymind,presets-extra,348,,2026-07-15,invalid generated JavaScript equation
[EXP] Isosceles Mashup 20200413 v021,presets-extra,201,,2026-07-15,invalid generated JavaScript equation
[EXP] Isosceles Mashup 20200413 v022,presets-extra,201,,2026-07-15,invalid generated JavaScript equation
[EXP] Isosceles Mashup 20200413 v023,presets-extra,201,,2026-07-15,invalid generated JavaScript equation
[EXP] Isosceles Mashup 20200413 v024,presets-extra,201,,2026-07-15,invalid generated JavaScript equation
[EXP] Isosceles Mashup 20200413 v025,presets-extra,201,,2026-07-15,invalid generated JavaScript equation
[EXP] Isosceles Mashup 20200413 v026,presets-extra,201,,2026-07-15,invalid generated JavaScript equation
[EXP] Isosceles Mashup 20200413 v027,presets-extra,201,,2026-07-15,invalid generated JavaScript equation
[EXP] Isosceles Mashup 20200413 v028,presets-extra,201,,2026-07-15,invalid generated JavaScript equation
[EXP] Isosceles Mashup 20200413 v029,presets-extra,201,,2026-07-15,invalid generated JavaScript equation
[EXP] Isosceles Mashup 20200413 v030,presets-extra,201,,2026-07-15,invalid generated JavaScript equation
[EXP] Isosceles Mashup 20200416 v019,presets-extra,189,,2026-07-15,invalid generated JavaScript equation
[EXP] LuxXx - Godbox,presets-extra,359,,2026-07-15,invalid generated JavaScript equation
[EXP] LuxXx - Godwheels,presets-extra,359,,2026-07-15,invalid generated JavaScript equation
[EXP] New (Unchained Beat Code -  coler code),presets-extra,370,,2026-07-15,invalid generated JavaScript equation
[EXP] ORB - Eat me,presets-extra,216,,2026-07-15,invalid generated JavaScript equation
[EXP] ORB - Paper Cutouts,presets-extra,371,,2026-07-15,invalid generated JavaScript equation
[EXP] PieturP - HSL-demo-wave1,presets-extra,376,,2026-07-15,invalid generated JavaScript equation
[EXP] PieturP - HSL-demo-wave2,presets-extra,376,,2026-07-15,invalid generated JavaScript equation
[EXP] PieturP - HSL-demo-wave3,presets-extra,376,,2026-07-15,invalid generated JavaScript equation
[EXP] PieturP - HSL-here-we-go-0.5,presets-extra,376,,2026-07-15,invalid generated JavaScript equation
[EXP] PieturP - HSL-here-we-go-1,presets-extra,376,,2026-07-15,invalid generated JavaScript equation
[EXP] PieturP - HSL-here-we-go-2,presets-extra,217,,2026-07-15,invalid generated JavaScript equation
[EXP] PieturP - HSL-here-we-go-3,presets-extra,217,,2026-07-15,invalid generated JavaScript equation
[EXP] PieturP - HSL-here-we-go-4,presets-extra,217,,2026-07-15,invalid generated JavaScript equation
[EXP] PieturP - HSL-here-we-go-circle,presets-extra,217,,2026-07-15,invalid generated JavaScript equation
[EXP] PieturP - HSL-here-we-go-circles,presets-extra,217,,2026-07-15,invalid generated JavaScript equation
[EXP] PieturP - HSL-here-we-go-circles-weird,presets-extra,217,,2026-07-15,invalid generated JavaScript equation
[EXP] PieturP - HSL-tunnelvisions,presets-extra,260,,2026-07-15,invalid generated JavaScript equation
[EXP] PieturP - dots_in_a_practical_way_sined_wave,presets-extra,376,,2026-07-15,invalid generated JavaScript equation
[EXP] PieturP HSL-demo-circle,presets-extra,376,,2026-07-15,invalid generated JavaScript equation
[EXP] Redi Jedi - self painting portrait of the universe ver2,presets-extra,379,,2026-07-15,invalid generated JavaScript equation
[EXP] TonyMilkdrop - Dawning The Peacocks,presets-extra,405,,2026-07-15,invalid generated JavaScript equation
[EXP] TonyMilkdrop - Dawning The Peacocks [Flexi - opinion + techstyle] --- Isosceles edit,presets-extra,240,,2026-07-15,invalid generated JavaScript equation
[EXP] TonyMilkdrop - Dawning The Peacocks [Flexi - quirks + multiverse],presets-extra,240,,2026-07-15,invalid generated JavaScript equation
[EXP] TonyMilkdrop - Dawning The Peacocks [Flexi - quirks + techstyle] --- Isosceles edit,presets-extra,240,,2026-07-15,invalid generated JavaScript equation
[EXP] TonyMilkdrop - Dawning The Peacocks [Flexi - quitter + $this shall not retain] --- Isosceles edit,presets-extra,240,,2026-07-15,invalid generated JavaScript equation
[EXP] TonyMilkdrop - Dawning The Peacocks [Flexi - quitter] --- Isosceles edit,presets-extra,240,,2026-07-15,invalid generated JavaScript equation
[EXP] Unchained - Beat Demo (Demonology Mix),presets-extra,407,,2026-07-15,invalid generated JavaScript equation
[EXP] Unchained - Beat Demo (Demonology),presets-extra,407,,2026-07-15,invalid generated JavaScript equation
[EXP] Unchained - Beat Demo (Sigmoid),presets-extra,408,,2026-07-15,invalid generated JavaScript equation
[EXP] Unchained - Beat Demo (The Blank Slate),presets-extra,408,,2026-07-15,invalid generated JavaScript equation
[EXP] Unchained - Beat Demo 2.0,presets-extra,408,,2026-07-15,invalid generated JavaScript equation
[EXP] Unchained - Beat Demo 2.1,presets-extra,408,,2026-07-15,invalid generated JavaScript equation
[EXP] Unchained - Beat Demo 2.2,presets-extra,408,,2026-07-15,invalid generated JavaScript equation
[EXP] Unchained - Beat Demo 2.3,presets-extra,408,,2026-07-15,invalid generated JavaScript equation
[EXP] Unchained - Beat Demo 2.4,presets-extra,408,,2026-07-15,invalid generated JavaScript equation
[EXP] Unchained - Beat Demo 2.5,presets-extra,408,,2026-07-15,invalid generated JavaScript equation
[EXP] Unchained - Greedy Gambit,presets-extra,408,,2026-07-15,invalid generated JavaScript equation
[EXP] Unchained - Your Cortex is Mine,presets-extra,409,,2026-07-15,invalid generated JavaScript equation
[EXP] Unchained-BeatDemo2.0,presets-extra,410,,2026-07-15,invalid generated JavaScript equation
[EXP] Unchained-BeatDemo2.0 [shifter's esc shader],presets-extra,410,,2026-07-15,invalid generated JavaScript equation
[EXP] Unchained-BeatDemo2.1,presets-extra,410,,2026-07-15,invalid generated JavaScript equation
[EXP] Unchained-BeatDemo2.2,presets-extra,410,,2026-07-15,invalid generated JavaScript equation
[EXP] Unchained-BeatDemo2.3,presets-extra,410,,2026-07-15,invalid generated JavaScript equation
[EXP] Unchained-BeatDemo2.4,presets-extra,410,,2026-07-15,invalid generated JavaScript equation
[EXP] Unchained-BeatDemo2.5,presets-extra,410,,2026-07-15,invalid generated JavaScript equation
[EXP] Unchained-greedygambit,presets-extra,410,,2026-07-15,invalid generated JavaScript equation
[EXP] Unchained-yourcortexismine,presets-extra,411,,2026-07-15,invalid generated JavaScript equation
[EXP] X-pand -  Random - beat  zoom ,presets-extra,413,,2026-07-15,invalid generated JavaScript equation
[EXP] X-pand - quant combines ray ,presets-extra,413,,2026-07-15,invalid generated JavaScript equation
[EXP] X-pand - quant combines ray - santa klaus vs anile nekrow PAIR,presets-extra,413,,2026-07-15,invalid generated JavaScript equation
[EXP] X-pand - quant combines ray - santa klaus vs anile nekrow PAIR rnz,presets-extra,241,,2026-07-15,invalid generated JavaScript equation
[EXP] X-pand - quant combines ray - santa klaus vs anile nekrow PAIR rnz r,presets-extra,241,,2026-07-15,invalid generated JavaScript equation
[EXP] X-pand - quants energy picture (3-modes code ),presets-extra,413,,2026-07-15,invalid generated JavaScript equation
[EXP] X-pand - quants organic scanner beta mix,presets-extra,413,,2026-07-15,invalid generated JavaScript equation
[EXP] X-pand - quants spin+tangent scanner,presets-extra,413,,2026-07-15,invalid generated JavaScript equation
[EXP] XPand _ x_y_   - magic touch v1.29 (speed version) ... The Best Way is....  ,presets-extra,413,,2026-07-15,invalid generated JavaScript equation
"[EXP] [MASHUP]; ORB - Solar Radiation, Unchained - Beat Demo 2.5, Krash + Rovastar - A Million Miles From Earth (Ripple Mix), Aderrasi - Brakefreak-bitcore Tweak, Unchained - Making A Science Of It 2",presets-extra,420,,2026-07-15,invalid generated JavaScript equation
[EXP] baked - wAsted,presets-extra,432,,2026-07-15,invalid generated JavaScript equation
[EXP] bastards,presets-extra,432,,2026-07-15,invalid generated JavaScript equation
[EXP] bdrv + al - wriggly friend shaolin bhudda finger,presets-extra,432,,2026-07-15,invalid generated JavaScript equation
[EXP] bdrv + al - wriggly friend shaolin bhudda finger2,presets-extra,432,,2026-07-15,invalid generated JavaScript equation
[EXP] bdrv + al - wriggly friend shaolin bhudda finger3b,presets-extra,432,,2026-07-15,invalid generated JavaScript equation
[EXP] bdrv + al Aderrasi - Accelerator (Orbital Migraine) bdvr xxx4,presets-extra,432,,2026-07-15,invalid generated JavaScript equation
[EXP] bdrv + al Aderrasi - Brilliance (Mind Twisting Substance) rmx 5,presets-extra,432,,2026-07-15,invalid generated JavaScript equation
[EXP] bdrv + al Aderrasi - Brilliance (Mind Twisting Substance) rmx 5 - flx sml n19 mrt frt,presets-extra,432,,2026-07-15,invalid generated JavaScript equation
[EXP] bdrv + al Aderrasi - Brilliance (Mind Twisting Substance) rmx 5 - mess,presets-extra,432,,2026-07-15,invalid generated JavaScript equation
[EXP] bdrv + al Baked - Narcotic Hypnotic rmx3,presets-extra,433,,2026-07-15,invalid generated JavaScript equation
[EXP] bdrv + al Baked - Narcotic Hypnotic rmx5,presets-extra,433,,2026-07-15,invalid generated JavaScript equation
[EXP] bdrv + al Eo.s. - Pulsecubebdrv et.AL  Rmxmix 25,presets-extra,434,,2026-07-15,invalid generated JavaScript equation
[EXP] bdrv + al Eo.s. - Pulsecubebdrv et.AL  Rmxmix 25 - qabalistic space invading homo-nutrient mouth swish transmuting 9d symbiosis - fed - 1-ret,presets-extra,434,,2026-07-15,invalid generated JavaScript equation
[EXP] bdrv + al Eo.s. - Pulsecubebdrv et.AL  Rmxmix 25 - qabalistic space invading homo-nutrient mouth swish transmuting 9d symbiosis - fed - heat cannon,presets-extra,434,,2026-07-15,invalid generated JavaScript equation
[EXP] bdrv + al Eo.s. - Pulsecubebdrv et.AL  Rmxmix 25 - qabalistic space invading homo-nutrient mouth swish transmuting 9d symbiosis - threx,presets-extra,434,,2026-07-15,invalid generated JavaScript equation
[EXP] bdrv + al EoS - Pulsecubebdrv etAL  Rmxmix 25 - qabalistic space invading homo-nutrient mouth swish transmuting 9d symbiosis - fed,presets-extra,221,,2026-07-15,invalid generated JavaScript equation
[EXP] bdrv + al Rovastar - Fractopia (Upspoken Mix)mx 53,presets-extra,435,,2026-07-15,invalid generated JavaScript equation
[EXP] bdrv + al Rovastar - Fractopia (Upspoken Mix)mx 53 - blood lleadting,presets-extra,435,,2026-07-15,invalid generated JavaScript equation
[EXP] bdrv + al Rovastar - Fractopia (Upspoken Mix)mx 53 - pig fuck shade,presets-extra,435,,2026-07-15,invalid generated JavaScript equation
[EXP] bdrv et.AL Aderrasi - Accelerator (orbital Migraine) Pac-fractalbdrv,presets-extra,438,,2026-07-15,invalid generated JavaScript equation
[EXP] bdrv et.AL Eo.s. - Pulsecubebdrv et.AL  Rmxmix 25,presets-extra,439,,2026-07-15,invalid generated JavaScript equation
[EXP] beta106i - Accelerator (Blast Hat),presets-extra,441,,2026-07-15,invalid generated JavaScript equation
[EXP] beta106i - Accelerator (Evidence Bluster),presets-extra,441,,2026-07-15,invalid generated JavaScript equation
[EXP] beta106i - Accelerator (Hot Chocolate Transfusion),presets-extra,441,,2026-07-15,invalid generated JavaScript equation
[EXP] beta106i - Accelerator (Liquid Gelatin Headache),presets-extra,441,,2026-07-15,invalid generated JavaScript equation
[EXP] beta106i - Accelerator (Orbital Migraine),presets-extra,441,,2026-07-15,invalid generated JavaScript equation
[EXP] beta106i - Accelerator (Plastique Garden - The Way Things Always Were),presets-extra,441,,2026-07-15,invalid generated JavaScript equation
[EXP] beta106i - Accelerator (Plastique Garden),presets-extra,441,,2026-07-15,invalid generated JavaScript equation
[EXP] beta106i - Accelerator (Plastique Palace),presets-extra,441,,2026-07-15,invalid generated JavaScript equation
[EXP] beta106i - Gravity Lensing,presets-extra,443,,2026-07-15,invalid generated JavaScript equation
[EXP] beta106i - Gravity Lensing (Psycho Extasy),presets-extra,443,,2026-07-15,invalid generated JavaScript equation
[EXP] beta106i - Gravity Lensing (Psycho Extasy) - species pay,presets-extra,443,,2026-07-15,invalid generated JavaScript equation
[EXP] beta106i - Gravity Lensing (Psycho Joy),presets-extra,443,,2026-07-15,invalid generated JavaScript equation
[EXP] beta106i - Gravity Lensing (Psycho Regret),presets-extra,443,,2026-07-15,invalid generated JavaScript equation
[EXP] bloated corpse planet nz+,presets-extra,446,,2026-07-15,invalid generated JavaScript equation
[EXP] ech0 - a beautiful lie 2,presets-extra,453,,2026-07-15,invalid generated JavaScript equation
[EXP] f wen blew my wallet,presets-extra,242,,2026-07-15,invalid generated JavaScript equation
"[EXP] f wen blew my wallet - chub, smack",presets-extra,243,,2026-07-15,invalid generated JavaScript equation
[EXP] f wen blew my wallet - hooray for fed,presets-extra,243,,2026-07-15,invalid generated JavaScript equation
[EXP] f wen blew my wallet - how to beat nothingness into omninmi-submission-potence,presets-extra,243,,2026-07-15,invalid generated JavaScript equation
"[EXP] f wen blew my wallet - it's not that the drugs make me stronger, faster, and smarter, it's that i eat shellfish",presets-extra,243,,2026-07-15,invalid generated JavaScript equation
[EXP] f wen blew my wallet - my thoughts are not,presets-extra,243,,2026-07-15,invalid generated JavaScript equation
[EXP] f wen blew my wallet - phlenexiconal section,presets-extra,243,,2026-07-15,invalid generated JavaScript equation
"[EXP] f wen blew my wallet - you've seen it before, now you see it again",presets-extra,243,,2026-07-15,invalid generated JavaScript equation
[EXP] f wen blew my wallet nz,presets-extra,243,,2026-07-15,invalid generated JavaScript equation
[EXP] flexi + martin - cracking the hardest nuts,presets-extra,460,,2026-07-15,invalid generated JavaScript equation
[EXP] flexi - this is your hardest nut to crack,presets-extra,465,,2026-07-15,invalid generated JavaScript equation
[EXP] fuckin' wench blew my wallet,presets-extra,466,,2026-07-15,invalid generated JavaScript equation
[EXP] fuckin' wench blew my wallet - alkaline water,presets-extra,466,,2026-07-15,invalid generated JavaScript equation
[EXP] fuckin' wench blew my wallet - alkaline water roam,presets-extra,466,,2026-07-15,invalid generated JavaScript equation
"[EXP] fuckin' wench blew my wallet - chub, smack",presets-extra,466,,2026-07-15,invalid generated JavaScript equation
[EXP] fuckin' wench blew my wallet - could ent,presets-extra,466,,2026-07-15,invalid generated JavaScript equation
"[EXP] fuckin' wench blew my wallet - don't question me, EVER",presets-extra,466,,2026-07-15,invalid generated JavaScript equation
[EXP] fuckin' wench blew my wallet - hooray for fed,presets-extra,466,,2026-07-15,invalid generated JavaScript equation
[EXP] fuckin' wench blew my wallet - how to beat nothingness into omninmi-submission-potence,presets-extra,466,,2026-07-15,invalid generated JavaScript equation
[EXP] fuckin' wench blew my wallet - instant emulsifier,presets-extra,466,,2026-07-15,invalid generated JavaScript equation
[EXP] fuckin' wench blew my wallet - instant emulsifier astral level dunkeygasm,presets-extra,466,,2026-07-15,invalid generated JavaScript equation
"[EXP] fuckin' wench blew my wallet - it's not that the drugs make me stronger, faster, and smarter, it's that i eat shellfish",presets-extra,466,,2026-07-15,invalid generated JavaScript equation
[EXP] fuckin' wench blew my wallet - my thoughts are not sexual,presets-extra,466,,2026-07-15,invalid generated JavaScript equation
[EXP] fuckin' wench blew my wallet - phlenexiconal section,presets-extra,466,,2026-07-15,invalid generated JavaScript equation
[EXP] fuckin' wench blew my wallet - you gots to be some fucker and a half to not like this,presets-extra,466,,2026-07-15,invalid generated JavaScript equation
"[EXP] fuckin' wench blew my wallet - you've seen it before, now you see it again",presets-extra,466,,2026-07-15,invalid generated JavaScript equation
[EXP] fuckin' wench blew my wallet nz,presets-extra,466,,2026-07-15,invalid generated JavaScript equation
[EXP] i like a dah koo key,presets-extra,470,,2026-07-15,invalid generated JavaScript equation
[EXP] malalol + Aderrasi - Gravity Lensing (ooooops remix),presets-extra,474,,2026-07-15,invalid generated JavaScript equation
[EXP] martin - beamer code 20h - rhythmic and fast,presets-extra,223,,2026-07-15,invalid generated JavaScript equation
[EXP] martin - beamer code 20h - rhythmic and slower,presets-extra,223,,2026-07-15,invalid generated JavaScript equation
[EXP] martin - beamer code 21h - silent stars,presets-extra,223,,2026-07-15,invalid generated JavaScript equation
[EXP] martin - beat test pendel sergej shapes only,presets-extra,223,,2026-07-15,invalid generated JavaScript equation
[EXP] navigation crotch,presets-extra,480,,2026-07-15,invalid generated JavaScript equation
[EXP] navigation crotch phoqin whahh diqed,presets-extra,480,,2026-07-15,invalid generated JavaScript equation
[EXP] nmbessa potentiamia mandel all unsaidness,presets-extra,481,,2026-07-15,invalid generated JavaScript equation
[EXP] pestilential vibrhatorik,presets-extra,197,,2026-07-15,invalid generated JavaScript equation
[EXP] pivot tables for the dead vs national adultery tour,presets-extra,483,,2026-07-15,invalid generated JavaScript equation
"[EXP] shadowharlequin, martin - (unfinished) gold pellets [warped synapse]",presets-extra,264,,2026-07-15,invalid generated JavaScript equation
[EXP] shifter - liquid circuitry sans jerk,presets-extra,494,,2026-07-15,invalid generated JavaScript equation
[EXP] skidx,presets-extra,495,,2026-07-15,invalid generated JavaScript equation
"[EXP] suksma - Hexcollie - now entering the wormhole2 - mash0000 - if you like this, maybe you, like me, are insane",presets-extra,248,,2026-07-15,invalid generated JavaScript equation
[EXP] suksma - adam martin geiss - come into my closet of rot,presets-extra,248,,2026-07-15,invalid generated JavaScript equation
[EXP] suksma - bdrv + al Aderrasi - Brilliance (Mind Twisting Substance) rmx 5 - indeterminate,presets-extra,249,,2026-07-15,invalid generated JavaScript equation
[EXP] suksma - bdrv + al Aderrasi - Brilliance (Mind Twisting Substance) rmx 5 - indeterminate - 1-ret,presets-extra,249,,2026-07-15,invalid generated JavaScript equation
[EXP] suksma - bdrv + al Aderrasi - Brilliance (Mind Twisting Substance) rmx 5 - indeterminate - 1-ret2,presets-extra,249,,2026-07-15,invalid generated JavaScript equation
[EXP] suksma - bdrv + al Aderrasi - Brilliance (Mind Twisting Substance) rmx 5 - indeterminate2,presets-extra,249,,2026-07-15,invalid generated JavaScript equation
[EXP] suksma - breakfast in dead,presets-extra,504,,2026-07-15,invalid generated JavaScript equation
[EXP] suksma - details of moments,presets-extra,509,,2026-07-15,invalid generated JavaScript equation
[EXP] suksma - eternally occulted,presets-extra,511,,2026-07-15,invalid generated JavaScript equation
[EXP] suksma - eternally occulted - wave goodbye while getting stabbed by a trillion trolls,presets-extra,511,,2026-07-15,invalid generated JavaScript equation
[EXP] suksma - eternally occulted --- Isosceles edit,presets-extra,250,,2026-07-15,invalid generated JavaScript equation
[EXP] suksma - fetid glib ruder form,presets-extra,512,,2026-07-15,invalid generated JavaScript equation
[EXP] suksma - foolish mash,presets-extra,266,,2026-07-15,invalid generated JavaScript equation
[EXP] suksma - gains in the ratio of loss of deathlessness to sock fuzz,presets-extra,516,,2026-07-15,invalid generated JavaScript equation
[EXP] suksma - no grace can save the evil in god,presets-extra,528,,2026-07-15,invalid generated JavaScript equation
[EXP] suksma - nostrildumbass kwa train - minfred peln,presets-extra,528,,2026-07-15,invalid generated JavaScript equation
[EXP] suksma - platforming the suction kill,presets-extra,529,,2026-07-15,invalid generated JavaScript equation
[EXP] suksma - queer violence of hooleiganvalue,presets-extra,530,,2026-07-15,invalid generated JavaScript equation
[EXP] suksma - random telepathy in theta,presets-extra,530,,2026-07-15,invalid generated JavaScript equation
[EXP] suksma - reason dies with hate,presets-extra,530,,2026-07-15,invalid generated JavaScript equation
[EXP] suksma - reason dies with hate - dealt log 5.6a,presets-extra,530,,2026-07-15,invalid generated JavaScript equation
[EXP] suksma - reason dies with hate - eid (-sdi),presets-extra,530,,2026-07-15,invalid generated JavaScript equation
[EXP] suksma - reason dies with hate - more downers please,presets-extra,530,,2026-07-15,invalid generated JavaScript equation
[EXP] suksma - reason dies with hate - more downers please nz+,presets-extra,530,,2026-07-15,invalid generated JavaScript equation
[EXP] suksma - shoot dna into tobacco to mass grow vaccines,presets-extra,253,,2026-07-15,invalid generated JavaScript equation
"[EXP] suksma - shoot dna into tobacco to mass grow vaccines - every species pays, sorry",presets-extra,534,,2026-07-15,invalid generated JavaScript equation
"[EXP] suksma - shoot dna into tobacco to mass grow vaccines - every species pays, sorry - gore love",presets-extra,534,,2026-07-15,invalid generated JavaScript equation
"[EXP] suksma - shoot dna into tobacco to mass grow vaccines - every species pays, sorry - gore love2",presets-extra,534,,2026-07-15,invalid generated JavaScript equation
"[EXP] suksma - shoot dna into tobacco to mass grow vaccines - every species pays, sorry - gore love2 nz+ infinitely zero lack of non-improvement",presets-extra,534,,2026-07-15,invalid generated JavaScript equation
"[EXP] suksma - shoot dna into tobacco to mass grow vaccines - every species payst, sorry",presets-extra,534,,2026-07-15,invalid generated JavaScript equation
[EXP] suksma - shoot dna into tobacco to mass grow vaccines - flexi xmas mind rape,presets-extra,534,,2026-07-15,invalid generated JavaScript equation
[EXP] suksma - shoot dna into tobacco to mass grow vaccines2,presets-extra,534,,2026-07-15,invalid generated JavaScript equation
[EXP] the next life will be something just as stupid and fucked up,presets-extra,544,,2026-07-15,invalid generated JavaScript equation
[EXP] va ultramix - 37,presets-extra,548,,2026-07-15,invalid generated JavaScript equation
[EXP] va ultramix - 43,presets-extra,549,,2026-07-15,invalid generated JavaScript equation
[EXP] va ultramix2 - 354,presets-extra,231,,2026-07-15,invalid generated JavaScript equation
[EXP] va ultramix2 - 354_1,presets-extra,552,,2026-07-15,invalid generated JavaScript equation
[EXP] va ultramix2 - 355,presets-extra,552,,2026-07-15,invalid generated JavaScript equation
[EXP] va ultramix2 - 355_1,presets-extra,231,,2026-07-15,invalid generated JavaScript equation
[EXP] va ultramix2 - 356,presets-extra,552,,2026-07-15,invalid generated JavaScript equation
[EXP] va ultramix2 - 356_1,presets-extra,231,,2026-07-15,invalid generated JavaScript equation
[EXP] va ultramix2 - 414,presets-extra,553,,2026-07-15,invalid generated JavaScript equation
[EXP] va ultramix2 - 415,presets-extra,553,,2026-07-15,invalid generated JavaScript equation
[EXP] vaious - 415es,presets-extra,554,,2026-07-15,invalid generated JavaScript equation
[EXP] various - whirygig77,presets-extra,555,,2026-07-15,invalid generated JavaScript equation
[EXP] vashon island,presets-extra,556,,2026-07-15,invalid generated JavaScript equation
[EXP] yin - 101 - Through the ether (Phase Two),presets-extra,558,,2026-07-15,invalid generated JavaScript equation
[EXP] yin - 102 - Through the ether (The separation),presets-extra,231,,2026-07-15,invalid generated JavaScript equation
[EXP] yin - 102 - Through the ether (The separation) - Bitcore Tweak,presets-extra,231,,2026-07-15,invalid generated JavaScript equation
[EXP] yin - 102 - Through the ether (The separation) - Bitcore Tweak - right in two,presets-extra,558,,2026-07-15,invalid generated JavaScript equation
"!mu$ , PieturP and Zylot - PacMad (blue Ghosties reMix)",presets-extra,0,,2026-07-15,
"!muS, PieturP and Zylot - PacMad (blue Ghosties reMix)",presets-extra,0,,2026-07-15,
01111111malalol+bdrv+al Aderrasi+Krash - Framed Brilliance of Consuming,presets-extra,0,,2026-07-15,
Aderrasi - Accelerator (Hot Lead Transfusion),presets-extra,2,,2026-07-15,
Aderrasi - Gravity Lensing (Psycho Remorse),presets-extra,4,,2026-07-15,
BDRV Aderrasi - Accelerator (Orbital Migraine) BDRV et  AL  rmx3,presets-extra,8,,2026-07-15,
BDRV Aderrasi - Accelerator (Orbital Migraine) BDRV et  AL  rmx33,presets-extra,8,,2026-07-15,
BDRV Aderrasi - Accelerator (Plastique Palace) BDRV et  AL  rmx,presets-extra,8,,2026-07-15,
BDRV Aderrasi - Accelerator (Plastique Palace) BDRV et  AL  rmx2,presets-extra,8,,2026-07-15,
BDRV Aderrasi - Accelerator (Plastique Palace) BDRV et  AL  rmx3,presets-extra,8,,2026-07-15,
BDRV et AL Aderrasi - Accelerator (Orbital Migraine) bdvr xxx2,presets-extra,9,,2026-07-15,
BDRV et AL Aderrasi - Oracle bdrv global warming  mix xxx,presets-extra,9,,2026-07-15,
BDRV et AL Eo.S - Phat - randombox bdrv xxx,presets-extra,9,,2026-07-15,
Bdrv Aderrasi - Accelerator (Orbital Migraine) bdrv et.AL46,presets-extra,9,,2026-07-15,
Bdrv Aderrasi - Accelerator (Plastique Garden - The Way Things Always Were) bdrv et.AL,presets-extra,9,,2026-07-15,
Bdrv Aderrasi - Gravity Conform (Quell) bdrv et.AL,presets-extra,9,,2026-07-15,
Bdrv Aderrasi - Oracle BDRV et  AL  global warming  mix xxx,presets-extra,9,,2026-07-15,
Bdrv Aderrasi - Oracle BDRV et  AL  rmx9.4,presets-extra,9,,2026-07-15,
Bdrv Eo.S. + Phat - chasers 08 nematode_Teal_mix bdrv et.AL2,presets-extra,9,,2026-07-15,
Bdrv Eo.S. - pulsecube BDRV et  AL  rmxmix 2,presets-extra,9,,2026-07-15,
Bdrv Eo.S. - pulsecube BDRV et  AL  rmxmix 24,presets-extra,9,,2026-07-15,
Bdrv et AL Aderrasi - Accelerator (Orbital Migraine) bdvr xxx2_1,presets-extra,10,,2026-07-15,
Bdrv et AL Aderrasi - Accelerator (Orbital Migraine) bdvr xxx3,presets-extra,10,,2026-07-15,
Bdrv et AL Aderrasi - Accelerator (Orbital Migraine) bdvr xxx4,presets-extra,10,,2026-07-15,
Bdrv et AL Eo.S - Phat - randombox bdrv xxx_1,presets-extra,10,,2026-07-15,
Bdrv et al Rovastar - azurione 2.1,presets-extra,10,,2026-07-15,
Flexi - tentacles w bg,presets-extra,28,,2026-07-15,
"Hexcollie, Bdrv n Eo.S. - Dorsal Ganglion",presets-extra,38,,2026-07-15,
"Hexcollie, Bdrv n Eo.S. - Dorsal Ganglion 2",presets-extra,38,,2026-07-15,
"Hexcollie, Eo.s, Phat, bdrv n Aderrasi - What a party",presets-extra,38,,2026-07-15,
"Hexcollie, Pieturp n Orb - This may be my favorite preset ever",presets-extra,38,,2026-07-15,
"Hexcollie, Pieturp n Orb - This one needs some TLC",presets-extra,38,,2026-07-15,
Idiot24-7 & Unchained - A Little Too Unchainedish,presets-extra,42,,2026-07-15,
Idiot24-7 & Unchained - Mind Bending Beat Demo,presets-extra,42,,2026-07-15,
Idiot24-7 - Morphing Grid 2,presets-extra,43,,2026-07-15,
Idiot24-7&unchained-alittletoounchain,presets-extra,44,,2026-07-15,
Idiot24-7&unchained-mindbendingbeatde,presets-extra,44,,2026-07-15,
Idiot24-7-morphinggrid2,presets-extra,45,,2026-07-15,
Illusion & Unchained - Invade My Mind,presets-extra,47,,2026-07-15,
Illusion&unchained-invademymind,presets-extra,48,,2026-07-15,
New (Unchained Beat Code -  coler code),presets-extra,56,,2026-07-15,
ORB - Eat me,presets-extra,57,,2026-07-15,
ORB - Paper Cutouts,presets-extra,57,,2026-07-15,
Phat_Eo.S._Algorithm_v2,presets-extra,60,,2026-07-15,
Phat_Zylot_Eo.S. Puzzle_box,presets-extra,61,,2026-07-15,
PieturP - HSL-demo-wave1,presets-extra,62,,2026-07-15,
PieturP - HSL-demo-wave2,presets-extra,62,,2026-07-15,
PieturP - HSL-demo-wave3,presets-extra,62,,2026-07-15,
PieturP - HSL-here-we-go-0.5,presets-extra,62,,2026-07-15,
PieturP - HSL-here-we-go-1,presets-extra,62,,2026-07-15,
PieturP - HSL-here-we-go-2,presets-extra,62,,2026-07-15,
PieturP - HSL-here-we-go-3,presets-extra,62,,2026-07-15,
PieturP - HSL-here-we-go-4,presets-extra,62,,2026-07-15,
PieturP - HSL-here-we-go-circle,presets-extra,62,,2026-07-15,
PieturP - HSL-here-we-go-circles,presets-extra,62,,2026-07-15,
PieturP - HSL-here-we-go-circles-weird,presets-extra,62,,2026-07-15,
PieturP - HSL-tunnelvisions,presets-extra,62,,2026-07-15,
PieturP - PacMad,presets-extra,62,,2026-07-15,
PieturP - dots_in_a_practical_way_sined_wave,presets-extra,62,,2026-07-15,
PieturP HSL-demo-circle,presets-extra,63,,2026-07-15,
PieturP and Zylot - PacMad (Ghosties reMix),presets-extra,63,,2026-07-15,
Redi Jedi - self painting portrait of the universe ver2,presets-extra,66,,2026-07-15,
baked - wAsted,presets-extra,91,,2026-07-15,
bdrv + al - wriggly friend shaolin bhudda finger,presets-extra,92,,2026-07-15,
bdrv + al - wriggly friend shaolin bhudda finger2,presets-extra,92,,2026-07-15,
bdrv + al - wriggly friend shaolin bhudda finger3b,presets-extra,92,,2026-07-15,
bdrv + al Aderrasi - Accelerator (Orbital Migraine) bdvr xxx4,presets-extra,92,,2026-07-15,
bdrv + al Aderrasi - Brilliance (Mind Twisting Substance) rmx 5,presets-extra,92,,2026-07-15,
bdrv + al Baked - Narcotic Hypnotic rmx3,presets-extra,92,,2026-07-15,
bdrv + al Baked - Narcotic Hypnotic rmx5,presets-extra,92,,2026-07-15,
bdrv + al Eo.s. - Pulsecubebdrv et.AL  Rmxmix 25,presets-extra,94,,2026-07-15,
bdrv + al Rovastar - Fractopia (Upspoken Mix)mx 53,presets-extra,94,,2026-07-15,
bdrv et.AL Aderrasi - Accelerator (orbital Migraine) Pac-fractalbdrv,presets-extra,96,,2026-07-15,
bdrv et.AL Eo.s. - Pulsecubebdrv et.AL  Rmxmix 25,presets-extra,96,,2026-07-15,
beta106i - Accelerator (Blast Hat),presets-extra,98,,2026-07-15,
beta106i - Accelerator (Evidence Bluster),presets-extra,98,,2026-07-15,
beta106i - Accelerator (Hot Chocolate Transfusion),presets-extra,98,,2026-07-15,
beta106i - Accelerator (Liquid Gelatin Headache),presets-extra,98,,2026-07-15,
beta106i - Accelerator (Orbital Migraine),presets-extra,98,,2026-07-15,
beta106i - Accelerator (Plastique Garden - The Way Things Always Were),presets-extra,98,,2026-07-15,
beta106i - Accelerator (Plastique Garden),presets-extra,98,,2026-07-15,
beta106i - Accelerator (Plastique Palace),presets-extra,98,,2026-07-15,
beta106i - Gravity Lensing,presets-extra,100,,2026-07-15,
beta106i - Gravity Lensing (Psycho Extasy),presets-extra,100,,2026-07-15,
beta106i - Gravity Lensing (Psycho Joy),presets-extra,100,,2026-07-15,
beta106i - Gravity Lensing (Psycho Regret),presets-extra,100,,2026-07-15,
malalol + Aderrasi - Gravity Lensing (ooooops remix),presets-extra,110,,2026-07-15,
A Ultimate AdamFX 2 Martin - disco mix 6 (UFO RMX)Inside the ship (thereShooting)4,presets-extra,123,,2026-07-15,
A Ultimate AdamFX 2 Martin - disco mix 6 (UFO RMX)Inside the ship (thereShooting)6,presets-extra,123,,2026-07-15,
"A Ultimate AdamFX 2 Martin - disco mix 6 (UFO RMX)Inside the ship (thereShooting)Flexi,Fishbrain,Hexoc10",presets-extra,123,,2026-07-15,
"A Ultimate AdamFX 2 Martin - disco mix 6 (UFO RMX)Inside the ship (thereShooting)Flexi,Fishbrain,Hexoco2",presets-extra,123,,2026-07-15,
"A Ultimate AdamFX 2 Martin - disco mix 6 (UFO RMX)Inside the ship (thereShooting)Flexi,Fishbrain,Hexocollie1",presets-extra,123,,2026-07-15,
"Hexcollie - now entering the wormhole2 - mash0000 - if you like this, maybe you, like me, are insane",presets-extra,135,,2026-07-15,
"Hexcollie, EoS, Phat, bdrv n Aderrasi - What a party",presets-extra,135,,2026-07-15,
TonyMilkdrop - Dawning The Peacocks [Flexi - opinion + techstyle] --- Isosceles edit,presets-extra,146,,2026-07-15,
TonyMilkdrop - Dawning The Peacocks [Flexi - quirks + multiverse],presets-extra,146,,2026-07-15,
TonyMilkdrop - Dawning The Peacocks [Flexi - quirks + techstyle] --- Isosceles edit,presets-extra,146,,2026-07-15,
TonyMilkdrop - Dawning The Peacocks [Flexi - quitter + $this shall not retain] --- Isosceles edit,presets-extra,146,,2026-07-15,
TonyMilkdrop - Dawning The Peacocks [Flexi - quitter] --- Isosceles edit,presets-extra,146,,2026-07-15,
X-pand - quant combines ray - santa klaus vs anile nekrow PAIR rnz,presets-extra,149,,2026-07-15,
X-pand - quant combines ray - santa klaus vs anile nekrow PAIR rnz r,presets-extra,149,,2026-07-15,
bdrv + al EoS - Pulsecubebdrv etAL  Rmxmix 25 - qabalistic space invading homo-nutrient mouth swish transmuting 9d symbiosis - fed,presets-extra,151,,2026-07-15,
f wen blew my wallet,presets-extra,153,,2026-07-15,
"f wen blew my wallet - chub, smack",presets-extra,153,,2026-07-15,
f wen blew my wallet - hooray for fed,presets-extra,153,,2026-07-15,
f wen blew my wallet - how to beat nothingness into omninmi-submission-potence,presets-extra,153,,2026-07-15,
"f wen blew my wallet - it's not that the drugs make me stronger, faster, and smarter, it's that i eat shellfish",presets-extra,153,,2026-07-15,
f wen blew my wallet - my thoughts are not,presets-extra,153,,2026-07-15,
f wen blew my wallet - phlenexiconal section,presets-extra,153,,2026-07-15,
"f wen blew my wallet - you've seen it before, now you see it again",presets-extra,153,,2026-07-15,
f wen blew my wallet nz,presets-extra,153,,2026-07-15,
martin - beamer code 20h - rhythmic and fast,presets-extra,158,,2026-07-15,
martin - beamer code 20h - rhythmic and slower,presets-extra,158,,2026-07-15,
martin - beamer code 21h - silent stars,presets-extra,158,,2026-07-15,
martin - beat test pendel sergej shapes only,presets-extra,158,,2026-07-15,
pestilential vibrhatorik,presets-extra,161,,2026-07-15,
"shadowharlequin, martin - (unfinished) gold pellets [warped synapse]",presets-extra,162,,2026-07-15,
"suksma - Hexcollie - now entering the wormhole2 - mash0000 - if you like this, maybe you, like me, are insane",presets-extra,167,,2026-07-15,
suksma - adam martin geiss - come into my closet of rot,presets-extra,167,,2026-07-15,
suksma - bdrv + al Aderrasi - Brilliance (Mind Twisting Substance) rmx 5 - indeterminate,presets-extra,167,,2026-07-15,
suksma - bdrv + al Aderrasi - Brilliance (Mind Twisting Substance) rmx 5 - indeterminate - 1-ret,presets-extra,167,,2026-07-15,
suksma - bdrv + al Aderrasi - Brilliance (Mind Twisting Substance) rmx 5 - indeterminate - 1-ret2,presets-extra,167,,2026-07-15,
suksma - bdrv + al Aderrasi - Brilliance (Mind Twisting Substance) rmx 5 - indeterminate2,presets-extra,167,,2026-07-15,
suksma - eternally occulted --- Isosceles edit,presets-extra,172,,2026-07-15,
suksma - foolish mash,presets-extra,173,,2026-07-15,
suksma - shoot dna into tobacco to mass grow vaccines,presets-extra,179,,2026-07-15,
va ultramix2 - 354,presets-extra,181,,2026-07-15,
va ultramix2 - 355_1,presets-extra,181,,2026-07-15,
va ultramix2 - 356_1,presets-extra,181,,2026-07-15,
yin - 102 - Through the ether (The separation),presets-extra,182,,2026-07-15,
yin - 102 - Through the ether (The separation) - Bitcore Tweak,presets-extra,182,,2026-07-15,
Aderrasi - What Cannot Be Undone (Hyperspace Mix),presets-extra,5,,2026-07-16,
BDRV BDRV et  AL  rmx et al -phantasm2,presets-extra,8,,2026-07-16,
BDRV BDRV et  AL  rmx et al -phantasmii af,presets-extra,8,,2026-07-16,
BDRV Eo.S. + Phat + fiShbRaiN + Redi Jedi - pictures of insanity BDRV et  AL  rmxmix,presets-extra,8,,2026-07-16,
BDRV Phat_Eo.S Pop lock BDRV et  AL  rmx,presets-extra,8,,2026-07-16,
BDRV Phat_Eo.S. - Farwell BDRV et  AL  rmx,presets-extra,9,,2026-07-16,
BDRV Phat_Zylot_Eo.S. Trippy_rotation_v2 BDRV et  AL  rmxmix,presets-extra,9,,2026-07-16,
BDRV Phat_Zylot_Eo.S. Trippy_rotation_v2 BDRV et  AL  rmxmix6,presets-extra,9,,2026-07-16,
BDRV Phat_Zylot_Eo.S. spiral_Movements_Beatle_square.mix 2,presets-extra,9,,2026-07-16,
Bdrv Eo.S. Whale_soul BDRV et  AL  rmx2,presets-extra,9,,2026-07-16,
Bdrv Eo.S. Whale_soul BDRV et  AL  rmx5,presets-extra,9,,2026-07-16,
Bdrv Phat_Eo.S Pop lock bdrv et.AL,presets-extra,10,,2026-07-16,
Bdrv Phat_Eo.S. - Farwell BDRV et  AL  rmx2,presets-extra,10,,2026-07-16,
Bdrv Phat_Eo.S. - Farwell BDRV et  AL  rmx2_1,presets-extra,10,,2026-07-16,
Bdrv Phat_Eo.S. Eyes_spiral_mix bdrv et.AL,presets-extra,10,,2026-07-16,
Bdrv Phat_Eo.S. Eyes_spiral_mix bdrv et.AL2,presets-extra,10,,2026-07-16,
Bdrv Phat_Zylot_Eo.S. Trippy_rotation_v2 BDRV et  AL  rmxmix2,presets-extra,10,,2026-07-16,
Chemlock - Berry Maddog 20-20,presets-extra,14,,2026-07-16,
Chemlock - Curious Equations,presets-extra,14,,2026-07-16,
Chemlock - Disco Adventure,presets-extra,14,,2026-07-16,
Chemlock - Disco Lava,presets-extra,14,,2026-07-16,
Chemlock - Disco Science,presets-extra,14,,2026-07-16,
Chemlock - Fire Iris,presets-extra,14,,2026-07-16,
Chemlock - Gliding Through the Fire 2,presets-extra,14,,2026-07-16,
Chemlock - Gliding Through the Fire 3,presets-extra,14,,2026-07-16,
Chemlock - Inky Doombubble - Average Journey (Geiss - Feedback 2 equations),presets-extra,15,,2026-07-16,
Chemlock - Inky Doombubble - Cosmic Journey (Geiss - Feedback 2 equations),presets-extra,15,,2026-07-16,
Chemlock - Inky Doombubble [adolescent years] (Geiss - Feedback 2 equations),presets-extra,15,,2026-07-16,
Chemlock - Inky Double-Doom Bubble-Trouble (Geiss - Feedback 2 equations),presets-extra,15,,2026-07-16,
Chemlock - Lily Hallucinogen (Geiss - Feedback),presets-extra,15,,2026-07-16,
Chemlock - Metal Mud,presets-extra,15,,2026-07-16,
Chemlock - Oil Spill,presets-extra,15,,2026-07-16,
Chemlock - The Amazing Orbs of Orgy,presets-extra,15,,2026-07-16,
Chemlock - White Flag,presets-extra,15,,2026-07-16,
Eo.S. + Phat + fiShbRaiN + Redi Jedi - pictures of insanity,presets-extra,17,,2026-07-16,
Eo.S. + Phat + fiShbRaiN + Redi Jedi - pictures of insanity(Run Away! Run Away! mix),presets-extra,17,,2026-07-16,
Eo.S. + Phat + fiShbRaiN + Redi Jedi - pictures of insanity(Run Away! Run Away! mix)_1,presets-extra,17,,2026-07-16,
Eo.S. + Phat + fiShbRaiN + Redi Jedi - pictures of insanity(premium blend ver. 2),presets-extra,17,,2026-07-16,
Eo.S. + Phat + fiShbRaiN + Redi Jedi - pictures of insanity(premium blend ver. 2)_1,presets-extra,17,,2026-07-16,
Eo.S. + Phat + fiShbRaiN + Redi Jedi - pictures of insanity(premium blend ver. 2)_2,presets-extra,17,,2026-07-16,
Eo.S. + Phat + fiShbRaiN + Redi Jedi - pictures of insanity(premium blend),presets-extra,17,,2026-07-16,
Eo.S. + Phat + fiShbRaiN + Redi Jedi - pictures of insanity(south of the border mix),presets-extra,17,,2026-07-16,
Eosphatfishbrain(southofthebordermix),presets-extra,25,,2026-07-16,
Eosphatfishbrainre(runawayrunawaymix),presets-extra,25,,2026-07-16,
Eosphatfishbrainred(premiumblendver2),presets-extra,25,,2026-07-16,
Eosphatfishbrainredijed(premiumblend),presets-extra,25,,2026-07-16,
Eosphatfishbrainredijedi-picturesofin,presets-extra,25,,2026-07-16,
Idiot24-7 - Morphing Grid ,presets-extra,43,,2026-07-16,
Idiot24-7 - Morphing Grid (Unreleased Mix 3),presets-extra,43,,2026-07-16,
Idiot24-7-MorphingGrid(UnreleasedMix3,presets-extra,44,,2026-07-16,
Idiot24-7-morphinggrid,presets-extra,45,,2026-07-16,
Idiot24-7-morphinggrid(unreleasedmi3),presets-extra,45,,2026-07-16,
Mstress and Giuppy - Don't drink to the disco! 2 (Krash and Zylot lazer formula),presets-extra,55,,2026-07-16,
ORB - Fracture,presets-extra,57,,2026-07-16,
Phat+Eo.S. - Atangent flux,presets-extra,58,,2026-07-16,
Phat_Eo.S Black and white...,presets-extra,60,,2026-07-16,
Phat_Eo.S Pop lock,presets-extra,60,,2026-07-16,
Phat_Eo.S Pop lock_v2,presets-extra,60,,2026-07-16,
Phat_Eo.S._Algorithm,presets-extra,60,,2026-07-16,
Phat_Eo.S._Anis0tropic,presets-extra,60,,2026-07-16,
Phat_Zylot_Eo.S. Come_fly_with_me_vidio_echo,presets-extra,61,,2026-07-16,
Phat_Zylot_Eo.S. Come_fly_with_me_vidio_echo_v2,presets-extra,61,,2026-07-16,
Phat_Zylot_Eo.S. Come_fly_with_me_vidio_echo_v3,presets-extra,61,,2026-07-16,
Phat_Zylot_Eo.S. Come_fly_with_me_vidio_echo_v4,presets-extra,61,,2026-07-16,
Phat_Zylot_Eo.S. Come_fly_with_me_vidio_echo_v5,presets-extra,61,,2026-07-16,
Phat_Zylot_Eo.S. Come_fly_with_me_vidio_echo_v6,presets-extra,61,,2026-07-16,
Phat_Zylot_Eo.S. Weird_boxs,presets-extra,61,,2026-07-16,
Phat_Zylot_Eo.S. Weird_boxs_v2,presets-extra,61,,2026-07-16,
Phat_Zylot_Eo.S. dyslexia_sux,presets-extra,61,,2026-07-16,
Phat_Zylot_Eo.S. spiral_Movements_v2,presets-extra,61,,2026-07-16,
Phat_Zylot_Ranbow Clouds,presets-extra,61,,2026-07-16,
Phat_Zylot_Ranbow escapism,presets-extra,61,,2026-07-16,
Phat_Zylot_Ranbow escapism_I_love_Eo.S,presets-extra,61,,2026-07-16,
Phat_Zylot_Ranbow escapism_I_love_Eo.S_v2,presets-extra,61,,2026-07-16,
Phat_Zylot_Ranbow escapism_I_love_Eo.S_v3,presets-extra,61,,2026-07-16,
Phat_Zylot_Ranbow escapism_I_love_Eo.S_v3b,presets-extra,61,,2026-07-16,
Phat_Zylot_Ranbow escapism_I_love_Eo.S_v4,presets-extra,61,,2026-07-16,
Phat_Zylot_Ranbow escapism_I_love_Eo.S_v4-EoSagain,presets-extra,61,,2026-07-16,
Phat_baked - River of Illusion_remix_Dots -Eo.S. colors,presets-extra,61,,2026-07-16,
Phat_baked_zylot - River of Illusion_remix_Dots,presets-extra,61,,2026-07-16,
S4LTine & Geiss - Samsara (Jiggling path of the Boddhisattva),presets-extra,83,,2026-07-16,
S4LTine & Geiss - Samsara (NOT ANYMORE YOU DON'T),presets-extra,83,,2026-07-16,
S4LTine - Firstproject,presets-extra,83,,2026-07-16,
S4LTine - Firstproject(became a mess),presets-extra,83,,2026-07-16,
S4LTine - Samsara,presets-extra,83,,2026-07-16,
bdrv + al BDRV et  AL  rmx et al -phantasmii af,presets-extra,92,,2026-07-16,
bdrv + al Eo.S. Whale_soul BDRV et  AL  rmx21,presets-extra,93,,2026-07-16,
bdrv + al Phat+Eo.S. - Atangent flux mx,presets-extra,94,,2026-07-16,
bdrv + al Phat_Eo.S Pop lock BDRV et  AL  rmx2,presets-extra,94,,2026-07-16,
bdrv + al Phat_Eo.S Pop lock BDRV et  AL  rmx23,presets-extra,94,,2026-07-16,
bdrv + al Phat_Eo.S Pop lock BDRV et  AL  rmx3,presets-extra,94,,2026-07-16,
bdrv + al Phat_Zylot_Eo.S. Trippy_rotation_v2 BDRV et  AL  rmx5,presets-extra,94,,2026-07-16,
bdrv + al Phat_Zylot_Eo.S. spiral_Movements mx i,presets-extra,94,,2026-07-16,
bdrv + al Phat_eo.s._god_boxes_v2 5,presets-extra,94,,2026-07-16,
bdrv et.AL Phat_eo.s._god_boxes_v2 bdrv plagiarising SHIFTER,presets-extra,97,,2026-07-16,
bdrv et.AL Phat_eo.s._swim  bdrv plagiarising SHIFTER,presets-extra,97,,2026-07-16,
bdrv et.AL Phat_zylot_eo.s. Trippy_rotation_v2bdrv et.AL  bdrv plagiarising SHIFTERmix5,presets-extra,97,,2026-07-16,
beta106.S. + Phat + fiShbRaiN + Redi Jedi - pictures of insanity,presets-extra,97,,2026-07-16,
beta106.S. + Phat + fiShbRaiN + Redi Jedi - pictures of insanity(premium blend ver. 2),presets-extra,97,,2026-07-16,
beta106.S. + Phat + fiShbRaiN + Redi Jedi - pictures of insanity(premium blend),presets-extra,97,,2026-07-16,
beta106.S. + Phat + fiShbRaiN + Redi Jedi - pictures of insanity(south of the border mix),presets-extra,97,,2026-07-16,
beta106i - Fortune Hog (St. Diego),presets-extra,100,,2026-07-16,
beta106i - Madness Teaches us to Flee,presets-extra,101,,2026-07-16,
idiot24-7 - Echo Tunnel,presets-extra,108,,2026-07-16,
idiot24-7 - Morphing Grid (unreleased3),presets-extra,109,,2026-07-16,
shifter - ralter,presets-extra,116,,2026-07-16,
shifter - ralter b,presets-extra,116,,2026-07-16,
shifter - ralter c,presets-extra,116,,2026-07-16,
shifter - ralter oilslick b,presets-extra,116,,2026-07-16,
shifter - ralter oilslick b_1,presets-extra,116,,2026-07-16,
$$$ Royal - Mashup (13),presets-extra,118,,2026-07-16,
$$$ Royal - Mashup (193),presets-extra,118,,2026-07-16,
$$$ Royal - Mashup (349),presets-extra,119,,2026-07-16,
$$$ Royal - Mashup (391),presets-extra,119,,2026-07-16,
$$$ Royal - Mashup (397),presets-extra,119,,2026-07-16,
$$$ Royal - Mashup (398),presets-extra,119,,2026-07-16,
$$$ Royal - Mashup (423),presets-extra,119,,2026-07-16,
$$$ Royal - Mashup (430),presets-extra,119,,2026-07-16,
$$$ Royal - Mashup (445),presets-extra,119,,2026-07-16,
$$$ Royal - Mashup (471),presets-extra,119,,2026-07-16,
414 bowel rebranding pr skinned to the teeth loadus morons who don't think things are going to collapse,presets-extra,122,,2026-07-16,
A Tribute to Martin - bombyx mori - Ft Flexi - AdamFX - StahlRegen - Hd In Milk Ailen FX J,presets-extra,122,,2026-07-16,
"AdamFx 2 Geiss, Zylot and Flexi - Reaction Diffusion 3 (Overload Mix 2) EATIT4",presets-extra,123,,2026-07-16,
"AdamFx 2 Geiss, Zylot and Flexi - Reaction Diffusion 3 (Overload Mix 2) EATIT4 hypno!",presets-extra,123,,2026-07-16,
Blendin to myself AdamFX Twist 2 martin - glassball dance with AdamFX c,presets-extra,124,,2026-07-16,
Blendin to myself AdamFX Twist 2 martin - glassball dance with AdamFX e,presets-extra,124,,2026-07-16,
"Chemlock - Fire Iris - thanks to flexi, my life is good - mirror blade",presets-extra,124,,2026-07-16,
EVET + Flexi - Lovecraft's Key,presets-extra,125,,2026-07-16,
EVET - flexi + geiss - tokamak fractal,presets-extra,125,,2026-07-16,
EVET - flexi + geiss - tokamak fractal 2,presets-extra,125,,2026-07-16,
EVET - martin - Conduits,presets-extra,125,,2026-07-16,
EoS - heater core,presets-extra,128,,2026-07-16,
Flexi + Geiss + Demon Lord - Tokamak mindblob 2-0 [unholy conspiracy mix],presets-extra,130,,2026-07-16,
Flexi + Geiss - Tokamak mindblob 2-0,presets-extra,130,,2026-07-16,
Flexi + Geiss - pogo-cubes on tokamak matter [mind over matter remix] 3 - heeling potion nz,presets-extra,130,,2026-07-16,
Flexi + Geiss - pogo-cubes on tokamak matter [mind over matter remix] 3 - heeling potion nz+,presets-extra,130,,2026-07-16,
Flexi + amandio c - piercing 02 nz,presets-extra,130,,2026-07-16,
Flexi + amandio c - piercing 02 nz+,presets-extra,130,,2026-07-16,
Flexi - a script kiddies flash ['the shader geek' mix 2],presets-extra,130,,2026-07-16,
Flexi - a script kiddies flash ['the shader geek' mix 3],presets-extra,130,,2026-07-16,
Flexi - a script kiddies flash ['the shader geek' mix 5],presets-extra,130,,2026-07-16,
Flexi - against all ods,presets-extra,130,,2026-07-16,
Flexi - explore space not drugs,presets-extra,131,,2026-07-16,
Flexi - fractal descent gnesse,presets-extra,131,,2026-07-16,
Flexi - fractal descent gnesse pitstash io,presets-extra,131,,2026-07-16,
Flexi - leaving colors - crazy cogitations centrifuge [collapsing cosmos creation] lightworkers delight,presets-extra,131,,2026-07-16,
Flexi - leaving colors - crazy cogitations centrifuge [collapsing cosmos creation] oh thats still harmless,presets-extra,131,,2026-07-16,
Flexi - leaving colors MOI,presets-extra,131,,2026-07-16,
Flexi - space voyage [organic aftermath 1],presets-extra,131,,2026-07-16,
Flexi - space voyage [organic aftermath 2],presets-extra,131,,2026-07-16,
Flexi - space voyage [shifter's esc shader],presets-extra,131,,2026-07-16,
Flexi - space voyage [shifter's parchment warp shader],presets-extra,131,,2026-07-16,
Flexi - splatter effects 21,presets-extra,132,,2026-07-16,
Flexi - the vista soap bubble screen saver sucks,presets-extra,132,,2026-07-16,
"Flexi, Geiss and Rovastar - mindless tokamak color pox [end of the world mix]",presets-extra,132,,2026-07-16,
"Flexi, Geiss and Rovastar - mindless tokamak color pox [end of the world mix] nickle'",presets-extra,132,,2026-07-16,
"Flexi, Geiss and Rovastar - tokamak mindblob 2-0",presets-extra,132,,2026-07-16,
"Flexi, suksma + martin - lafariage [carwheel zoom mix]",presets-extra,132,,2026-07-16,
"Fumbling_Foo & Flexi, Martin, Orb, Unchained - Acid Mandala v3",presets-extra,132,,2026-07-16,
"Fumbling_Foo & Flexi, Martin, Orb, Unchained - Acid Mandala v3a",presets-extra,132,,2026-07-16,
"Fumbling_Foo & Flexi, Martin, Orb, Unchained - Acid Mandala v3b",presets-extra,132,,2026-07-16,
"Fumbling_Foo & Flexi, Martin, Orb, Unchained - Acid Mandala v3c",presets-extra,132,,2026-07-16,
"Fumbling_Foo & Flexi, Martin, Orb, Unchained - Acid Mandala v3d",presets-extra,132,,2026-07-16,
"Fumbling_Foo & Flexi, Martin, Orb, Unchained - Acid Mandala v3e",presets-extra,132,,2026-07-16,
"Fumbling_Foo & Flexi, Martin, Orb, Unchained - Acid Mandala v4",presets-extra,132,,2026-07-16,
"Fumbling_Foo & Flexi, Martin, Orb, Unchained - Acid Mandala v4a",presets-extra,132,,2026-07-16,
"Fumbling_Foo & Flexi, Martin, Orb, Unchained - Acid Mandala v4b",presets-extra,132,,2026-07-16,
"Fumbling_Foo & Flexi, Martin, Orb, Unchained - Acid Mandala v4c",presets-extra,132,,2026-07-16,
"Fumbling_Foo & Flexi, Martin, Orb, Unchained - Acid Mandala v4d",presets-extra,132,,2026-07-16,
"Fumbling_Foo & Flexi, Martin, Orb, Unchained - Acid Mandala v4e",presets-extra,132,,2026-07-16,
"Fumbling_Foo & Flexi, Martin, Orb, Unchained - Acid Mandala v4f",presets-extra,132,,2026-07-16,
"Fumbling_Foo & Flexi, Martin, Orb, Unchained - Acid Mandala v4g",presets-extra,132,,2026-07-16,
"Fumbling_Foo & Flexi, Martin, Orb, Unchained - Acid Mandala v5",presets-extra,132,,2026-07-16,
"Fumbling_Foo & Flexi, Martin, Orb, Unchained - Acid Mandala v5a",presets-extra,132,,2026-07-16,
"Fumbling_Foo & Flexi, Martin, Orb, Unchained - Acid Mandala v5b",presets-extra,132,,2026-07-16,
Goody - The Thing That Lives Between,presets-extra,134,,2026-07-16,
Goody's Thing Which Dwells Between Worlds (Jelly),presets-extra,134,,2026-07-16,
HDFX with Flexi - AdamFX n Martin - Bubble Gum in our Mindz Ft Aramandio D,presets-extra,135,,2026-07-16,
HDFX with Flexi - AdamFX n Martin - Bubble Gum in our Mindz Ft Aramandio E,presets-extra,135,,2026-07-16,
HDFX with Flexi - AdamFX n Martin - Bubble Gum in our Mindz Ft Aramandio F,presets-extra,135,,2026-07-16,
"Hexcollie, Flexi, Rova n Phat - New Species",presets-extra,135,,2026-07-16,
"LuX_exi, Redi Jedi + Geiss - dual random textured tokamak b",presets-extra,136,,2026-07-16,
LuxXx - ColourSturm I,presets-extra,137,,2026-07-16,
LuxXx - It Lives in Deep Space,presets-extra,137,,2026-07-16,
LuxXx - Surfing on Sin Wave (Aura Exploder),presets-extra,138,,2026-07-16,
LuxXx - Uncha1ned Coral 2,presets-extra,138,,2026-07-16,
Martin - QBikal - Surface Turbulence nz+ unlinked error,presets-extra,138,,2026-07-16,
NeW Adam Master Mashup FX 2 Geiss - Reaction Diffusion 34 + Swelling Spiral  + Liquid Fire  + Geiss an39,presets-extra,140,,2026-07-16,
NeW Adam Master Mashup FX 2 Geiss - Reaction Diffusion 34 + Swelling Spiral  + Liquid Fire  + Geiss an40,presets-extra,140,,2026-07-16,
"New Creation Sensation -  AdamFx,Flexi,Amandio c n Martin - Star to Another World ft Hexocollie,ShadowH,Geiss n Fishbrain K",presets-extra,140,,2026-07-16,
Phat_Zylot_EoS Come_fly_with_me_vidio_echo_v2 nz+ loss of movement,presets-extra,141,,2026-07-16,
Phat_Zylot_EoS Come_fly_with_me_vidio_echo_v2 nz+ re-gainfed vs un-gain-un-fed r,presets-extra,141,,2026-07-16,
SU422D~1,presets-extra,142,,2026-07-16,
Stahlregen & Bmelgren + Geiss + Rovastar + Shifter - Shifting,presets-extra,143,,2026-07-16,
Stahlregen & Bmelgren + Geiss + Rovastar + Shifter - Shifting (Jelly V2),presets-extra,143,,2026-07-16,
Stahlregen & Bmelgren + Geiss + Rovastar + Shifter - Shifting (Reverse Jelly V3),presets-extra,143,,2026-07-16,
Stahlregen & flexi + Geiss + Goody + Rovastar + Unchained - Complex Nova --- Isosceles edit,presets-extra,145,,2026-07-16,
Stahlregen - Treb Spectre PS2 nz+ gorgeous germinalth,presets-extra,146,,2026-07-16,
Zylot - In death there is life (Carnival Of Lights),presets-extra,149,,2026-07-16,
Zylot - In death there is life (Dancing Lights mix),presets-extra,149,,2026-07-16,
anglican't americouldn't - severe hue bullshit,presets-extra,151,,2026-07-16,
anglican't americouldn't - severe hue bullshit nz,presets-extra,151,,2026-07-16,
anglican't americouldn't - zhuGan,presets-extra,151,,2026-07-16,
anglican't americouldn't - zhuGan nz+,presets-extra,151,,2026-07-16,
anglican't americouldn't - zhuGan roam3,presets-extra,151,,2026-07-16,
aspect-aware texture mirror shader example,presets-extra,151,,2026-07-16,
bleeding like a horsey roams i just got through watching planet bboy and boy do i feel embarrassed for myself and all the world,presets-extra,152,,2026-07-16,
c lesions,presets-extra,152,,2026-07-16,
cleave and cleave to thine w administrator access to unreality,presets-extra,152,,2026-07-16,
cleave and cleave to thine w by simple holistic methods,presets-extra,152,,2026-07-16,
cleave and cleave to thine w cleavage,presets-extra,152,,2026-07-16,
cleave and cleave to thine w maid in spain,presets-extra,152,,2026-07-16,
cleave and cleave to thine w pandora's,presets-extra,152,,2026-07-16,
cleave and cleave to thine w swimfan was the best movie of all movies ever,presets-extra,152,,2026-07-16,
cleave and cleave to thine w thankee sai for more trippy ass shit,presets-extra,152,,2026-07-16,
cleave and cleave to thine w thankee sai for more trippy ass shit moneymaggot,presets-extra,152,,2026-07-16,
cleave and cleave to thine w thankee sai for more trippy ass shit nz+,presets-extra,152,,2026-07-16,
"cleave and cleave to thine w yep, i always dream of epic shit, and more so on the hydrogen stick",presets-extra,152,,2026-07-16,
cope + flexi - colorful marble (ghost mix),presets-extra,152,,2026-07-16,
cortex meat - adm affect non,presets-extra,153,,2026-07-16,
cortex meat - equiping the farmers with permacult roam,presets-extra,153,,2026-07-16,
cortex meat - jerkulimb,presets-extra,153,,2026-07-16,
cortex meat - jerkulimb roam,presets-extra,153,,2026-07-16,
extreme paranoia and fear unleash in spontaneous suicide flails,presets-extra,153,,2026-07-16,
extreme paranoia and fear unleash in spontaneous suicide flails - slapping the elite,presets-extra,153,,2026-07-16,
extreme paranoia and fear unleash in spontaneous suicide flails - slapping the elite roam3,presets-extra,153,,2026-07-16,
extreme paranoia and fear unleash in spontaneous suicide flails roam3,presets-extra,153,,2026-07-16,
fed + flexi - the new cubism3 ap4+,presets-extra,154,,2026-07-16,
flexi - a julia fractal for hexcollie,presets-extra,155,,2026-07-16,
flexi - a julia fractal for hexcollie (reactive color mix by Stahlregen),presets-extra,155,,2026-07-16,
flexi - a julia fractal for hexcollie embossed (Jelly),presets-extra,155,,2026-07-16,
flexi - against all odds,presets-extra,155,,2026-07-16,
flexi - particle fountain - futile distraction,presets-extra,156,,2026-07-16,
flexi - particle fountain - futile distraction nz,presets-extra,156,,2026-07-16,
flexi - particle fountain - mash0000 - manganese palace mistress,presets-extra,156,,2026-07-16,
flexi - particle fountain - ointment bacon tableau,presets-extra,156,,2026-07-16,
"flexi, bdrv + geiss - aftermath",presets-extra,156,,2026-07-16,
"flexi,_bdrv_+_geiss_-_aftermath (strange mix)",presets-extra,156,,2026-07-16,
gjlasd bleefed ngaeme - subornomy in creaking circution,presets-extra,157,,2026-07-16,
gwadeloag - phusillyty nz+ limHongJiht surry,presets-extra,157,,2026-07-16,
map,presets-extra,158,,2026-07-16,
map2,presets-extra,158,,2026-07-16,
martin - charming tiles,presets-extra,158,,2026-07-16,
martin - mucus cervix - geiss crossfire shaders,presets-extra,159,,2026-07-16,
martin - shader pimped caleidoscope,presets-extra,159,,2026-07-16,
mouthful o sand,presets-extra,160,,2026-07-16,
never trust bdrv martin or flexi or amandio,presets-extra,160,,2026-07-16,
never trust bdrv martin or flexi rnz,presets-extra,160,,2026-07-16,
"not very good at all, ten thumbs down",presets-extra,160,,2026-07-16,
pabstolutiasma saturate beyond comprehension,presets-extra,161,,2026-07-16,
passionless internal cow say what you want i still loavthe ewe,presets-extra,161,,2026-07-16,
phalsiphiqathe nisclehilth,presets-extra,161,,2026-07-16,
phlab salute,presets-extra,161,,2026-07-16,
porcelain list,presets-extra,161,,2026-07-16,
re-pissintegracious,presets-extra,162,,2026-07-16,
re-pissintegracious nz,presets-extra,162,,2026-07-16,
shifter + Flexi - liquid circuitry from the pataoblivion hive cute turtle bun nz pharm,presets-extra,163,,2026-07-16,
shifter + Flexi - liquid circuitry from the pataoblivion hive cute turtle bun nz+,presets-extra,163,,2026-07-16,
shifter + Flexi - liquid circuitry from the pataoblivion hive cute turtle bun nz+ piggysioux,presets-extra,163,,2026-07-16,
shifter + Flexi - liquid circuitry from the pataoblivion hive cute turtle bun nz+ r,presets-extra,163,,2026-07-16,
shifter + Flexi - liquid circuitry from the pataoblivion hive cute turtle bun nz+ r letting people walk all over you,presets-extra,163,,2026-07-16,
shifter + flexi - american oblivion pie,presets-extra,163,,2026-07-16,
shifter + flexi - american oblivion pie nz+ hematoklahomasectjwelth,presets-extra,163,,2026-07-16,
shifter + flexi - american pie 3 nz wear like chane,presets-extra,163,,2026-07-16,
shifter + flexi - american pie 3 nz wear like chane flx,presets-extra,163,,2026-07-16,
shifter + flexi - american pie 3 nz wear like chane lower bar,presets-extra,163,,2026-07-16,
shifter + flexi - american pie 3 nz wear like chane lower mbar,presets-extra,163,,2026-07-16,
shifter + flexi - american pie 3 nz wear like chane lower mbar aetheriq misuse,presets-extra,163,,2026-07-16,
shifter - fractal cloud bruised_1,presets-extra,164,,2026-07-16,
shifter - fractal cloud firey,presets-extra,164,,2026-07-16,
shifter - fractal cloud red_1,presets-extra,164,,2026-07-16,
shifter - lattice (eclipse) Phat + EoS more color mix,presets-extra,164,,2026-07-16,
shifter - mosaic mitosis,presets-extra,164,,2026-07-16,
shifter - mosaic mitosis - fuckingdelic,presets-extra,164,,2026-07-16,
shifter - mosaic mitosis - j4,presets-extra,164,,2026-07-16,
shifter - mosaic mitosis - j4 nz+,presets-extra,164,,2026-07-16,
shifter - mosaic mitosis - will they find me,presets-extra,164,,2026-07-16,
shifter - mosaic mitosis - will they find me roam2,presets-extra,164,,2026-07-16,
shifter - mosaic mitosis - will they find me roams,presets-extra,164,,2026-07-16,
shifter - neon splinters,presets-extra,164,,2026-07-16,
shifter - phasm wraith - hateful dance of poison healing cpe ap4+,presets-extra,164,,2026-07-16,
shifter - spincycle(remix) - love at home - toadfuck morals,presets-extra,165,,2026-07-16,
shifter - spincycle(remix) - love at home - toadfuck morals nz+,presets-extra,165,,2026-07-16,
shifter - spincycle(remix) - love at home - toadfuck morals roam3-,presets-extra,165,,2026-07-16,
shifter - whiteopal glimmer - flx insane psychlopaein formations,presets-extra,165,,2026-07-16,
shifter - whiteopal glimmer - flx insane psychlopaein formations - xenarch of the kovenand gate - squeakers,presets-extra,165,,2026-07-16,
shifter - whiteopal glimmer - flx insane psychlopaein formations - xenarch of the kovenand gate - tocks3,presets-extra,165,,2026-07-16,
shifter - whiteopal glimmer - flx insane psychlopaein formations - xenarch of the kovenand gate - tocks4,presets-extra,165,,2026-07-16,
shifter - whiteopal glimmer - flx insane psychlopaein formations - xenarch of the kovenand gate - tocksi,presets-extra,165,,2026-07-16,
shifter - whiteopal glimmer - flx insane psychlopaein formations - xenarch of the kovenand gate - tocksik liquid fear roams,presets-extra,165,,2026-07-16,
shifter - whiteopal glimmer - shf thought'd be cooler,presets-extra,165,,2026-07-16,
shifter - whiteopal glimmer - xenarch of the kovenand gate - tocksik liquid fear nz+ all reminder to not think (interruption theory),presets-extra,165,,2026-07-16,
skipper skipper kiss me hard - if it weren't for you wonderful role playing 'people' parts of my solipsistic overmind,presets-extra,165,,2026-07-16,
skipper skipper kiss me hard - inspired by unmitigated torture,presets-extra,165,,2026-07-16,
skipper skipper kiss me hard - inspired by unmitigated torture roam3 puking ancestor juice,presets-extra,165,,2026-07-16,
skipper skipper kiss me hard - slut warm spher,presets-extra,165,,2026-07-16,
skipper skipper kiss me hard - thank god for martin nitorami,presets-extra,165,,2026-07-16,
skipper skipper kiss me hard - thank god for martin nitorami - a rip in mommy's underwear,presets-extra,165,,2026-07-16,
skipper skipper kiss me hard - thank god for martin nitorami - a rip in mommy's underwear roams,presets-extra,165,,2026-07-16,
skipper skipper kiss me hard - thank god for martin nitorami - a rip in mommy's underwear roams nz+,presets-extra,165,,2026-07-16,
skipper skipper kiss me hard - thank god for martin nitorami - a rip in mommy's underwear threx,presets-extra,165,,2026-07-16,
skipper skipper kiss me hard - thank god for martin nitorami - maps of hell,presets-extra,165,,2026-07-16,
skipper skipper kiss me hard - thank god for martin nitorami - maps of hell nz+ saucy,presets-extra,165,,2026-07-16,
skipper skipper kiss me hard - thank god for martin nitorami - maps of hell roams saucy,presets-extra,165,,2026-07-16,
skipper skipper kiss me hard - thank god for martin nitorami - tgfmn,presets-extra,165,,2026-07-16,
skipper skipper kiss me hard - thank god for martin nitorami - tgfmn nz+,presets-extra,165,,2026-07-16,
skipper skipper kiss me hard - thank god for martin nitorami - tgfmn nz+2,presets-extra,165,,2026-07-16,
skipper skipper kiss me hard - thank god for martin nitorami - tgfmn roam3-,presets-extra,165,,2026-07-16,
skipper skipper kiss me hard - thank god for martin nitorami - tgfmn3 spotwelding woman labor,presets-extra,165,,2026-07-16,
skipper skipper kiss me hard - thank god for martin nitorami - tgfmn3 spotwelding woman labor nz+,presets-extra,165,,2026-07-16,
"skipper skipper kiss me hard - thank god for martin nitorami - there is no free will, there is no cause, there is no effect",presets-extra,165,,2026-07-16,
"skipper skipper kiss me hard - thank god for martin nitorami - there is no free will, there is no cause, there is no effect nz+",presets-extra,165,,2026-07-16,
skipper skipper kiss me hard - thank god for martin nitorami nz,presets-extra,165,,2026-07-16,
skipper skipper kiss me hard - thank god for martin nitorami nz cupric,presets-extra,165,,2026-07-16,
skipper skipper kiss me hard - thank god for shf,presets-extra,165,,2026-07-16,
skipper skipper kiss me hard - thank god for shf nz+,presets-extra,165,,2026-07-16,
"skipper skipper kiss me hard - tripgnosis, circumlocute with me",presets-extra,165,,2026-07-16,
"skipper skipper kiss me hard - tripgnosis, circumlocute with me loavthepsyckle",presets-extra,165,,2026-07-16,
"skipper skipper kiss me hard - tripgnosis, circumlocute with me loavthepsyckle engramiq",presets-extra,165,,2026-07-16,
stahlregen + flexi + goody + martin + others - frosted mosaik,presets-extra,166,,2026-07-16,
stahlregen + flexi + goody + martin + others - frosted mosaik [how far to reality blend],presets-extra,166,,2026-07-16,
stahlregen + flexi + goody + martin + others - frosted mosaik [moebius'ed],presets-extra,166,,2026-07-16,
suksma + rovastar goody geiss rism - 1982 gremlin pinto hybrid 440 block 2000 watts obscura blaster,presets-extra,166,,2026-07-16,
suksma - Hexcollie - Julian Carnival - shimmy dumb grid dogmaklyasm,presets-extra,167,,2026-07-16,
suksma - Zylot - Digitize (Geiss Relief Mix) - mash0000 - coral rake patent pending nz+ i am decommission,presets-extra,167,,2026-07-16,
suksma - ancient tesseractism,presets-extra,167,,2026-07-16,
suksma - ancient tesseractism nz+,presets-extra,167,,2026-07-16,
"suksma - and the foist shall be the bast, poison brick",presets-extra,167,,2026-07-16,
"suksma - as for me, i take medicines",presets-extra,167,,2026-07-16,
"suksma - as for me, i take medicines2",presets-extra,167,,2026-07-16,
suksma - big swede,presets-extra,168,,2026-07-16,
suksma - circle of the taeyrunts,presets-extra,169,,2026-07-16,
"suksma - circle of the taeyrunts, phairess imbularse deign offal",presets-extra,169,,2026-07-16,
"suksma - compelled me to mash, the bastard",presets-extra,169,,2026-07-16,
"suksma - compelled me to mash, the bastard - drottnar konphlegmgrance",presets-extra,169,,2026-07-16,
suksma - daryl feels my hellish lonliness,presets-extra,169,,2026-07-16,
suksma - daryl feels my hellish lonliness - creamy layers of junk mail,presets-extra,169,,2026-07-16,
suksma - daryl feels my hellish lonliness - creamy layers of junk mail drips with soul,presets-extra,169,,2026-07-16,
suksma - demon mz thru,presets-extra,170,,2026-07-16,
suksma - ed geining hateops - flx DddDddDddDdd die,presets-extra,171,,2026-07-16,
suksma - ed geining hateops - flx beagle,presets-extra,171,,2026-07-16,
suksma - ed geining hateops - flx entertainment value extremist,presets-extra,171,,2026-07-16,
"suksma - ed geining hateops - flx everything is wishing, everything is spinning roam",presets-extra,171,,2026-07-16,
"suksma - ed geining hateops - flx everything is wishing, everything is spinning roam nz+ hooking",presets-extra,171,,2026-07-16,
suksma - ed geining hateops - flx evil,presets-extra,171,,2026-07-16,
suksma - ed geining hateops - flx evil roam,presets-extra,171,,2026-07-16,
suksma - ed geining hateops - flx famous humble pie hole,presets-extra,171,,2026-07-16,
suksma - ed geining hateops - flx fracto-emission,presets-extra,171,,2026-07-16,
suksma - ed geining hateops - flx goblin barf,presets-extra,171,,2026-07-16,
suksma - ed geining hateops - flx granimal,presets-extra,172,,2026-07-16,
suksma - ed geining hateops - flx grizwold,presets-extra,172,,2026-07-16,
suksma - ed geining hateops - flx hate shade,presets-extra,172,,2026-07-16,
suksma - ed geining hateops - flx i cover myself with gears,presets-extra,172,,2026-07-16,
"suksma - ed geining hateops - flx i cover myself with gears ape3 roam2 i bug me, go away",presets-extra,172,,2026-07-16,
suksma - ed geining hateops - flx i want to be marriage bane,presets-extra,172,,2026-07-16,
suksma - ed geining hateops - flx i want to be marriage bane nz+,presets-extra,172,,2026-07-16,
"suksma - ed geining hateops - flx i want you, i'm sick with you",presets-extra,172,,2026-07-16,
"suksma - ed geining hateops - flx i want you, i'm sick with you ap4+ i",presets-extra,172,,2026-07-16,
"suksma - ed geining hateops - flx i want you, i'm sick with you roams",presets-extra,172,,2026-07-16,
"suksma - ed geining hateops - flx if it is selfish to have your focus, then i am an ever unsatisfied hedonist - eatdward",presets-extra,172,,2026-07-16,
suksma - ed geining hateops - flx it's possible pig,presets-extra,172,,2026-07-16,
suksma - ed geining hateops - flx maggotillion,presets-extra,172,,2026-07-16,
suksma - ed geining hateops - flx monochromatic joi,presets-extra,172,,2026-07-16,
suksma - ed geining hateops - flx monochromatic joi - 1-ret,presets-extra,172,,2026-07-16,
suksma - ed geining hateops - flx not caring is my favorite downer,presets-extra,172,,2026-07-16,
suksma - ed geining hateops - flx not caring is my favorite downer roam,presets-extra,172,,2026-07-16,
suksma - ed geining hateops - flx not caring is my favorite downer roam3 pukephest,presets-extra,172,,2026-07-16,
suksma - ed geining hateops - flx palette massacrow,presets-extra,172,,2026-07-16,
suksma - ed geining hateops - flx pharmaceutical grade kool aid,presets-extra,172,,2026-07-16,
suksma - ed geining hateops - flx rarely too tired to mash,presets-extra,172,,2026-07-16,
suksma - ed geining hateops - flx rim Job,presets-extra,172,,2026-07-16,
suksma - ed geining hateops - flx rim Job roam,presets-extra,172,,2026-07-16,
suksma - ed geining hateops - flx rim Job roam nz+,presets-extra,172,,2026-07-16,
suksma - ed geining hateops - flx sg5 ink stink you dink,presets-extra,172,,2026-07-16,
suksma - ed geining hateops - flx shibbalibbadi,presets-extra,172,,2026-07-16,
suksma - ed geining hateops - flx shibbalibbadi nz,presets-extra,172,,2026-07-16,
suksma - ed geining hateops - flx shibbalibbadi roam,presets-extra,172,,2026-07-16,
suksma - ed geining hateops - flx skim chalk,presets-extra,172,,2026-07-16,
suksma - ed geining hateops - flx squeakers novelty vs permanance,presets-extra,172,,2026-07-16,
suksma - ed geining hateops - i do k all,presets-extra,172,,2026-07-16,
suksma - ed geining hateops - i talk to myself in very ambiguous ways,presets-extra,172,,2026-07-16,
"suksma - ed geining hateops - poison earth, poison sterility",presets-extra,172,,2026-07-16,
suksma - false senselessness of secrutiny,presets-extra,172,,2026-07-16,
suksma - fame is fore ache click tech - arch ass dt r3,presets-extra,172,,2026-07-16,
suksma - fame is fore ache click tech - thee phair - shf fab where you're going worm tips,presets-extra,172,,2026-07-16,
suksma - farming equipment - flexi's balls temp,presets-extra,172,,2026-07-16,
suksma - farming equipment - foul angle pure curve,presets-extra,172,,2026-07-16,
suksma - farming equipment - ice shower,presets-extra,172,,2026-07-16,
suksma - farming equipment - rand tex roam hog rot,presets-extra,172,,2026-07-16,
suksma - finitive psykroe shf,presets-extra,173,,2026-07-16,
suksma - foldrinymicull,presets-extra,173,,2026-07-16,
suksma - g-martin m-aderrasi w-m wp-m c-m - sledful of corpses for furniture (exoskelechairmen),presets-extra,173,,2026-07-16,
suksma - gaeomaentaec,presets-extra,173,,2026-07-16,
suksma - gaeomaentaec - fuckingdelic,presets-extra,173,,2026-07-16,
suksma - gaeomaentaec - fuckingdelic roams,presets-extra,173,,2026-07-16,
suksma - gaeomaentaec - log smell 2,presets-extra,173,,2026-07-16,
suksma - gaeomaentaec - log smell 2 - adam zueske todd baeten,presets-extra,173,,2026-07-16,
suksma - gaeomaentaec - log smell 2 - cold-hearted amusement,presets-extra,173,,2026-07-16,
suksma - gaeomaentaec - log smell 2 - flesh,presets-extra,174,,2026-07-16,
suksma - gaeomaentaec - log smell 2 - steaming wienies,presets-extra,174,,2026-07-16,
suksma - gaeomaentaec - log smell 2 - terror cute,presets-extra,174,,2026-07-16,
suksma - gaeomaentaec - sandalwood grips,presets-extra,174,,2026-07-16,
suksma - gaeomaentaec - sandalwood grips nz+,presets-extra,174,,2026-07-16,
suksma - i'm the unestimated (ngas) mash geek,presets-extra,174,,2026-07-16,
suksma - i'm the unestimated (ngas) mash geek - eid (-sdi),presets-extra,174,,2026-07-16,
suksma - i'm the unestimated (ngas) mash geek - eid (-sdi) nz+,presets-extra,174,,2026-07-16,
suksma - incapable of nonexistence - shf flx when my suicide mind dominates roams2 nz+,presets-extra,175,,2026-07-16,
suksma - kumron,presets-extra,175,,2026-07-16,
suksma - lafariage - dimension ass hug spher,presets-extra,175,,2026-07-16,
suksma - lafariage - dimension ass hug spher nz2,presets-extra,175,,2026-07-16,
suksma - log spec with phase diff - circle jerked,presets-extra,175,,2026-07-16,
suksma - log spec with phase diff - circle jerked obscure,presets-extra,175,,2026-07-16,
suksma - log spec with phase diff - for marrow frygian sake,presets-extra,175,,2026-07-16,
suksma - loosely involved in grey market dog openers,presets-extra,175,,2026-07-16,
"suksma - martin - tunnel race - mrt,flx - we are in no position to exist",presets-extra,175,,2026-07-16,
"suksma - martin - tunnel race - mrt,flx - we are in no position to exist flacc",presets-extra,175,,2026-07-16,
suksma - mensa long bus,presets-extra,175,,2026-07-16,
suksma - mensa long bus - stahl,presets-extra,175,,2026-07-16,
suksma - morality is an illusion,presets-extra,176,,2026-07-16,
suksma - no bottom - cancer of industry,presets-extra,177,,2026-07-16,
suksma - no bottom - cancer of industry - flacc,presets-extra,177,,2026-07-16,
suksma - no bottom - lofted guts,presets-extra,177,,2026-07-16,
suksma - no bottom - lofted guts - 777 flacc,presets-extra,177,,2026-07-16,
suksma - no bottom - risen to decimate,presets-extra,177,,2026-07-16,
"suksma - phairess weale + mrt,flx",presets-extra,177,,2026-07-16,
"suksma - phairess weale + mrt,flx - dezi vs dari in hate obligate babysit triplet towrez (kyler sees the other side of addiction) bennett",presets-extra,177,,2026-07-16,
suksma - type o negative - world coming down,presets-extra,180,,2026-07-16,
suksma - waxen shawls of ominknow - blow up the outside words --- Isosceles edit,presets-extra,180,,2026-07-16,
suksma - waxen shawls of ominknow - quail lewd --- Isosceles edit1,presets-extra,180,,2026-07-16,
suksma - waxen shawls of ominknow - quail lewd --- Isosceles edit2,presets-extra,180,,2026-07-16,
swim in sweat - zen --- Isosceles edit,presets-extra,180,,2026-07-16,
uncompromising hate firehose digest pine needles nz+6,presets-extra,181,,2026-07-16,
uncompromising hate firehose digest pinecones nz+,presets-extra,181,,2026-07-16,
various - whirygig03 - flx rigidigeridoolittle' - reconsidering life in terms of loving how bizarre it i,presets-extra,182,,2026-07-16,
various - whirygig03 - flx rigidigeridoolittle' - reconsidering life in terms of loving how bizarre it is,presets-extra,182,,2026-07-16,
various - whirygig03 - flx rigidigeridoolittle' - reconsidering life in terms of loving how bizarre it is - 1-ret,presets-extra,182,,2026-07-16,
various artists - 1200777363123 white farm,presets-extra,182,,2026-07-16,
xtramartin (135),presets-extra,182,,2026-07-16,
xtramartin (186),presets-extra,182,,2026-07-16,
xtramartin (187),presets-extra,182,,2026-07-16,
xtramartin (188),presets-extra,182,,2026-07-16,
"you will like wildstyle presets, you will intend, i get out my radiative nature through md, i'm a good listener",presets-extra,183,,2026-07-16,
"you will like wildstyle presets, you will intend, no, you must intend your seeds for them, i ate too mu2",presets-extra,183,,2026-07-16,
zhugulore - dyfpathy foulr thee kleaver,presets-extra,183,,2026-07-16,
zhugulore - mbegenzine wringkz,presets-extra,183,,2026-07-16,
[EXP] $$$ Royal - Mashup (397),presets-extra,184,,2026-07-16,
[EXP] $$$ Royal - Mashup (398),presets-extra,184,,2026-07-16,
[EXP] $$$ Royal - Mashup (423),presets-extra,184,,2026-07-16,
[EXP] $$$ Royal - Mashup (430),presets-extra,184,,2026-07-16,
[EXP] $$$ Royal - Mashup (445),presets-extra,184,,2026-07-16,
[EXP] Blendin to myself AdamFX Twist 2 martin - glassball dance with AdamFX c,presets-extra,185,,2026-07-16,
[EXP] Blendin to myself AdamFX Twist 2 martin - glassball dance with AdamFX e,presets-extra,185,,2026-07-16,
"[EXP] Flexi, Geiss and Rovastar - mindless tokamak color pox [end of the world mix] nickle'",presets-extra,187,,2026-07-16,
[EXP] Isosceles Mashup 20200312 v036,presets-extra,188,,2026-07-16,
[EXP] Isosceles Mashup 20200314 v018,presets-extra,188,,2026-07-16,
[EXP] Isosceles Mashup 20200324 v002,presets-extra,188,,2026-07-16,
[EXP] Isosceles Mashup 20200324 v009,presets-extra,188,,2026-07-16,
[EXP] Isosceles Mashup 20200403 v003,presets-extra,188,,2026-07-16,
[EXP] Isosceles Mashup 20200413 v008,presets-extra,189,,2026-07-16,
[EXP] Isosceles Mashup 20200413 v009,presets-extra,189,,2026-07-16,
[EXP] Isosceles Mashup 20200413 v010,presets-extra,189,,2026-07-16,
[EXP] Isosceles Mashup 20200413 v011,presets-extra,189,,2026-07-16,
[EXP] Isosceles Mashup 20200413 v012,presets-extra,189,,2026-07-16,
[EXP] Isosceles Mashup 20200413 v013,presets-extra,189,,2026-07-16,
[EXP] Isosceles Mashup 20200413 v014,presets-extra,189,,2026-07-16,
[EXP] Isosceles Mashup 20200413 v015,presets-extra,189,,2026-07-16,
[EXP] Isosceles Mashup 20200413 v016,presets-extra,189,,2026-07-16,
[EXP] Isosceles Mashup 20200413 v017,presets-extra,189,,2026-07-16,
[EXP] Isosceles Mashup 20200413 v018,presets-extra,189,,2026-07-16,
[EXP] Isosceles Mashup 20200413 v019,presets-extra,189,,2026-07-16,
[EXP] Isosceles Mashup 20200420 v001,presets-extra,189,,2026-07-16,
[EXP] Isosceles Mashup 20200420 v019,presets-extra,189,,2026-07-16,
[EXP] Isosceles Mashup 20200420 v043,presets-extra,189,,2026-07-16,
[EXP] Isosceles Mashup 20200420 v044,presets-extra,189,,2026-07-16,
[EXP] Isosceles Mashup 20200420 v045,presets-extra,189,,2026-07-16,
[EXP] Isosceles Mashup 20200420 v046,presets-extra,189,,2026-07-16,
[EXP] Isosceles Mashup 20200420 v050,presets-extra,189,,2026-07-16,
[EXP] Isosceles Mashup 20200420 v051,presets-extra,189,,2026-07-16,
[EXP] Isosceles Mashup 20200421 v005,presets-extra,189,,2026-07-16,
[EXP] Isosceles Mashup 20200421 v006,presets-extra,189,,2026-07-16,
[EXP] Isosceles Mashup 20200422 v019,presets-extra,190,,2026-07-16,
[EXP] Nivush - Torus 2,presets-extra,196,,2026-07-16,
[EXP] Nivush - Torus 3,presets-extra,196,,2026-07-16,
[EXP] martin - mucus cervix - geiss crossfire shaders,presets-extra,197,,2026-07-16,
[EXP] martin - shader pimped caleidoscope,presets-extra,197,,2026-07-16,
[EXP] suksma - morality is an illusion,presets-extra,198,,2026-07-16,
[EXP] Flexi - the vista soap bubble screen saver sucks,presets-extra,201,,2026-07-16,
[EXP] Isosceles Mashup 20200324 v010,presets-extra,201,,2026-07-16,
[EXP] Isosceles Mashup 20200324 v011,presets-extra,201,,2026-07-16,
[EXP] Isosceles Mashup 20200413 v003,presets-extra,201,,2026-07-16,
[EXP] Isosceles Mashup 20200422 v054,presets-extra,201,,2026-07-16,
[EXP] shifter + Flexi - liquid circuitry from the pataoblivion hive cute turtle bun nz pharm,presets-extra,206,,2026-07-16,
[EXP] shifter + Flexi - liquid circuitry from the pataoblivion hive cute turtle bun nz+ piggysioux,presets-extra,206,,2026-07-16,
[EXP] shifter + Flexi - liquid circuitry from the pataoblivion hive cute turtle bun nz+ r letting people walk all over you,presets-extra,206,,2026-07-16,
[EXP] suksma - waxen shawls of ominknow - quail lewd --- Isosceles edit1,presets-extra,208,,2026-07-16,
[EXP] zhugulore - dyfpathy foulr thee kleaver,presets-extra,208,,2026-07-16,
[EXP] 414 bowel rebranding pr skinned to the teeth loadus morons who don't think things are going to collapse,presets-extra,209,,2026-07-16,
[EXP] A Tribute to Martin - bombyx mori - Ft Flexi - AdamFX - StahlRegen - Hd In Milk Ailen FX J,presets-extra,209,,2026-07-16,
[EXP] Amandio C - Goldline (fireworks),presets-extra,210,,2026-07-16,
[EXP] EVET - flexi + geiss - tokamak fractal,presets-extra,211,,2026-07-16,
[EXP] EVET - flexi + geiss - tokamak fractal 2,presets-extra,211,,2026-07-16,
[EXP] EVET - martin - Conduits,presets-extra,211,,2026-07-16,
[EXP] EoS - heater core,presets-extra,212,,2026-07-16,
[EXP] Flexi + Geiss + Demon Lord - Tokamak mindblob 2-0 [unholy conspiracy mix],presets-extra,213,,2026-07-16,
[EXP] Flexi + Geiss + Demon Lord - unholy tokamak clot-plot,presets-extra,213,,2026-07-16,
[EXP] Flexi + amandio c - piercing 02 nz,presets-extra,213,,2026-07-16,
[EXP] Flexi + amandio c - piercing 02 nz+,presets-extra,213,,2026-07-16,
[EXP] Flexi - against all ods,presets-extra,213,,2026-07-16,
[EXP] Flexi - explore space not drugs,presets-extra,213,,2026-07-16,
[EXP] Flexi - fractal descent gnesse,presets-extra,213,,2026-07-16,
[EXP] Flexi - fractal descent gnesse pitstash io,presets-extra,213,,2026-07-16,
[EXP] HDFX with Flexi - AdamFX n Martin - Bubble Gum in our Mindz Ft Aramandio D,presets-extra,214,,2026-07-16,
[EXP] HDFX with Flexi - AdamFX n Martin - Bubble Gum in our Mindz Ft Aramandio E,presets-extra,214,,2026-07-16,
[EXP] HDFX with Flexi - AdamFX n Martin - Bubble Gum in our Mindz Ft Aramandio F,presets-extra,214,,2026-07-16,
[EXP] Hexcollie - do the twist,presets-extra,214,,2026-07-16,
"[EXP] Hexcollie, Geiss n Flexi - An important part of my collective brain is missing",presets-extra,214,,2026-07-16,
[EXP] NeW Adam Master Mashup FX 2 Geiss - Reaction Diffusion 34 + Swelling Spiral  + Liquid Fire  + Geiss an39,presets-extra,216,,2026-07-16,
[EXP] NeW Adam Master Mashup FX 2 Geiss - Reaction Diffusion 34 + Swelling Spiral  + Liquid Fire  + Geiss an40,presets-extra,216,,2026-07-16,
"[EXP] New Creation Sensation -  AdamFx,Flexi,Amandio c n Martin - Star to Another World ft Hexocollie,ShadowH,Geiss n Fishbrain K",presets-extra,216,,2026-07-16,
[EXP] ORB - Toy snakes ultimate,presets-extra,216,,2026-07-16,
[EXP] aspect-aware texture mirror shader example,presets-extra,221,,2026-07-16,
[EXP] cleave and cleave to thine w administrator access to unreality,presets-extra,221,,2026-07-16,
[EXP] flexi - a julia fractal for hexcollie,presets-extra,223,,2026-07-16,
[EXP] flexi - a julia fractal for hexcollie (reactive color mix by Stahlregen),presets-extra,223,,2026-07-16,
[EXP] flexi - a julia fractal for hexcollie embossed (Jelly),presets-extra,223,,2026-07-16,
[EXP] flexi - against all odds,presets-extra,223,,2026-07-16,
[EXP] flexi - blame moebius,presets-extra,223,,2026-07-16,
[EXP] gjlasd bleefed ngaeme - god (william burroughs) wants you to go insane,presets-extra,223,,2026-07-16,
[EXP] gjlasd bleefed ngaeme - subornomy in creaking circution,presets-extra,223,,2026-07-16,
[EXP] map,presets-extra,223,,2026-07-16,
[EXP] map2,presets-extra,223,,2026-07-16,
[EXP] shifter - neon splinters,presets-extra,225,,2026-07-16,
[EXP] stahlregen + flexi + goody + martin + others - frosted mosaik [fucking infinity blend],presets-extra,226,,2026-07-16,
[EXP] stahlregen + flexi + goody + martin + others - frosted mosaik [moebius'ed],presets-extra,226,,2026-07-16,
[EXP] suksma - daryl feels my hellish lonliness - creamy layers of junk mail drips with soul,presets-extra,227,,2026-07-16,
"[EXP] suksma - ed geining hateops - flx if it is selfish to have your focus, then i am an ever unsatisfied hedonist - eatdward",presets-extra,227,,2026-07-16,
[EXP] suksma - foldrinymicull,presets-extra,228,,2026-07-16,
[EXP] suksma - log spec with phase diff - circle jerked,presets-extra,228,,2026-07-16,
[EXP] suksma - log spec with phase diff - circle jerked obscure,presets-extra,228,,2026-07-16,
"[EXP] suksma - martin - tunnel race - mrt,flx - we are in no position to exist",presets-extra,228,,2026-07-16,
"[EXP] suksma - martin - tunnel race - mrt,flx - we are in no position to exist flacc",presets-extra,228,,2026-07-16,
[EXP] xtramartin (135),presets-extra,231,,2026-07-16,
[EXP] $$$ Royal - Mashup (13),presets-extra,232,,2026-07-16,
"[EXP] AdamFx 2 Geiss, Zylot and Flexi - Reaction Diffusion 3 (Overload Mix 2) EATIT4",presets-extra,233,,2026-07-16,
"[EXP] AdamFx 2 Geiss, Zylot and Flexi - Reaction Diffusion 3 (Overload Mix 2) EATIT4 (BCCNJ4)",presets-extra,233,,2026-07-16,
"[EXP] AdamFx 2 Geiss, Zylot and Flexi - Reaction Diffusion 3 (Overload Mix 2) EATIT4 hypno!",presets-extra,233,,2026-07-16,
[EXP] Chemlock - Berry Maddog 20-20,presets-extra,233,,2026-07-16,
"[EXP] Chemlock - Fire Iris - thanks to flexi, my life is good - mirror blade",presets-extra,233,,2026-07-16,
[EXP] Chemlock - Metal Mud,presets-extra,233,,2026-07-16,
[EXP] EVET + Flexi - Lovecraft's Key,presets-extra,234,,2026-07-16,
[EXP] EVET - RGB Singularity,presets-extra,234,,2026-07-16,
[EXP] Flexi + Geiss - Tokamak mindblob 2-0,presets-extra,234,,2026-07-16,
[EXP] Flexi + Geiss - pogo-cubes on tokamak matter [mind over matter remix] 3 - heeling potion nz,presets-extra,234,,2026-07-16,
[EXP] Flexi + Geiss - pogo-cubes on tokamak matter [mind over matter remix] 3 - heeling potion nz+,presets-extra,234,,2026-07-16,
[EXP] Flexi + Martin - tunnel of supraschismatika,presets-extra,234,,2026-07-16,
[EXP] Flexi - $0$ - rotating per-pixel tutorial,presets-extra,234,,2026-07-16,
[EXP] Flexi - leaving colors - crazy cogitations centrifuge,presets-extra,235,,2026-07-16,
[EXP] Flexi - leaving colors - crazy cogitations centrifuge [collapsing cosmos creation],presets-extra,235,,2026-07-16,
[EXP] Flexi - leaving colors - crazy cogitations centrifuge [collapsing cosmos creation] lightworkers delight,presets-extra,235,,2026-07-16,
[EXP] Flexi - leaving colors - crazy cogitations centrifuge [collapsing cosmos creation] oh thats still harmless,presets-extra,235,,2026-07-16,
[EXP] Flexi - leaving colors - magic happened to my wallpaper,presets-extra,235,,2026-07-16,
[EXP] Flexi - leaving colors MOI,presets-extra,235,,2026-07-16,
[EXP] Flexi - space voyage [organic aftermath 1],presets-extra,235,,2026-07-16,
[EXP] Flexi - space voyage [organic aftermath 2],presets-extra,235,,2026-07-16,
[EXP] Flexi - space voyage [shifter's esc shader],presets-extra,235,,2026-07-16,
[EXP] Flexi - space voyage [shifter's parchment warp shader],presets-extra,235,,2026-07-16,
[EXP] Flexi - splatter effects 21,presets-extra,235,,2026-07-16,
"[EXP] Flexi, Geiss and Rovastar - chaos layered tokamak",presets-extra,235,,2026-07-16,
"[EXP] Flexi, Geiss and Rovastar - mindless tokamak color pox [end of the world mix]",presets-extra,235,,2026-07-16,
"[EXP] Flexi, Geiss and Rovastar - tokamak mindblob 2-0",presets-extra,235,,2026-07-16,
"[EXP] Flexi, suksma + martin - lafariage [carwheel zoom mix]",presets-extra,235,,2026-07-16,
"[EXP] Hexcollie, Flexi, Rova n Phat - New Species",presets-extra,236,,2026-07-16,
[EXP] LuxXx - ColourSturm I,presets-extra,237,,2026-07-16,
[EXP] LuxXx - Surfing on Sin Wave (Aura Exploder),presets-extra,237,,2026-07-16,
[EXP] LuxXx - Uncha1ned Coral 2,presets-extra,237,,2026-07-16,
[EXP] Martin - QBikal - Surface Turbulence nz+ unlinked error,presets-extra,237,,2026-07-16,
[EXP] Phat_Zylot_EoS Come_fly_with_me_vidio_echo_v2 nz+ loss of movement,presets-extra,238,,2026-07-16,
[EXP] Phat_Zylot_EoS Come_fly_with_me_vidio_echo_v2 nz+ re-gainfed vs un-gain-un-fed r,presets-extra,238,,2026-07-16,
[EXP] SU422D~1,presets-extra,239,,2026-07-16,
[EXP] Stahlregen - Treb Spectre PS2 nz+ gorgeous germinalth,presets-extra,240,,2026-07-16,
[EXP] Zylot - In death there is life (Carnival Of Lights),presets-extra,241,,2026-07-16,
[EXP] Zylot - In death there is life (Dancing Lights mix),presets-extra,241,,2026-07-16,
[EXP] anglican't americouldn't - severe hue bullshit,presets-extra,241,,2026-07-16,
[EXP] anglican't americouldn't - severe hue bullshit nz,presets-extra,241,,2026-07-16,
[EXP] anglican't americouldn't - zhuGan,presets-extra,241,,2026-07-16,
[EXP] anglican't americouldn't - zhuGan nz+,presets-extra,241,,2026-07-16,
[EXP] anglican't americouldn't - zhuGan roam3,presets-extra,241,,2026-07-16,
[EXP] bleeding like a horsey roams i just got through watching planet bboy and boy do i feel embarrassed for myself and all the world,presets-extra,242,,2026-07-16,
[EXP] c lesions,presets-extra,242,,2026-07-16,
[EXP] cleave and cleave to thine w by simple holistic methods,presets-extra,242,,2026-07-16,
[EXP] cleave and cleave to thine w cleavage,presets-extra,242,,2026-07-16,
[EXP] cleave and cleave to thine w maid in spain,presets-extra,242,,2026-07-16,
[EXP] cleave and cleave to thine w pandora's,presets-extra,242,,2026-07-16,
[EXP] cleave and cleave to thine w swimfan was the best movie of all movies ever,presets-extra,242,,2026-07-16,
[EXP] cleave and cleave to thine w thankee sai for more trippy ass shit,presets-extra,242,,2026-07-16,
[EXP] cleave and cleave to thine w thankee sai for more trippy ass shit moneymaggot,presets-extra,242,,2026-07-16,
[EXP] cleave and cleave to thine w thankee sai for more trippy ass shit nz+,presets-extra,242,,2026-07-16,
"[EXP] cleave and cleave to thine w yep, i always dream of epic shit, and more so on the hydrogen stick",presets-extra,242,,2026-07-16,
[EXP] cope + flexi - colorful marble (ghost mix),presets-extra,242,,2026-07-16,
[EXP] cortex meat - adm affect non,presets-extra,242,,2026-07-16,
[EXP] cortex meat - equiping the farmers with permacult roam,presets-extra,242,,2026-07-16,
[EXP] cortex meat - jerkulimb,presets-extra,242,,2026-07-16,
[EXP] cortex meat - jerkulimb roam,presets-extra,242,,2026-07-16,
[EXP] extreme paranoia and fear unleash in spontaneous suicide flails,presets-extra,242,,2026-07-16,
[EXP] extreme paranoia and fear unleash in spontaneous suicide flails - slapping the elite,presets-extra,242,,2026-07-16,
[EXP] extreme paranoia and fear unleash in spontaneous suicide flails - slapping the elite roam3,presets-extra,242,,2026-07-16,
[EXP] extreme paranoia and fear unleash in spontaneous suicide flails roam3,presets-extra,242,,2026-07-16,
[EXP] fed + flexi - the new cubism3 ap4+,presets-extra,243,,2026-07-16,
[EXP] flexi - particle fountain - futile distraction,presets-extra,244,,2026-07-16,
[EXP] flexi - particle fountain - futile distraction nz,presets-extra,244,,2026-07-16,
[EXP] flexi - particle fountain - mash0000 - manganese palace mistress,presets-extra,244,,2026-07-16,
[EXP] flexi - particle fountain - ointment bacon tableau,presets-extra,244,,2026-07-16,
"[EXP] flexi, bdrv + geiss - aftermath",presets-extra,244,,2026-07-16,
"[EXP] flexi,_bdrv_+_geiss_-_aftermath (strange mix)",presets-extra,244,,2026-07-16,
[EXP] gwadeloag - phusillyty nz+ limHongJiht surry,presets-extra,245,,2026-07-16,
[EXP] martin - charming tiles,presets-extra,245,,2026-07-16,
[EXP] mouthful o sand,presets-extra,245,,2026-07-16,
[EXP] never trust bdrv martin or flexi or amandio,presets-extra,245,,2026-07-16,
[EXP] never trust bdrv martin or flexi rnz,presets-extra,245,,2026-07-16,
"[EXP] not very good at all, ten thumbs down",presets-extra,246,,2026-07-16,
[EXP] pabstolutiasma saturate beyond comprehension,presets-extra,246,,2026-07-16,
[EXP] passionless internal cow say what you want i still loavthe ewe,presets-extra,246,,2026-07-16,
[EXP] phalsiphiqathe nisclehilth,presets-extra,246,,2026-07-16,
[EXP] porcelain list,presets-extra,246,,2026-07-16,
[EXP] re-pissintegracious,presets-extra,246,,2026-07-16,
[EXP] re-pissintegracious nz,presets-extra,246,,2026-07-16,
[EXP] shifter + Flexi - liquid circuitry from the pataoblivion hive cute turtle bun nz+,presets-extra,247,,2026-07-16,
[EXP] shifter + Flexi - liquid circuitry from the pataoblivion hive cute turtle bun nz+ r,presets-extra,247,,2026-07-16,
[EXP] shifter + flexi - american oblivion pie,presets-extra,247,,2026-07-16,
[EXP] shifter + flexi - american oblivion pie nz+ hematoklahomasectjwelth,presets-extra,247,,2026-07-16,
[EXP] shifter + flexi - american pie 3 nz wear like chane,presets-extra,247,,2026-07-16,
[EXP] shifter + flexi - american pie 3 nz wear like chane flx,presets-extra,247,,2026-07-16,
[EXP] shifter - fractal cloud bruised_1,presets-extra,247,,2026-07-16,
[EXP] shifter - fractal cloud firey,presets-extra,247,,2026-07-16,
[EXP] shifter - fractal cloud red_1,presets-extra,247,,2026-07-16,
[EXP] shifter - mosaic mitosis,presets-extra,247,,2026-07-16,
[EXP] shifter - mosaic mitosis - fuckingdelic,presets-extra,247,,2026-07-16,
[EXP] shifter - mosaic mitosis - j4,presets-extra,247,,2026-07-16,
[EXP] shifter - mosaic mitosis - j4 nz+,presets-extra,247,,2026-07-16,
[EXP] shifter - mosaic mitosis - will they find me,presets-extra,247,,2026-07-16,
[EXP] shifter - mosaic mitosis - will they find me roam2,presets-extra,247,,2026-07-16,
[EXP] shifter - mosaic mitosis - will they find me roams,presets-extra,247,,2026-07-16,
[EXP] shifter - phasm wraith - hateful dance of poison healing cpe ap4+,presets-extra,247,,2026-07-16,
[EXP] shifter - spincycle(remix) - love at home - toadfuck morals,presets-extra,248,,2026-07-16,
[EXP] shifter - spincycle(remix) - love at home - toadfuck morals nz+,presets-extra,248,,2026-07-16,
[EXP] shifter - spincycle(remix) - love at home - toadfuck morals roam3-,presets-extra,248,,2026-07-16,
[EXP] shifter - whiteopal glimmer - flx insane psychlopaein formations,presets-extra,248,,2026-07-16,
[EXP] shifter - whiteopal glimmer - flx insane psychlopaein formations - xenarch of the kovenand gate - squeakers,presets-extra,248,,2026-07-16,
[EXP] shifter - whiteopal glimmer - flx insane psychlopaein formations - xenarch of the kovenand gate - tocks3,presets-extra,248,,2026-07-16,
[EXP] shifter - whiteopal glimmer - flx insane psychlopaein formations - xenarch of the kovenand gate - tocks4,presets-extra,248,,2026-07-16,
[EXP] shifter - whiteopal glimmer - flx insane psychlopaein formations - xenarch of the kovenand gate - tocksi,presets-extra,248,,2026-07-16,
[EXP] shifter - whiteopal glimmer - flx insane psychlopaein formations - xenarch of the kovenand gate - tocksik liquid fear roams,presets-extra,248,,2026-07-16,
[EXP] shifter - whiteopal glimmer - shf thought'd be cooler,presets-extra,248,,2026-07-16,
[EXP] shifter - whiteopal glimmer - xenarch of the kovenand gate - tocksik liquid fear nz+ all reminder to not think (interruption theory),presets-extra,248,,2026-07-16,
[EXP] skipper skipper kiss me hard - if it weren't for you wonderful role playing 'people' parts of my solipsistic overmind,presets-extra,248,,2026-07-16,
[EXP] skipper skipper kiss me hard - inspired by unmitigated torture,presets-extra,248,,2026-07-16,
[EXP] skipper skipper kiss me hard - inspired by unmitigated torture roam3 puking ancestor juice,presets-extra,248,,2026-07-16,
[EXP] skipper skipper kiss me hard - slut warm spher,presets-extra,248,,2026-07-16,
[EXP] skipper skipper kiss me hard - thank god for martin nitorami,presets-extra,248,,2026-07-16,
[EXP] skipper skipper kiss me hard - thank god for martin nitorami - a rip in mommy's underwear,presets-extra,248,,2026-07-16,
[EXP] skipper skipper kiss me hard - thank god for martin nitorami - a rip in mommy's underwear roams,presets-extra,248,,2026-07-16,
[EXP] skipper skipper kiss me hard - thank god for martin nitorami - a rip in mommy's underwear roams nz+,presets-extra,248,,2026-07-16,
[EXP] skipper skipper kiss me hard - thank god for martin nitorami - a rip in mommy's underwear threx,presets-extra,248,,2026-07-16,
[EXP] skipper skipper kiss me hard - thank god for martin nitorami - maps of hell,presets-extra,248,,2026-07-16,
[EXP] skipper skipper kiss me hard - thank god for martin nitorami - maps of hell nz+ saucy,presets-extra,248,,2026-07-16,
[EXP] skipper skipper kiss me hard - thank god for martin nitorami - maps of hell roams saucy,presets-extra,248,,2026-07-16,
[EXP] skipper skipper kiss me hard - thank god for martin nitorami - tgfmn,presets-extra,248,,2026-07-16,
[EXP] skipper skipper kiss me hard - thank god for martin nitorami - tgfmn nz+,presets-extra,248,,2026-07-16,
[EXP] skipper skipper kiss me hard - thank god for martin nitorami - tgfmn nz+2,presets-extra,248,,2026-07-16,
[EXP] skipper skipper kiss me hard - thank god for martin nitorami - tgfmn roam3-,presets-extra,248,,2026-07-16,
[EXP] skipper skipper kiss me hard - thank god for martin nitorami - tgfmn3 spotwelding woman labor,presets-extra,248,,2026-07-16,
[EXP] skipper skipper kiss me hard - thank god for martin nitorami - tgfmn3 spotwelding woman labor nz+,presets-extra,248,,2026-07-16,
"[EXP] skipper skipper kiss me hard - thank god for martin nitorami - there is no free will, there is no cause, there is no effect",presets-extra,248,,2026-07-16,
"[EXP] skipper skipper kiss me hard - thank god for martin nitorami - there is no free will, there is no cause, there is no effect nz+",presets-extra,248,,2026-07-16,
[EXP] skipper skipper kiss me hard - thank god for martin nitorami nz,presets-extra,248,,2026-07-16,
[EXP] skipper skipper kiss me hard - thank god for martin nitorami nz cupric,presets-extra,248,,2026-07-16,
[EXP] skipper skipper kiss me hard - thank god for shf,presets-extra,248,,2026-07-16,
[EXP] skipper skipper kiss me hard - thank god for shf nz+,presets-extra,248,,2026-07-16,
"[EXP] skipper skipper kiss me hard - tripgnosis, circumlocute with me",presets-extra,248,,2026-07-16,
"[EXP] skipper skipper kiss me hard - tripgnosis, circumlocute with me loavthepsyckle",presets-extra,248,,2026-07-16,
"[EXP] skipper skipper kiss me hard - tripgnosis, circumlocute with me loavthepsyckle engramiq",presets-extra,248,,2026-07-16,
[EXP] stahlregen + flexi + goody + martin + others - frosted mosaik,presets-extra,248,,2026-07-16,
[EXP] suksma - Hexcollie - Julian Carnival - shimmy dumb grid dogmaklyasm,presets-extra,248,,2026-07-16,
[EXP] suksma - Zylot - Digitize (Geiss Relief Mix) - mash0000 - coral rake patent pending nz+ i am decommission,presets-extra,248,,2026-07-16,
[EXP] suksma - ancient tesseractism,presets-extra,248,,2026-07-16,
[EXP] suksma - ancient tesseractism nz+,presets-extra,248,,2026-07-16,
"[EXP] suksma - and the foist shall be the bast, poison brick",presets-extra,248,,2026-07-16,
"[EXP] suksma - as for me, i take medicines",presets-extra,248,,2026-07-16,
"[EXP] suksma - as for me, i take medicines2",presets-extra,248,,2026-07-16,
[EXP] suksma - big swede,presets-extra,249,,2026-07-16,
[EXP] suksma - circle of the taeyrunts,presets-extra,249,,2026-07-16,
"[EXP] suksma - circle of the taeyrunts, phairess imbularse deign offal",presets-extra,249,,2026-07-16,
[EXP] suksma - daryl feels my hellish lonliness,presets-extra,249,,2026-07-16,
[EXP] suksma - daryl feels my hellish lonliness - creamy layers of junk mail,presets-extra,249,,2026-07-16,
[EXP] suksma - ed geining hateops - flx evil,presets-extra,250,,2026-07-16,
[EXP] suksma - ed geining hateops - flx evil roam,presets-extra,250,,2026-07-16,
[EXP] suksma - fame is fore ache click tech - arch ass dt r3,presets-extra,250,,2026-07-16,
[EXP] suksma - fame is fore ache click tech - thee phair - shf fab where you're going worm tips,presets-extra,250,,2026-07-16,
[EXP] suksma - farming equipment - flexi's balls temp,presets-extra,250,,2026-07-16,
[EXP] suksma - farming equipment - foul angle pure curve,presets-extra,250,,2026-07-16,
[EXP] suksma - farming equipment - ice shower,presets-extra,250,,2026-07-16,
[EXP] suksma - farming equipment - rand tex roam hog rot,presets-extra,250,,2026-07-16,
[EXP] suksma - flexi - the new cubism - mash0000 - AIST aromatic laser focused ionizations,presets-extra,251,,2026-07-16,
[EXP] suksma - flexi - the new cubism - mash0000 - no squirrel likes you yet,presets-extra,251,,2026-07-16,
[EXP] suksma - gaeomaentaec,presets-extra,251,,2026-07-16,
[EXP] suksma - gaeomaentaec - fuckingdelic,presets-extra,251,,2026-07-16,
[EXP] suksma - gaeomaentaec - fuckingdelic roams,presets-extra,251,,2026-07-16,
[EXP] suksma - gaeomaentaec - log smell 2,presets-extra,251,,2026-07-16,
[EXP] suksma - gaeomaentaec - log smell 2 - adam zueske todd baeten,presets-extra,251,,2026-07-16,
[EXP] suksma - gaeomaentaec - log smell 2 - aleister ravenly,presets-extra,251,,2026-07-16,
[EXP] suksma - gaeomaentaec - log smell 2 - cold-hearted amusement,presets-extra,251,,2026-07-16,
[EXP] suksma - gaeomaentaec - log smell 2 - flesh,presets-extra,251,,2026-07-16,
[EXP] suksma - gaeomaentaec - log smell 2 - steaming wienies,presets-extra,251,,2026-07-16,
[EXP] suksma - gaeomaentaec - log smell 2 - steaming wienies2,presets-extra,251,,2026-07-16,
[EXP] suksma - gaeomaentaec - log smell 2 - terror cute,presets-extra,251,,2026-07-16,
[EXP] suksma - gaeomaentaec - sandalwood grips,presets-extra,251,,2026-07-16,
[EXP] suksma - gaeomaentaec - sandalwood grips nz+,presets-extra,251,,2026-07-16,
[EXP] suksma - incapable of nonexistence - shf flx when my suicide mind dominates roams2 nz+,presets-extra,251,,2026-07-16,
[EXP] suksma - kumron,presets-extra,251,,2026-07-16,
[EXP] suksma - lafariage - dimension ass hug spher,presets-extra,252,,2026-07-16,
[EXP] suksma - lafariage - dimension ass hug spher nz2,presets-extra,252,,2026-07-16,
[EXP] suksma - mensa long bus,presets-extra,252,,2026-07-16,
[EXP] suksma - mensa long bus - stahl,presets-extra,252,,2026-07-16,
"[EXP] suksma - phairess weale + mrt,flx",presets-extra,252,,2026-07-16,
"[EXP] suksma - phairess weale + mrt,flx - dezi vs dari in hate obligate babysit triplet towrez (kyler sees the other side of addiction) bennett",presets-extra,252,,2026-07-16,
[EXP] suksma - uninitialized variabowl (hydroponic chronic),presets-extra,253,,2026-07-16,
[EXP] swim in sweat - zen --- Isosceles edit,presets-extra,253,,2026-07-16,
[EXP] uncompromising hate firehose digest pine needles nz+6,presets-extra,253,,2026-07-16,
[EXP] uncompromising hate firehose digest pinecones nz+,presets-extra,253,,2026-07-16,
[EXP] various - whirygig03 - flx rigidigeridoolittle' - reconsidering life in terms of loving how bizarre it i,presets-extra,254,,2026-07-16,
[EXP] various - whirygig03 - flx rigidigeridoolittle' - reconsidering life in terms of loving how bizarre it is,presets-extra,254,,2026-07-16,
[EXP] various - whirygig03 - flx rigidigeridoolittle' - reconsidering life in terms of loving how bizarre it is - 1-ret,presets-extra,254,,2026-07-16,
[EXP] various artists - 1200777363123 white farm,presets-extra,254,,2026-07-16,
[EXP] xtramartin (186),presets-extra,254,,2026-07-16,
[EXP] xtramartin (187),presets-extra,254,,2026-07-16,
[EXP] xtramartin (188),presets-extra,254,,2026-07-16,
"[EXP] you will like wildstyle presets, you will intend, i get out my radiative nature through md, i'm a good listener",presets-extra,254,,2026-07-16,
"[EXP] you will like wildstyle presets, you will intend, no, you must intend your seeds for them, i ate too mu2",presets-extra,254,,2026-07-16,
[EXP] zhugulore - mbegenzine wringkz,presets-extra,254,,2026-07-16,
[EXP] $$$ Royal - Mashup (193),presets-extra,255,,2026-07-16,
[EXP] $$$ Royal - Mashup (349),presets-extra,255,,2026-07-16,
[EXP] $$$ Royal - Mashup (391),presets-extra,255,,2026-07-16,
[EXP] $$$ Royal - Mashup (471),presets-extra,255,,2026-07-16,
[EXP] Flexi - a script kiddies flash ['the shader geek' mix 2],presets-extra,257,,2026-07-16,
[EXP] Flexi - a script kiddies flash ['the shader geek' mix 3],presets-extra,257,,2026-07-16,
[EXP] Flexi - a script kiddies flash ['the shader geek' mix 5],presets-extra,257,,2026-07-16,
"[EXP] Fumbling_Foo & Flexi, Martin, Orb, Unchained - Acid Mandala v3",presets-extra,257,,2026-07-16,
"[EXP] Fumbling_Foo & Flexi, Martin, Orb, Unchained - Acid Mandala v3a",presets-extra,257,,2026-07-16,
"[EXP] Fumbling_Foo & Flexi, Martin, Orb, Unchained - Acid Mandala v3b",presets-extra,257,,2026-07-16,
"[EXP] Fumbling_Foo & Flexi, Martin, Orb, Unchained - Acid Mandala v3c",presets-extra,257,,2026-07-16,
"[EXP] Fumbling_Foo & Flexi, Martin, Orb, Unchained - Acid Mandala v3d",presets-extra,257,,2026-07-16,
"[EXP] Fumbling_Foo & Flexi, Martin, Orb, Unchained - Acid Mandala v3e",presets-extra,257,,2026-07-16,
"[EXP] Fumbling_Foo & Flexi, Martin, Orb, Unchained - Acid Mandala v4",presets-extra,257,,2026-07-16,
"[EXP] Fumbling_Foo & Flexi, Martin, Orb, Unchained - Acid Mandala v4a",presets-extra,257,,2026-07-16,
"[EXP] Fumbling_Foo & Flexi, Martin, Orb, Unchained - Acid Mandala v4b",presets-extra,257,,2026-07-16,
"[EXP] Fumbling_Foo & Flexi, Martin, Orb, Unchained - Acid Mandala v4c",presets-extra,257,,2026-07-16,
"[EXP] Fumbling_Foo & Flexi, Martin, Orb, Unchained - Acid Mandala v4d",presets-extra,257,,2026-07-16,
"[EXP] Fumbling_Foo & Flexi, Martin, Orb, Unchained - Acid Mandala v4e",presets-extra,257,,2026-07-16,
"[EXP] Fumbling_Foo & Flexi, Martin, Orb, Unchained - Acid Mandala v4f",presets-extra,257,,2026-07-16,
"[EXP] Fumbling_Foo & Flexi, Martin, Orb, Unchained - Acid Mandala v4g",presets-extra,257,,2026-07-16,
"[EXP] Fumbling_Foo & Flexi, Martin, Orb, Unchained - Acid Mandala v5",presets-extra,257,,2026-07-16,
"[EXP] Fumbling_Foo & Flexi, Martin, Orb, Unchained - Acid Mandala v5a",presets-extra,257,,2026-07-16,
"[EXP] Fumbling_Foo & Flexi, Martin, Orb, Unchained - Acid Mandala v5b",presets-extra,257,,2026-07-16,
[EXP] Goody - The Thing That Lives Between,presets-extra,259,,2026-07-16,
[EXP] Goody's Thing Which Dwells Between Worlds,presets-extra,259,,2026-07-16,
[EXP] Goody's Thing Which Dwells Between Worlds (Jelly),presets-extra,259,,2026-07-16,
[EXP] Hexcollie - hairy colors,presets-extra,259,,2026-07-16,
"[EXP] LuX_exi, Redi Jedi + Geiss - dual random textured tokamak b",presets-extra,259,,2026-07-16,
[EXP] LuxXx - It Lives in Deep Space,presets-extra,259,,2026-07-16,
[EXP] Stahlregen & Bmelgren + Geiss + Rovastar + Shifter - Shifting,presets-extra,261,,2026-07-16,
[EXP] Stahlregen & Bmelgren + Geiss + Rovastar + Shifter - Shifting (Jelly V2),presets-extra,261,,2026-07-16,
[EXP] Stahlregen & Bmelgren + Geiss + Rovastar + Shifter - Shifting (Reverse Jelly V3),presets-extra,261,,2026-07-16,
[EXP] Stahlregen & flexi + Geiss + Goody + Rovastar + Unchained - Complex Nova --- Isosceles edit,presets-extra,261,,2026-07-16,
[EXP] martin - shifter - armorial bearings of robotopia,presets-extra,264,,2026-07-16,
[EXP] phlab salute,presets-extra,264,,2026-07-16,
[EXP] shifter + flexi - american pie 3 nz wear like chane lower bar,presets-extra,264,,2026-07-16,
[EXP] shifter + flexi - american pie 3 nz wear like chane lower mbar,presets-extra,264,,2026-07-16,
[EXP] shifter + flexi - american pie 3 nz wear like chane lower mbar aetheriq misuse,presets-extra,264,,2026-07-16,
[EXP] shifter - lattice,presets-extra,264,,2026-07-16,
[EXP] shifter - lattice (eclipse),presets-extra,264,,2026-07-16,
[EXP] shifter - lattice (eclipse) Phat + EoS more color mix,presets-extra,264,,2026-07-16,
[EXP] stahlregen + flexi + goody + martin + others - frosted mosaik [how far to reality blend],presets-extra,265,,2026-07-16,
[EXP] suksma + rovastar goody geiss rism - 1982 gremlin pinto hybrid 440 block 2000 watts obscura blaster,presets-extra,265,,2026-07-16,
"[EXP] suksma - compelled me to mash, the bastard",presets-extra,265,,2026-07-16,
"[EXP] suksma - compelled me to mash, the bastard - drottnar konphlegmgrance",presets-extra,265,,2026-07-16,
[EXP] suksma - demon mz thru,presets-extra,265,,2026-07-16,
[EXP] suksma - ed geining hateops - flx DddDddDddDdd die,presets-extra,266,,2026-07-16,
[EXP] suksma - ed geining hateops - flx beagle,presets-extra,266,,2026-07-16,
[EXP] suksma - ed geining hateops - flx entertainment value extremist,presets-extra,266,,2026-07-16,
"[EXP] suksma - ed geining hateops - flx everything is wishing, everything is spinning roam",presets-extra,266,,2026-07-16,
"[EXP] suksma - ed geining hateops - flx everything is wishing, everything is spinning roam nz+ hooking",presets-extra,266,,2026-07-16,
[EXP] suksma - ed geining hateops - flx famous humble pie hole,presets-extra,266,,2026-07-16,
[EXP] suksma - ed geining hateops - flx fracto-emission,presets-extra,266,,2026-07-16,
[EXP] suksma - ed geining hateops - flx goblin barf,presets-extra,266,,2026-07-16,
[EXP] suksma - ed geining hateops - flx granimal,presets-extra,266,,2026-07-16,
[EXP] suksma - ed geining hateops - flx grizwold,presets-extra,266,,2026-07-16,
[EXP] suksma - ed geining hateops - flx hate shade,presets-extra,266,,2026-07-16,
[EXP] suksma - ed geining hateops - flx i cover myself with gears,presets-extra,266,,2026-07-16,
"[EXP] suksma - ed geining hateops - flx i cover myself with gears ape3 roam2 i bug me, go away",presets-extra,266,,2026-07-16,
[EXP] suksma - ed geining hateops - flx i want to be marriage bane,presets-extra,266,,2026-07-16,
[EXP] suksma - ed geining hateops - flx i want to be marriage bane nz+,presets-extra,266,,2026-07-16,
"[EXP] suksma - ed geining hateops - flx i want you, i'm sick with you",presets-extra,266,,2026-07-16,
"[EXP] suksma - ed geining hateops - flx i want you, i'm sick with you ap4+ i",presets-extra,266,,2026-07-16,
"[EXP] suksma - ed geining hateops - flx i want you, i'm sick with you roams",presets-extra,266,,2026-07-16,
[EXP] suksma - ed geining hateops - flx it's possible pig,presets-extra,266,,2026-07-16,
[EXP] suksma - ed geining hateops - flx maggotillion,presets-extra,266,,2026-07-16,
[EXP] suksma - ed geining hateops - flx matilda,presets-extra,266,,2026-07-16,
[EXP] suksma - ed geining hateops - flx matilda nz,presets-extra,266,,2026-07-16,
[EXP] suksma - ed geining hateops - flx matilda roam3- nz+,presets-extra,266,,2026-07-16,
[EXP] suksma - ed geining hateops - flx matilda roam3-2,presets-extra,266,,2026-07-16,
[EXP] suksma - ed geining hateops - flx monochromatic joi,presets-extra,266,,2026-07-16,
[EXP] suksma - ed geining hateops - flx monochromatic joi - 1-ret,presets-extra,266,,2026-07-16,
[EXP] suksma - ed geining hateops - flx not caring is my favorite downer,presets-extra,266,,2026-07-16,
[EXP] suksma - ed geining hateops - flx not caring is my favorite downer roam,presets-extra,266,,2026-07-16,
[EXP] suksma - ed geining hateops - flx not caring is my favorite downer roam3 pukephest,presets-extra,266,,2026-07-16,
[EXP] suksma - ed geining hateops - flx palette massacrow,presets-extra,266,,2026-07-16,
[EXP] suksma - ed geining hateops - flx pharmaceutical grade kool aid,presets-extra,266,,2026-07-16,
[EXP] suksma - ed geining hateops - flx rarely too tired to mash,presets-extra,266,,2026-07-16,
[EXP] suksma - ed geining hateops - flx rim Job,presets-extra,266,,2026-07-16,
[EXP] suksma - ed geining hateops - flx rim Job roam,presets-extra,266,,2026-07-16,
[EXP] suksma - ed geining hateops - flx rim Job roam nz+,presets-extra,266,,2026-07-16,
[EXP] suksma - ed geining hateops - flx sg5 ink stink you dink,presets-extra,266,,2026-07-16,
[EXP] suksma - ed geining hateops - flx shibbalibbadi,presets-extra,266,,2026-07-16,
[EXP] suksma - ed geining hateops - flx shibbalibbadi nz,presets-extra,266,,2026-07-16,
[EXP] suksma - ed geining hateops - flx shibbalibbadi roam,presets-extra,266,,2026-07-16,
[EXP] suksma - ed geining hateops - flx skim chalk,presets-extra,266,,2026-07-16,
[EXP] suksma - ed geining hateops - flx squeakers novelty vs permanance,presets-extra,266,,2026-07-16,
[EXP] suksma - ed geining hateops - i do k all,presets-extra,266,,2026-07-16,
[EXP] suksma - ed geining hateops - i talk to myself in very ambiguous ways,presets-extra,266,,2026-07-16,
"[EXP] suksma - ed geining hateops - poison earth, poison sterility",presets-extra,266,,2026-07-16,
[EXP] suksma - false senselessness of secrutiny,presets-extra,266,,2026-07-16,
[EXP] suksma - finitive psykroe shf,presets-extra,266,,2026-07-16,
[EXP] suksma - g-martin m-aderrasi w-m wp-m c-m - sledful of corpses for furniture (exoskelechairmen),presets-extra,266,,2026-07-16,
[EXP] suksma - i'm the unestimated (ngas) mash geek,presets-extra,266,,2026-07-16,
[EXP] suksma - i'm the unestimated (ngas) mash geek - eid (-sdi),presets-extra,266,,2026-07-16,
[EXP] suksma - i'm the unestimated (ngas) mash geek - eid (-sdi) nz+,presets-extra,266,,2026-07-16,
[EXP] suksma - log spec with phase diff - for marrow frygian sake,presets-extra,267,,2026-07-16,
[EXP] suksma - loosely involved in grey market dog openers,presets-extra,267,,2026-07-16,
[EXP] suksma - no bottom - cancer of industry,presets-extra,268,,2026-07-16,
[EXP] suksma - no bottom - cancer of industry - flacc,presets-extra,268,,2026-07-16,
[EXP] suksma - no bottom - lofted guts,presets-extra,268,,2026-07-16,
[EXP] suksma - no bottom - lofted guts - 777 flacc,presets-extra,268,,2026-07-16,
[EXP] suksma - no bottom - risen to decimate,presets-extra,268,,2026-07-16,
[EXP] suksma - type o negative - world coming down,presets-extra,268,,2026-07-16,
[EXP] suksma - waxen shawls of ominknow - blow up the outside words --- Isosceles edit,presets-extra,268,,2026-07-16,
[EXP] suksma - waxen shawls of ominknow - quail lewd --- Isosceles edit2,presets-extra,268,,2026-07-16,
[EXP] !!!---Flexi - piercing - pastel,presets-extra,269,,2026-07-16,
[EXP] !!!---Flexi - piercing - pastel - 3d,presets-extra,269,,2026-07-16,
[EXP] !!!---flexi - target practice-4-digi tech,presets-extra,269,,2026-07-16,
[EXP] !!!---flexi - target practice-4-digi tech2,presets-extra,269,,2026-07-16,
[EXP] !!!---flexi - target practice-4-digi tech3,presets-extra,269,,2026-07-16,
[EXP] !!!---flexi - target practice-4-digi techgreen brown,presets-extra,269,,2026-07-16,
[EXP] !!!---flexi - target practice-4-digi techpinkblue,presets-extra,269,,2026-07-16,
[EXP] ..Neon n HdFX Ft Artist Geiss - AdamFX - Martin n Flexi - Natural Lsd ,presets-extra,270,,2026-07-16,
[EXP] ..Planet FX - Martin - Royal WaterFall - Ft AdamFX n BlastofTek and Aderrasi - Sunset Over PlanetFX B - massive shitcase,presets-extra,271,,2026-07-16,
[EXP] 27_super_goats - mandelbrot - zkienke phar,presets-extra,272,,2026-07-16,
[EXP] 414 bowel rebranding pr whore skinned to the teeth loadus morons who don't think things are going to collapse,presets-extra,275,,2026-07-16,
[EXP] @ HDFX with Flexi - AdamFX n Martin - Bubble Gum in our Mindz Ft Aramandio D,presets-extra,276,,2026-07-16,
[EXP] @ HDFX with Flexi - AdamFX n Martin - Bubble Gum in our Mindz Ft Aramandio E,presets-extra,276,,2026-07-16,
[EXP] @ HDFX with Flexi - AdamFX n Martin - Bubble Gum in our Mindz Ft Aramandio F,presets-extra,276,,2026-07-16,
[EXP] @ HDFX with Flexi - AdamFX n Martin - Bubble Gum in our Mindz Ft Aramandio G,presets-extra,276,,2026-07-16,
[EXP] @ HDFX with Flexi - AdamFX n Martin - Bubble Gum in our Mindz Ft Aramandio H,presets-extra,276,,2026-07-16,
[EXP] @ HDFX with Flexi - AdamFX n Martin - Bubble Gum in our Mindz Ft Aramandio I,presets-extra,276,,2026-07-16,
[EXP] @ HDFX with Flexi - AdamFX n Martin - Bubble Gum in our Mindz Ft Aramandio J,presets-extra,276,,2026-07-16,
[EXP] @ HDFX with Flexi - AdamFX n Martin - Bubble Gum in our Mindz Ft Aramandio K,presets-extra,276,,2026-07-16,
[EXP] @ HDFX with Flexi - AdamFX n Martin - Bubble Gum in our Mindz Ft Aramandio L,presets-extra,276,,2026-07-16,
[EXP] @ With AdamFX Presentation - Flexi - self similarity ft Martin Charisma with AdamFX Q,presets-extra,276,,2026-07-16,
[EXP] @ With AdamFX Presentation - Flexi - self similarity ft Martin Charisma with AdamFX R,presets-extra,276,,2026-07-16,
[EXP] @ With AdamFX Presentation - Flexi - self similarity ft Martin Charisma with AdamFX S,presets-extra,276,,2026-07-16,
[EXP] @ With AdamFX Presentation - Flexi - self similarity ft Martin Charisma with AdamFX W nz+,presets-extra,276,,2026-07-16,
[EXP] @AdamFX Effected Fourm Preset Artist - Martin - Rova - Flexi - Eos - Phat - AkashaDude - Orb - You know your FX'z - MilkDownFallHorizon T,presets-extra,276,,2026-07-16,
[EXP] @AdamFX Effected Fourm Preset Artist - Martin - Rova - Flexi - Eos - Phat - AkashaDude - Orb - You know your FX'z - MilkDownFallHorizon U,presets-extra,276,,2026-07-16,
[EXP] @AdamFX Effected Fourm Preset Artist - Martin - Rova - Flexi - Eos - Phat - Armandio C - Orb - You know your FX'z - MilkDownFallHorizon I,presets-extra,276,,2026-07-16,
[EXP] @AdamFX Effected Fourm Preset Artist - Martin - Rova - Flexi - Eos - Phat - Armandio C - Orb - You know your FX'z - MilkDownFallHorizon J,presets-extra,276,,2026-07-16,
[EXP] @King in MDrop HdFX Ft Artist Geiss - Liquid Beats Ft AdamFX - Martin n Flexi ,presets-extra,276,,2026-07-16,
[EXP] @King in MDrop HdFX Ft Artist Geiss - Liquid Beats Ft AdamFX - Martin n Flexi J,presets-extra,277,,2026-07-16,
[EXP] @King in MDrop HdFX Ft Artist Geiss - Liquid Beats Ft AdamFX - Martin n Flexi K,presets-extra,277,,2026-07-16,
[EXP] @King in MDrop HdFX Ft Artist Geiss - Liquid Beats Ft AdamFX - Martin n Flexi M,presets-extra,277,,2026-07-16,
[EXP] @King in MDrop HdFX Ft Artist Geiss - Liquid Beats Ft AdamFX - Martin n Flexi O,presets-extra,277,,2026-07-16,
[EXP] @King in MDrop HdFX Ft Artist Geiss - Liquid Beats Ft AdamFX - Martin n Flexi P,presets-extra,277,,2026-07-16,
[EXP] A Bit Storm Effected by AdamFX 2 shadowharlequin - bit storm (MashMasterFXRmx)ft Martins - cool morning ,presets-extra,277,,2026-07-16,
"[EXP] A Brilliant AdamFX Hd Remake  ORB - Planetary Alignment Acidburn - BitStorm Intune With AdamFX Martin, ShadowHarlequin,Flexi n Rova Shifter H",presets-extra,277,,2026-07-16,
"[EXP] A Feature Preset Master Exclusive ORB - Planetary Alignment Acidburn - Hexocollie, Flexi AdamFX Tippin tree Grew Leaves",presets-extra,277,,2026-07-16,
[EXP] A Featured Preset Mix 2 flexi - blame moebius Ft AdamFX in Phycosis A ,presets-extra,278,,2026-07-16,
[EXP] A Featured Preset Mix 2 flexi - blame moebius Ft AdamFX in Phycosis B,presets-extra,278,,2026-07-16,
[EXP] A Featured Preset Mix 2 flexi - blame moebius Ft AdamFX in Phycosis B - orb sth go jake is dumb,presets-extra,278,,2026-07-16,
[EXP] A Featured Preset Mix 2 flexi - blame moebius Ft AdamFX in Phycosis C,presets-extra,278,,2026-07-16,
[EXP] A Featured Preset Mix 2 flexi - blame moebius Ft AdamFX in Phycosis D,presets-extra,278,,2026-07-16,
[EXP] A Featured Preset Mix 2 flexi - blame moebius Ft AdamFX in Phycosis E,presets-extra,278,,2026-07-16,
[EXP] A HDFX Remake - Flexi - AdamFX - Martin - Digital Milkdrop Structure FX ,presets-extra,278,,2026-07-16,
[EXP] A HDFX Remake - Flexi - AdamFX - Martin - Digital Milkdrop Structure FX A,presets-extra,278,,2026-07-16,
[EXP] A HDFX Remake - Flexi - AdamFX - Martin - Digital Milkdrop Structure FX B,presets-extra,278,,2026-07-16,
[EXP] A HDFX Remake - Flexi - AdamFX - Martin - Digital Milkdrop Structure FX C,presets-extra,278,,2026-07-16,
[EXP] A HDFX Remake - Flexi - AdamFX - Martin - Digital Milkdrop Structure FX D,presets-extra,278,,2026-07-16,
[EXP] A HDFX Remake - Flexi - AdamFX - Martin - Digital Milkdrop Structure FX E,presets-extra,278,,2026-07-16,
[EXP] A HDFX Remake - Flexi - AdamFX - Martin - Digital Milkdrop Structure FX F,presets-extra,278,,2026-07-16,
[EXP] A HDFX Remake - Flexi - AdamFX - Martin - Digital Milkdrop Structure FX G,presets-extra,278,,2026-07-16,
[EXP] A HDFX Remake - Flexi - AdamFX - Martin - Digital Milkdrop Structure Ft SThalregen n Aderrasi ,presets-extra,278,,2026-07-16,
[EXP] A HDFX Remake - Flexi - AdamFX - Martin - Digital Milkdrop Structure Ft SThalregen n Aderrasi A,presets-extra,278,,2026-07-16,
[EXP] A HDFX Remake - Flexi - AdamFX - Martin - Digital Milkdrop Structure Ft SThalregen n Aderrasi A xfr,presets-extra,278,,2026-07-16,
[EXP] A HDFX Remake - Flexi - AdamFX - Martin - Digital Milkdrop Structure Ft SThalregen n Aderrasi B,presets-extra,278,,2026-07-16,
[EXP] A HDFX Remake - Flexi - AdamFX - Martin - Digital Milkdrop Structure Ft SThalregen n Aderrasi C,presets-extra,278,,2026-07-16,
[EXP] A HDFX Remake - Flexi - AdamFX - Martin - HD Swimmer in session ,presets-extra,278,,2026-07-16,
[EXP] A HDFX Remake - Flexi - AdamFX - Martin - HD Swimmer in session A ,presets-extra,278,,2026-07-16,
"[EXP] A Milk Art Detail 2 flexi - moebius transformation ft Martin With AdamFX, Hexocollie, Che , Suksma B",presets-extra,278,,2026-07-16,
[EXP] A Tribute to Martin - bombyx mori - Ft Flexi - AdamFX - StahlRegen - Hd In Milk Ailen FX J amn mrt,presets-extra,279,,2026-07-16,
[EXP] A Twistin Infusion - Martin - shiny tunnel rewiredFX  Ft AdamFX InfusionFX (DiscoMixFX),presets-extra,279,,2026-07-16,
[EXP] A Twistin Infusion - Martin - shiny tunnel rewiredFX  Ft AdamFX InfusionFX (ElectricPoolFX),presets-extra,280,,2026-07-16,
[EXP] A Twistin Infusion - Martin - shiny tunnel rewiredFX  Ft AdamFX InfusionFX (FruityMachineTwistinFX),presets-extra,280,,2026-07-16,
[EXP] A Twistin Infusion - Martin - shiny tunnel rewiredFX  Ft AdamFX InfusionFX - Flexi - RediJedi,presets-extra,280,,2026-07-16,
[EXP] A Twistin Infusion - Martin - shiny tunnel rewiredFX  Ft AdamFX InfusionFX C,presets-extra,280,,2026-07-16,
[EXP] A Twistin Infusion - Martin - shiny tunnel rewiredFX  Ft AdamFX InfusionFX D,presets-extra,280,,2026-07-16,
[EXP] AdamFX Remixed Again 2 martin - no religion  + disco Fruits Machine + Flexi Lost in a bottle ,presets-extra,282,,2026-07-16,
[EXP] AdamFX n Martin - The Best At thisFX ,presets-extra,282,,2026-07-16,
[EXP] AdamFX n Martin - Window To tha Dark Galaxy ,presets-extra,282,,2026-07-16,
[EXP] AdamFX n Martin - Window To tha Dark Galaxy Ft Rovastar A,presets-extra,282,,2026-07-16,
[EXP] AdamFX n Martin - Window To tha Dark Galaxy Ft Rovastar B,presets-extra,282,,2026-07-16,
"[EXP] Aderrasi - Spillswirl ap3+ roam2 getting naked, high, and dead",presets-extra,285,,2026-07-16,
"[EXP] Aderrasi - Spillswirl ap3+ roam2 getting naked, high, and dead nz",presets-extra,285,,2026-07-16,
[EXP] Aderrasi - What Cannot Be Undone (Hyperspace Mix),presets-extra,287,,2026-07-16,
[EXP] Amandio C - Ping pong (Flexi elastic code + Stahlregen shader),presets-extra,289,,2026-07-16,
[EXP] An AdamFX Ultimate Twist inFX 2  flexi - crank prototype ft Martin - Star in Disfunction ,presets-extra,289,,2026-07-16,
[EXP] An AdamFX Ultimate Twist inFX 2  flexi - crank prototype ft Martin - sunset on saturns Oceans ,presets-extra,290,,2026-07-16,
[EXP] AnAdamFXRemix 2 martin - Subliminal JellyFish Current Flexi n AdamfX Underwater Takeover ,presets-extra,290,,2026-07-16,
[EXP] AnAdamFXRemix 2 martin - Subliminal JellyFish Current Geiss Flexi Martin n AdamFX FloatStormFX HueBurst,presets-extra,290,,2026-07-16,
[EXP] Bdrv shifter - eye of the world bdrv et.AL,presets-extra,294,,2026-07-16,
[EXP] Beat it Adam FX 2 suksma + Future light show  - Ft Che Hexocollie AdamFXRemixed  Again ft Flexi n Fishbrain +  Flexi Again Ugh 3,presets-extra,295,,2026-07-16,
[EXP] Becoming an Art AdamFX 2 martin Various Mildrop Artist + Raron + Flexi + Rovastar (AdamFX Remix)EAT IT GUYS WELCOME ADAMFX REMIX MASTER 27,presets-extra,295,,2026-07-16,
[EXP] Becoming an Art AdamFX 2 martin Various Mildrop Artist + Raron + Flexi + Rovastar (AdamFX Remix)EAT IT GUYS WELCOME ADAMFX REMIX MASTER 36,presets-extra,295,,2026-07-16,
[EXP] Blendin to myself AdamFX Twist 2 martin - glassball dance with AdamFX A ,presets-extra,297,,2026-07-16,
[EXP] BlownAway Again Adam FX 2 suksma + Future light show  - Reaction in color Hexocollie AdamFXRemixed Twice 3 Ft Flexi 2,presets-extra,297,,2026-07-16,
[EXP] Chemlock - Disco Adventure,presets-extra,301,,2026-07-16,
[EXP] Chemlock - Disco Lava,presets-extra,301,,2026-07-16,
[EXP] Chemlock - Disco Science,presets-extra,301,,2026-07-16,
[EXP] Chemlock - Fire Iris,presets-extra,301,,2026-07-16,
"[EXP] Chemlock - Fire Iris - thanks to flexi, my life is good",presets-extra,301,,2026-07-16,
"[EXP] Chemlock - Fire Iris - thanks to flexi, my life is good - applet ov my I",presets-extra,301,,2026-07-16,
"[EXP] Chemlock - Fire Iris - thanks to flexi, my life is good - curly pubes = anti-correlation",presets-extra,301,,2026-07-16,
"[EXP] Chemlock - Fire Iris - thanks to flexi, my life is good - grimlard vocumorthe",presets-extra,301,,2026-07-16,
"[EXP] Chemlock - Fire Iris - thanks to flexi, my life is good - listen to graham hancock you fucking luddites",presets-extra,301,,2026-07-16,
"[EXP] Chemlock - Fire Iris - thanks to flexi, my life is good - matted or nappy, you deicide",presets-extra,301,,2026-07-16,
"[EXP] Chemlock - Fire Iris - thanks to flexi, my life is good - mirror porn blade",presets-extra,301,,2026-07-16,
"[EXP] Chemlock - Fire Iris - thanks to flexi, my life is good - my sexual transgression cums from religion",presets-extra,301,,2026-07-16,
"[EXP] Chemlock - Fire Iris - thanks to flexi, my life is good - your wish is my 0utraeth0nth",presets-extra,301,,2026-07-16,
"[EXP] Chemlock - Fire Iris - thanks to flexi, my life is good - zingmaster junkfood clan",presets-extra,301,,2026-07-16,
"[EXP] Chemlock - Fire Iris - thanks to flexi, my life is good - zingmaster junkfood clan nz+",presets-extra,301,,2026-07-16,
"[EXP] Chemlock - Fire Iris - thanks to flexi, my life is good nz",presets-extra,301,,2026-07-16,
"[EXP] Chemlock - Fire Iris - thanks to flexi, my life is good nz+ me manwhowl mvbe vet for for felixio",presets-extra,301,,2026-07-16,
[EXP] Chemlock - Gliding Through the Fire 2,presets-extra,302,,2026-07-16,
[EXP] Chemlock - Gliding Through the Fire 3,presets-extra,302,,2026-07-16,
[EXP] Chemlock - Oil Spill,presets-extra,302,,2026-07-16,
[EXP] Chemlock - The Amazing Orbs of Orgy,presets-extra,302,,2026-07-16,
[EXP] Chemlock - White Flag,presets-extra,302,,2026-07-16,
[EXP] Dark One + shifter - Rock Show escape,presets-extra,303,,2026-07-16,
[EXP] Dark One - Rock Show,presets-extra,303,,2026-07-16,
[EXP] Eo.S. - heater core,presets-extra,309,,2026-07-16,
[EXP] Flexi + Geiss - Tokamak mindblob 2.0,presets-extra,316,,2026-07-16,
[EXP] Flexi + Geiss - pinpointing by chance,presets-extra,316,,2026-07-16,
[EXP] Flexi + Geiss - pogo-cubes on tokamak matter [mind over matter remix] 3 - heeling potion,presets-extra,316,,2026-07-16,
[EXP] Flexi + Geiss - pogo-cubes on tokamak matter [mind over matter remix] 3 - heeling potion cpe ap4+,presets-extra,316,,2026-07-16,
[EXP] Flexi + Martin - astral projection,presets-extra,317,,2026-07-16,
[EXP] Flexi + Martin - dive + flexi,presets-extra,317,,2026-07-16,
[EXP] Flexi + Martin - dive - with totally stupid shit added,presets-extra,317,,2026-07-16,
[EXP] Flexi + Martin - dive - with totally stupid shit added - cuff link,presets-extra,317,,2026-07-16,
[EXP] Flexi + Martin - dive - with totally stupid shit added - i skip brunch only to binge at lunch,presets-extra,317,,2026-07-16,
[EXP] Flexi + Phat fractal Star_Child,presets-extra,317,,2026-07-16,
[EXP] Flexi + Phat fractal Star_Child_Restless,presets-extra,317,,2026-07-16,
[EXP] Flexi + Phat fractal Star_Child_Restless_v2,presets-extra,317,,2026-07-16,
[EXP] Flexi + Shifter - sublimal spaceship,presets-extra,317,,2026-07-16,
[EXP] Flexi + amandio c - piercing 01,presets-extra,317,,2026-07-16,
[EXP] Flexi + amandio c - piercing 01 nz,presets-extra,317,,2026-07-16,
[EXP] Flexi + amandio c - piercing 02,presets-extra,317,,2026-07-16,
[EXP] Flexi + amandio c - piercing 02 - Kopie,presets-extra,317,,2026-07-16,
[EXP] Flexi + amandio c - piercing 02 - Kopie (2) - Kopie,presets-extra,317,,2026-07-16,
[EXP] Flexi + amandio c - piercing 02 nz+2,presets-extra,317,,2026-07-16,
[EXP] Flexi + amandio c - piercing 03,presets-extra,317,,2026-07-16,
[EXP] Flexi + amandio c - piercing 03 - Kopie,presets-extra,317,,2026-07-16,
[EXP] Flexi + amandio c - piercing 03 - Kopie (2),presets-extra,317,,2026-07-16,
[EXP] Flexi + amandio c - piercing 04,presets-extra,317,,2026-07-16,
[EXP] Flexi + amandio c - piercing 04 - Kopie,presets-extra,317,,2026-07-16,
[EXP] Flexi + amandio c - piercing 05,presets-extra,317,,2026-07-16,
[EXP] Flexi + amandio c - piercing 05 - Kopie,presets-extra,317,,2026-07-16,
[EXP] Flexi + amandio c - piercing 05 - Kopie (2) - Kopie,presets-extra,317,,2026-07-16,
[EXP] Flexi + bakunin + martin - supergum,presets-extra,317,,2026-07-16,
[EXP] Flexi + bdrv - seeing fractals on the planck scale,presets-extra,317,,2026-07-16,
[EXP] Flexi + bdrv - seeing fractals on the planck scale [threatening hourglass mix],presets-extra,317,,2026-07-16,
[EXP] Flexi + geiss - botnet,presets-extra,318,,2026-07-16,
[EXP] Flexi + geiss - botnet nz+ let us out,presets-extra,318,,2026-07-16,
[EXP] Flexi + geiss - botnet nz+ let us out fractal spiders,presets-extra,318,,2026-07-16,
[EXP] Flexi + geiss - botnet nz+ of the friar,presets-extra,318,,2026-07-16,
[EXP] Flexi + geiss - botnet nz+ of the fryer,presets-extra,318,,2026-07-16,
[EXP] Flexi + geiss - dedicated to the sherwin maxawow [zenarchy remix] nz+ douche catheter colostomy barf bag craft w5,presets-extra,318,,2026-07-16,
[EXP] Flexi + geiss - dedicated to the sherwin maxawow [zenarchy remix] nz+ douche w4 maybe you can have some sympathy for someone who suffers likeme now,presets-extra,318,,2026-07-16,
[EXP] Flexi + geiss - tokamak gap face 01 nz+ driving on treign traxth,presets-extra,318,,2026-07-16,
"[EXP] Flexi + geiss - tokamak gap face 01 nz+ my favorite lays grew old and died, but that didn't stop me",presets-extra,318,,2026-07-16,
[EXP] Flexi + geiss - tokamak gap face 01 nz+ sacked due to in office open porn,presets-extra,318,,2026-07-16,
[EXP] Flexi - 100% shader fractal [origami edit],presets-extra,318,,2026-07-16,
[EXP] Flexi - Fishies!,presets-extra,318,,2026-07-16,
[EXP] Flexi - Fishies! productionist logih,presets-extra,318,,2026-07-16,
[EXP] Flexi - a script kiddies flash ['the shader geek' mix 1],presets-extra,318,,2026-07-16,
[EXP] Flexi - a script kiddies flash ['the shader geek' mix 4],presets-extra,318,,2026-07-16,
[EXP] Flexi - a script kiddies flash ['the shader geek' mix 6],presets-extra,318,,2026-07-16,
[EXP] Flexi - a stream of consciousness [ad absurdum] - having a will is about naive as 'having' nz+ w5,presets-extra,318,,2026-07-16,
[EXP] Flexi - a stream of consciousness [ad absurdum] - having a will is about naive as 'having' nz+ w9,presets-extra,318,,2026-07-16,
[EXP] Flexi - alien fish pond,presets-extra,319,,2026-07-16,
[EXP] Flexi - alien fish pond [complex mix],presets-extra,319,,2026-07-16,
[EXP] Flexi - alien fish pond [complex mix] nz+,presets-extra,319,,2026-07-16,
[EXP] Flexi - altar of supraschismatika,presets-extra,320,,2026-07-16,
[EXP] Flexi - an elastic study (Citrus Mix X by Amandio C),presets-extra,320,,2026-07-16,
[EXP] Flexi - an elastic study - Citrus remix (Amandio C),presets-extra,320,,2026-07-16,
[EXP] Flexi - and bob ross said let's get a little bit cynical,presets-extra,320,,2026-07-16,
[EXP] Flexi - and i'm sure you will get the point,presets-extra,320,,2026-07-16,
[EXP] Flexi - and i'm sure you will get the pointlessness,presets-extra,320,,2026-07-16,
[EXP] Flexi - area 51 [lotka volterra warp field + inverted alien composite] shit grease gradient,presets-extra,320,,2026-07-16,
[EXP] Flexi - area 51 [lotka volterra warp field + inverted alien composite] specialization can exist in an autonomous community too you fuck,presets-extra,320,,2026-07-16,
[EXP] Flexi - crazy box 2,presets-extra,320,,2026-07-16,
[EXP] Flexi - dawn has broken,presets-extra,321,,2026-07-16,
"[EXP] Flexi - demons try eating me, but i am just too smart",presets-extra,321,,2026-07-16,
[EXP] Flexi - emergencey 2 nz+5 reach out in vain,presets-extra,321,,2026-07-16,
[EXP] Flexi - error diffusion dither [Gentlekid -  Witchcraft (The girl with the bump map piercing)] what the fuck is a bump map,presets-extra,321,,2026-07-16,
[EXP] Flexi - ferny ernie,presets-extra,321,,2026-07-16,
[EXP] Flexi - fractal 3 (sierpinski dream),presets-extra,321,,2026-07-16,
[EXP] Flexi - fractal tree,presets-extra,321,,2026-07-16,
[EXP] Flexi - going processing,presets-extra,321,,2026-07-16,
"[EXP] Flexi - going processing - all is interpretation, all is quid pro quo, there is no money",presets-extra,321,,2026-07-16,
"[EXP] Flexi - going processing - all is interpretation, all is quid pro quo, there is no money cock",presets-extra,321,,2026-07-16,
"[EXP] Flexi - going processing - all is interpretation, all is quid pro quo, there is no money nz+",presets-extra,321,,2026-07-16,
[EXP] Flexi - going processing - dead,presets-extra,321,,2026-07-16,
"[EXP] Flexi - going processing - dead nz+ but deady, i just wanted to take everything granted!!!",presets-extra,321,,2026-07-16,
[EXP] Flexi - going processing - lathe penetrants,presets-extra,321,,2026-07-16,
[EXP] Flexi - going processing - lathe penetrants gunny sac fuck trail,presets-extra,321,,2026-07-16,
[EXP] Flexi - going processing - lathe penetrants roam2-,presets-extra,321,,2026-07-16,
"[EXP] Flexi - going processing - lathe penetrants roam2-,3-",presets-extra,322,,2026-07-16,
"[EXP] Flexi - going processing - lathe penetrants roam2-,3- i am no good",presets-extra,322,,2026-07-16,
"[EXP] Flexi - going processing - lathe penetrants roam2-,3-2",presets-extra,322,,2026-07-16,
"[EXP] Flexi - going processing - lathe penetrants roam2-,3-3",presets-extra,322,,2026-07-16,
[EXP] Flexi - going processing [a wip 03],presets-extra,322,,2026-07-16,
[EXP] Flexi - going processing mc devvo,presets-extra,322,,2026-07-16,
[EXP] Flexi - hiding behind the numbers,presets-extra,322,,2026-07-16,
[EXP] Flexi - holographic influence on the mental waves of your alienator support group,presets-extra,322,,2026-07-16,
[EXP] Flexi - impulse drive,presets-extra,322,,2026-07-16,
[EXP] Flexi - ininity tap convolution roams koptix unexplainth,presets-extra,323,,2026-07-16,
[EXP] Flexi - intensive shader fractal,presets-extra,323,,2026-07-16,
[EXP] Flexi - intensive shader fractal [suksma comp shader mix],presets-extra,323,,2026-07-16,
[EXP] Flexi - julian affairs,presets-extra,323,,2026-07-16,
[EXP] Flexi - julian affairs [remix],presets-extra,323,,2026-07-16,
[EXP] Flexi - leaving colors,presets-extra,323,,2026-07-16,
[EXP] Flexi - leaving colors - Altar of Evolution,presets-extra,323,,2026-07-16,
[EXP] Flexi - leaving colors - blindfold,presets-extra,323,,2026-07-16,
[EXP] Flexi - leaving colors - crazy cogitations centrifuge [collapsing cosmos creation] lightworkers digest,presets-extra,323,,2026-07-16,
[EXP] Flexi - leaving colors - crazy cogitations centrifuge [collapsing cosmos creation] no map,presets-extra,323,,2026-07-16,
[EXP] Flexi - leaving colors - melting,presets-extra,323,,2026-07-16,
[EXP] Flexi - leaving colors - wet dream,presets-extra,323,,2026-07-16,
[EXP] Flexi - leaving colors Bad Seed 2,presets-extra,323,,2026-07-16,
[EXP] Flexi - leaving colors surreal set,presets-extra,323,,2026-07-16,
[EXP] Flexi - leaving colors surreal set2,presets-extra,323,,2026-07-16,
[EXP] Flexi - logzoom,presets-extra,323,,2026-07-16,
[EXP] Flexi - meta4free 3 - adam and jamie get threats from big oil,presets-extra,323,,2026-07-16,
[EXP] Flexi - meta4free 3 - king friday on mr. roger's,presets-extra,323,,2026-07-16,
[EXP] Flexi - mind oddity + [Geiss - Corpus Callosum] - fuck your attorney,presets-extra,323,,2026-07-16,
[EXP] Flexi - piercing,presets-extra,323,,2026-07-16,
[EXP] Flexi - primevil memetic zoo,presets-extra,323,,2026-07-16,
[EXP] Flexi - primevil memetic zoo nz,presets-extra,323,,2026-07-16,
[EXP] Flexi - primevil memetic zoo nz+,presets-extra,323,,2026-07-16,
[EXP] Flexi - primevil memetic zoo nz+2,presets-extra,323,,2026-07-16,
[EXP] Flexi - psycho . abbyss - prayer,presets-extra,323,,2026-07-16,
[EXP] Flexi - psycho . damn yeah!,presets-extra,323,,2026-07-16,
[EXP] Flexi - quasar beams,presets-extra,323,,2026-07-16,
[EXP] Flexi - quasar beams - attention exaggeration,presets-extra,323,,2026-07-16,
[EXP] Flexi - relief 1,presets-extra,324,,2026-07-16,
[EXP] Flexi - relief 1 [lightswitch on],presets-extra,324,,2026-07-16,
[EXP] Flexi - rotate your warp equation pane,presets-extra,324,,2026-07-16,
[EXP] Flexi - rotate your warp equation pane 2,presets-extra,324,,2026-07-16,
[EXP] Flexi - rotate your warp equation pane 3,presets-extra,324,,2026-07-16,
[EXP] Flexi - rotate your warp equation pane 4,presets-extra,324,,2026-07-16,
[EXP] Flexi - rotate your warp equation pane 5,presets-extra,324,,2026-07-16,
[EXP] Flexi - rotate your warp equation pane 6,presets-extra,324,,2026-07-16,
[EXP] Flexi - shuriken,presets-extra,324,,2026-07-16,
[EXP] Flexi - space voyage,presets-extra,324,,2026-07-16,
[EXP] Flexi - space voyage [shifter's parchment warp shader] qathed start,presets-extra,324,,2026-07-16,
[EXP] Flexi - space voyage [shifter's parchment warp shader] qathed start r,presets-extra,324,,2026-07-16,
[EXP] Flexi - splatter effects 07 as seen on tv,presets-extra,324,,2026-07-16,
[EXP] Flexi - splatter effects 09 fractal cascades,presets-extra,324,,2026-07-16,
[EXP] Flexi - swimmer fractal template,presets-extra,324,,2026-07-16,
[EXP] Flexi - swimmer fractal template [the freedom of torusland],presets-extra,324,,2026-07-16,
[EXP] Flexi - the strange relationship to coincedences,presets-extra,324,,2026-07-16,
[EXP] Flexi - the swarm [not yet a boid implementation],presets-extra,324,,2026-07-16,
[EXP] Flexi - the swarm [not yet a boid implementation] nz,presets-extra,324,,2026-07-16,
[EXP] Flexi - the swarm [not yet a boid implementation] nz+,presets-extra,324,,2026-07-16,
[EXP] Flexi - the swarm [not yet a boid implementation] nz+ gnothinggness,presets-extra,324,,2026-07-16,
[EXP] Flexi - the swarm [not yet a boid implementation] nz+ mnothingmness,presets-extra,324,,2026-07-16,
[EXP] Flexi - wasting time fighting each other with a visual set of sad poems,presets-extra,325,,2026-07-16,
"[EXP] Flexi - we sell hedonism, come and get one, you need it",presets-extra,326,,2026-07-16,
[EXP] Flexi - wellspring 7 toshio samashima,presets-extra,326,,2026-07-16,
[EXP] Flexi - wellspring 7 toshio samashima grafq gnovlet,presets-extra,326,,2026-07-16,
[EXP] Flexi - wellspring 7 toshio samashima qroqre,presets-extra,326,,2026-07-16,
[EXP] Flexi - working with infinity,presets-extra,326,,2026-07-16,
[EXP] Flexi - working with infinity - geiss crossfire shaders,presets-extra,326,,2026-07-16,
[EXP] Flexi - you know best,presets-extra,326,,2026-07-16,
[EXP] Flexi - you know best - tt9,presets-extra,326,,2026-07-16,
"[EXP] Flexi, Geiss and Rovastar - chaos layered sinewsed tokamak",presets-extra,326,,2026-07-16,
"[EXP] Flexi, Geiss and Rovastar - tokamak [snorting mustard]",presets-extra,326,,2026-07-16,
"[EXP] Flexi, Geiss and Rovastar - tokamak bursting",presets-extra,326,,2026-07-16,
"[EXP] Flexi, Geiss and Rovastar - tokamak mindblob 2.0",presets-extra,326,,2026-07-16,
"[EXP] Flexi, Geiss and Rovastar - tokamak sinews land",presets-extra,326,,2026-07-16,
"[EXP] Flexi, suksma + Martin - log spec with phase diff - for beyond hellp sake - maggots cleaned your favorite wound",presets-extra,326,,2026-07-16,
"[EXP] Flexi, suksma + Martin - log spec with phase diff - for beyond hellp sake - maggots cleaned your favorite wound  - shf 777 flacc",presets-extra,326,,2026-07-16,
"[EXP] Flexi, suksma + martin - out of fuckus newband plays harry partch [riding the LHC]",presets-extra,326,,2026-07-16,
[EXP] Flexis swarm in Martins pond [not yet a boid implementation] ,presets-extra,326,,2026-07-16,
[EXP] Future Ligh Show AdamFX 2 martin - Flexi + Lodus + Geiss + Ludicrous speed + Baked + Hexocollie + Eos ,presets-extra,327,,2026-07-16,
[EXP] Future Ligh Show AdamFX 2 martin - Flexi + Lodus + Geiss + Ludicrous speed + Baked + Hexocollie + Eos + Suksma + AdamFX Ft Che + Again 17,presets-extra,327,,2026-07-16,
[EXP] Future Ligh Show AdamFX 2 martin - Flexi + Lodus + Geiss + Ludicrous speed + Baked + Hexocollie + Eos + gdy neck problem solution (tense for hours),presets-extra,327,,2026-07-16,
[EXP] Geiss + Stahlregen - Reaction Diffusion 3 [Rippling Islands] - a vast plane of stupidity,presets-extra,330,,2026-07-16,
[EXP] Geiss + Stahlregen - Reaction Diffusion 3 [Rippling Islands] - fucklier,presets-extra,330,,2026-07-16,
[EXP] Geiss + Stahlregen - Reaction Diffusion 3 [Rippling Islands] - god damned breakfast cereal,presets-extra,330,,2026-07-16,
[EXP] Geiss + Stahlregen - Reaction Diffusion 3 [Rippling Islands] - i reached into the fog and found dumb shit,presets-extra,330,,2026-07-16,
"[EXP] Geiss + Stahlregen - Reaction Diffusion 3 [Rippling Islands] - sir, how can i get fucked",presets-extra,330,,2026-07-16,
"[EXP] Geiss + Stahlregen - Reaction Diffusion 3 [Rippling Islands] - sir, how can i get fucked nz+",presets-extra,330,,2026-07-16,
"[EXP] Geiss + Stahlregen - Reaction Diffusion 3 [Rippling Islands] - sir, how can i get fucked roam3",presets-extra,330,,2026-07-16,
[EXP] Geiss + Stahlregen - Reaction Diffusion 3 [Rippling Islands] - so why do you heady fuckers not bow to doing mash-ups again,presets-extra,330,,2026-07-16,
[EXP] Geiss + Stahlregen - Reaction Diffusion 3 [Rippling Islands] - start filing down your bridges,presets-extra,330,,2026-07-16,
[EXP] Geiss + Stahlregen - Reaction Diffusion 3 [Rippling Islands] - static bitch-ezz,presets-extra,330,,2026-07-16,
[EXP] Geiss + Stahlregen - Reaction Diffusion 3 [Rippling Islands] - static bitch-ezz nz,presets-extra,330,,2026-07-16,
[EXP] Geiss + Stahlregen - Reaction Diffusion 3 [Rippling Islands] - static bitch-ezz roam,presets-extra,330,,2026-07-16,
[EXP] Geiss + Stahlregen - Reaction Diffusion 3 [Rippling Islands] - static bitch-ezz roam nz+,presets-extra,330,,2026-07-16,
[EXP] Geiss + Stahlregen - Reaction Diffusion 3 [Rippling Islands] - total bellows emptying bowel analog,presets-extra,330,,2026-07-16,
[EXP] Geiss + Stahlregen - Reaction Diffusion 3 [Rippling Islands] - total bellows emptying bowel analog nz+,presets-extra,330,,2026-07-16,
[EXP] Geiss + Stahlregen - Reaction Diffusion 3 [Rippling Islands] - total bellows emptying bowel analog nz+ patron saintanist of phuq,presets-extra,330,,2026-07-16,
"[EXP] Geiss, Nitorami + MackTuesday - Twitchy Paint fact baton slick due to lard",presets-extra,333,,2026-07-16,
"[EXP] Geiss, Nitorami + MackTuesday - Twitchy Paint fact blabian",presets-extra,333,,2026-07-16,
"[EXP] Geiss, Nitorami + MackTuesday - Twitchy Paint fact confinement in rapture",presets-extra,333,,2026-07-16,
"[EXP] Geiss, Nitorami + MackTuesday - Twitchy Paint fact fecect",presets-extra,333,,2026-07-16,
"[EXP] Geiss, Nitorami + MackTuesday - Twitchy Paint fact fecect mr oto rob reveals too much, what a fuck",presets-extra,333,,2026-07-16,
"[EXP] Geiss, Nitorami + MackTuesday - Twitchy Paint fact fecect phlixth",presets-extra,333,,2026-07-16,
"[EXP] Geiss, Nitorami + MackTuesday - Twitchy Paint fact fecect phlixth rnz",presets-extra,333,,2026-07-16,
"[EXP] Geiss, Nitorami + MackTuesday - Twitchy Paint fact fecect xaewaq",presets-extra,333,,2026-07-16,
"[EXP] Geiss, Nitorami + MackTuesday - Twitchy Paint fact feoct",presets-extra,333,,2026-07-16,
"[EXP] Geiss, Nitorami + MackTuesday - Twitchy Paint fact feoct composites and collectives",presets-extra,333,,2026-07-16,
"[EXP] Geiss, Nitorami + MackTuesday - Twitchy Paint fact feoct composites and collectives percolative panties",presets-extra,333,,2026-07-16,
"[EXP] Geiss, Nitorami + MackTuesday - Twitchy Paint fact massage those tits",presets-extra,334,,2026-07-16,
"[EXP] Geiss, Nitorami + MackTuesday - Twitchy Paint fact massage those tits holy arthritus",presets-extra,334,,2026-07-16,
"[EXP] Geiss, Nitorami + MackTuesday - Twitchy Paint fact no forgiveness for not sinning",presets-extra,334,,2026-07-16,
"[EXP] Geiss, Nitorami + MackTuesday - Twitchy Paint fact spotty (oreo mint)",presets-extra,334,,2026-07-16,
[EXP] Goody - The Thing That Lives Between roam3,presets-extra,335,,2026-07-16,
[EXP] Hexcollie + Flexi - Faceless Frog [rmx],presets-extra,337,,2026-07-16,
[EXP] Hexcollie - Faceless Frog,presets-extra,337,,2026-07-16,
[EXP] Hexcollie n Flexi - Lung spasm,presets-extra,339,,2026-07-16,
"[EXP] Hexcollie, Dbleja, Eo.S.n Phat - Too much freedumb + geiss n studiomusic",presets-extra,339,,2026-07-16,
"[EXP] Hexcollie, Flexi Eo.S.n Phat - Parasitic Reverberation",presets-extra,339,,2026-07-16,
"[EXP] Hexcollie, Flexi n Eo.S. - Squable",presets-extra,339,,2026-07-16,
"[EXP] Hexcollie, Flexi n Eo.S. - Squable + geiss",presets-extra,339,,2026-07-16,
"[EXP] Hexcollie, Flexi n Eo.S. - Squable + geiss 3 layers + smoke circles",presets-extra,339,,2026-07-16,
"[EXP] Hexcollie, Flexi n Geiss - Spliffworthy",presets-extra,339,,2026-07-16,
"[EXP] Hexcollie, Flexi n Geiss - Spliffworthy nz+",presets-extra,339,,2026-07-16,
"[EXP] Hexcollie, Flexi, TI@N, Suksma n Zylot - Blarfff to be oozing smoke",presets-extra,340,,2026-07-16,
"[EXP] Hexcollie, suksma, Eo.S., AdamFX n Aderrasi - collated centers of gravity impaired (gorgonopsidated)",presets-extra,340,,2026-07-16,
[EXP] Idiot24-7 - Morphing Grid ,presets-extra,344,,2026-07-16,
[EXP] Idiot24-7 - Morphing Grid (Unreleased Mix 3),presets-extra,344,,2026-07-16,
[EXP] Idiot24-7-MorphingGrid(UnreleasedMix3,presets-extra,345,,2026-07-16,
[EXP] Idiot24-7-morphinggrid,presets-extra,346,,2026-07-16,
[EXP] Jc - Inside Out,presets-extra,350,,2026-07-16,
[EXP] Jc - Into The Galaxy 2,presets-extra,350,,2026-07-16,
[EXP] Jeanius- - Oculate,presets-extra,351,,2026-07-16,
"[EXP] LuxXx - Crazy Fight I Had (With Some Pastels, Charcoal and Dextromethorphan Hydrobromide Series) I",presets-extra,358,,2026-07-16,
[EXP] LuxXx - Jelly Doughnautilus Ia,presets-extra,359,,2026-07-16,
[EXP] LuxXx - Mindfuck Circle Jerk i,presets-extra,359,,2026-07-16,
[EXP] LuxXx - Mindfuck Circle Jerk i (etherfear),presets-extra,359,,2026-07-16,
[EXP] LuxXx - Mindfuck Circle Jerk i (etherfear) b,presets-extra,359,,2026-07-16,
[EXP] LuxXx - Mindfuck ii,presets-extra,359,,2026-07-16,
[EXP] LuxXx - Unoral 2,presets-extra,360,,2026-07-16,
[EXP] LuxXx - Zylot & Idiot - Face BDRV et  AL  rmx ketama mix,presets-extra,361,,2026-07-16,
[EXP] MackTuesday + Flexi - Swirly Sands [per-vertex rotation mix] nz+ farming,presets-extra,362,,2026-07-16,
[EXP] MackTuesday + Flexi - Swirly Sands [per-vertex rotation mix] nz+ farming bathy anus,presets-extra,362,,2026-07-16,
[EXP] MackTuesday + Flexi - Swirly Sands [per-vertex rotation mix] nz+ pharming,presets-extra,362,,2026-07-16,
[EXP] Martin - QBikal - Surface Turbulence nz+ farm,presets-extra,363,,2026-07-16,
[EXP] Martin - QBikal - Surface Turbulence nz+ phuentez,presets-extra,363,,2026-07-16,
[EXP] Martin - cool morning,presets-extra,363,,2026-07-16,
[EXP] Mashup ADAMFX 2 Flexi + Geiss - Bipolar vs. reaction diffusion + Another Flexi + Fishbrain  + Digitaly imported + Fernie Ernie ,presets-extra,363,,2026-07-16,
[EXP] Milk King to the ExtreemFX flexi - divine struggle - Ft AdamFX n Martin - Picasso In Milk Molten Meltdown C,presets-extra,367,,2026-07-16,
[EXP] Milk King to the ExtreemFX flexi - divine struggle - Ft AdamFX n Martin - Picasso In Milk Molten Meltdown F,presets-extra,367,,2026-07-16,
"[EXP] MilkArtist Geiss n AdamFX Remake 2 cope - the drain to heaven Ft Goody,AdanFX n Martin - When it gets to the End  C",presets-extra,367,,2026-07-16,
[EXP] Mstress & Zylot - Face (Music Stoned Eyes Mix),presets-extra,368,,2026-07-16,
[EXP] Mstress&Zylot-Face(MusicStoned,presets-extra,368,,2026-07-16,
[EXP] NeW Adam Master Mashup FX 2 Geiss - Reaction Diffusion 34 + Swelling Spiral  + Liquid Fire  + Geiss and Zylot + The Return of Flexi ,presets-extra,369,,2026-07-16,
[EXP] NeW Adam Master Mashup FX 2 Geiss - Reaction Diffusion 34 + Swelling Spiral  + Liquid Fire  + Geiss and Zylot + The Return of Flexi  2,presets-extra,369,,2026-07-16,
"[EXP] New Creation Sensation -  AdamFx,Flexi,Amandio c n Martin - Star to Another World ft Hexocollie,ShadowH,Geiss n Fishbrain L",presets-extra,370,,2026-07-16,
[EXP] ORB - Fracture,presets-extra,371,,2026-07-16,
[EXP] ORB - Into the sky,presets-extra,371,,2026-07-16,
[EXP] Phat+Eo.S. - Atangent flux,presets-extra,372,,2026-07-16,
"[EXP] Phat_Zylot_Eo.S. Come_fly_with_me_vidio_echo_v2 nz+ amish on craque, i loavthe it",presets-extra,375,,2026-07-16,
[EXP] Phat_Zylot_Eo.S. Come_fly_with_me_vidio_echo_v2 nz+ available for those who don't like rape of isms,presets-extra,375,,2026-07-16,
[EXP] Phat_Zylot_Eo.S. Come_fly_with_me_vidio_echo_v2 nz+ carefulism,presets-extra,375,,2026-07-16,
[EXP] Phat_Zylot_Eo.S. Come_fly_with_me_vidio_echo_v2 nz+ fill to brim,presets-extra,375,,2026-07-16,
[EXP] Phat_Zylot_Eo.S. Come_fly_with_me_vidio_echo_v2 nz+ loss of movement,presets-extra,375,,2026-07-16,
[EXP] Phat_Zylot_Eo.S. Come_fly_with_me_vidio_echo_v2 nz+ mysanthropologicoiloriphiciasmas,presets-extra,375,,2026-07-16,
[EXP] Phat_Zylot_Eo.S. Come_fly_with_me_vidio_echo_v2 nz+ pure slag,presets-extra,375,,2026-07-16,
[EXP] Phat_Zylot_Eo.S. Come_fly_with_me_vidio_echo_v2 nz+ re-gainfed vs un-gain-un-fed,presets-extra,375,,2026-07-16,
[EXP] Phat_Zylot_Eo.S. Come_fly_with_me_vidio_echo_v2 nz+ re-gainfed vs un-gain-un-fed r,presets-extra,375,,2026-07-16,
[EXP] Rozzor & Rovastar - Dynamic Swirls 3 (Mysticial Awakening Mix Tweak) - cpe rst roams nz+ more abject wankery,presets-extra,391,,2026-07-16,
[EXP] Rozzor & Rovastar - Dynamic Swirls 3 (Mysticial Awakening Mix Tweak) - cpe rst roams nz+ phin,presets-extra,391,,2026-07-16,
[EXP] Rozzor & Rovastar - Dynamic Swirls 3 (Mysticial Awakening Mix Tweak) - cpe rst roams nz+ qrags,presets-extra,391,,2026-07-16,
[EXP] Stahlregen & flexi + Geiss + Goody + Rovastar + Unchained - Complex Nova,presets-extra,397,,2026-07-16,
[EXP] Stahlregen & flexi + Geiss + redi jedi - MashUp 18 (strange new tadpole hunter world RMX),presets-extra,397,,2026-07-16,
"[EXP] Stahlregen - Eckshack's Eyeball (floater mix) - qlean luchre - i hope you all die in pain because you're so fucking closed-minded, fuck you",presets-extra,398,,2026-07-16,
[EXP] Studio Music - Intuitive Awareness (Traces of Love mix)_1,presets-extra,399,,2026-07-16,
[EXP] Studio Music - Intuitive Awareness (Traces of Love mix)_1 - this shader worship,presets-extra,399,,2026-07-16,
[EXP] Studio Music - Intuitive Awareness (Traces of Love mix)_1 - this shader worship roam3,presets-extra,399,,2026-07-16,
[EXP] TobiasWolfBoi - Twirling Snowflake,presets-extra,404,,2026-07-16,
[EXP] Tobiaswolfboi-twirlingsnowflake,presets-extra,404,,2026-07-16,
"[EXP] Weizenbaum, Hofstadter, Metzinger et al - brain-drain",presets-extra,411,,2026-07-16,
[EXP] Zylot & Idiot - Face,presets-extra,414,,2026-07-16,
[EXP] Zylot & Idiot - Face BDRV et  AL  rmx ketama mix,presets-extra,414,,2026-07-16,
[EXP] Zylot & Idiot - Face zzz9,presets-extra,414,,2026-07-16,
[EXP] Zylot - Refracted Spectrum,presets-extra,416,,2026-07-16,
[EXP] Zylot and Idiot - Face,presets-extra,417,,2026-07-16,
[EXP] Zylot-refractedspectrum,presets-extra,419,,2026-07-16,
[EXP] a lesson in sleepwalking,presets-extra,422,,2026-07-16,
[EXP] aic - frogs,presets-extra,422,,2026-07-16,
[EXP] aic - frogs nz,presets-extra,422,,2026-07-16,
[EXP] ain't a damn thing out there that is what you think it is,presets-extra,422,,2026-07-16,
[EXP] amandio c - all in one radial 2 nz+ phraedee qathatre w3 omniversal outake map,presets-extra,423,,2026-07-16,
[EXP] amandio c - all in one radial 2 nz+ phraedee qathatre w4 meta-receiving dish,presets-extra,423,,2026-07-16,
[EXP] amandio c - all in one radial 2 nz+ phraedee qathatre w6 pharm,presets-extra,423,,2026-07-16,
[EXP] amandio c - goldline (tutorial),presets-extra,425,,2026-07-16,
[EXP] amandio c - goldline (tutorial) almost lost in puckyland,presets-extra,425,,2026-07-16,
[EXP] amandio c - muybridge's horse 1,presets-extra,427,,2026-07-16,
[EXP] amandio c - ping pong (flexi elastic code + stahlregen shader) [new elasticity mix],presets-extra,428,,2026-07-16,
[EXP] amandio c - ripple y,presets-extra,428,,2026-07-16,
[EXP] amandio c - vader,presets-extra,431,,2026-07-16,
[EXP] anglican't americouldn't,presets-extra,431,,2026-07-16,
[EXP] anglican't americouldn't - gang vomit attack,presets-extra,431,,2026-07-16,
[EXP] anglican't americouldn't - hai mirusunkai,presets-extra,431,,2026-07-16,
[EXP] anglican't americouldn't - hai mirusunkai roam,presets-extra,431,,2026-07-16,
[EXP] anglican't americouldn't - severe hue bullshit -.3-ret,presets-extra,431,,2026-07-16,
[EXP] anglican't americouldn't - severe hue bullshit .3-ret,presets-extra,431,,2026-07-16,
[EXP] bdrv + al Phat+Eo.S. - Atangent flux mx,presets-extra,434,,2026-07-16,
[EXP] bdrv + al Rovastar - Fractopia bdrv132456 mix bleuarg - fargo,presets-extra,435,,2026-07-16,
[EXP] bdrv + al shifter - eye of the world bdrv et.AL ii,presets-extra,436,,2026-07-16,
[EXP] bdrv + al shifter - eye of the world bdrv et.AL iii,presets-extra,436,,2026-07-16,
[EXP] bdrv + al shifter - eye of the world bdrv et.AL iii dt r3,presets-extra,436,,2026-07-16,
[EXP] bdrv + al shifter - eye of the world bdrv et.AL iv,presets-extra,436,,2026-07-16,
[EXP] bdrv + al shifter - eye of the worldmx,presets-extra,436,,2026-07-16,
[EXP] beta106i - Fortune Hog (St. Diego),presets-extra,443,,2026-07-16,
[EXP] beta106i - Madness Teaches us to Flee,presets-extra,444,,2026-07-16,
[EXP] bleeding like a horsey roams i just got through watching planet bboy and boy do i feel embarrassed for myself and all the world ceat hannon,presets-extra,446,,2026-07-16,
[EXP] bloated corpse planet,presets-extra,446,,2026-07-16,
[EXP] bloated corpse planet nz,presets-extra,446,,2026-07-16,
[EXP] bloated corpse planet nz+ corker,presets-extra,446,,2026-07-16,
[EXP] bloussom creques - all the 0's bequame 1's (dpt),presets-extra,446,,2026-07-16,
[EXP] bloussom creques - milkdrop forums,presets-extra,446,,2026-07-16,
"[EXP] boobs - abolish all money, abolish all laws",presets-extra,446,,2026-07-16,
"[EXP] boobs - abolish all money, abolish all laws nz+",presets-extra,446,,2026-07-16,
"[EXP] boobs - abolish all money, abolish all laws roam don't forget religions, corporations, and governments",presets-extra,446,,2026-07-16,
[EXP] born for insane pleasures of wood cells bangpora,presets-extra,447,,2026-07-16,
"[EXP] bowel trounce mach, he's a mvphellianm",presets-extra,447,,2026-07-16,
[EXP] busty dead,presets-extra,447,,2026-07-16,
[EXP] calm rational dissection of self-recursing,presets-extra,447,,2026-07-16,
[EXP] cinemabuns (hot sugar oil orgy with fans under permanant dusk),presets-extra,448,,2026-07-16,
[EXP] cleave and cleave to thine wive's cleavage,presets-extra,448,,2026-07-16,
[EXP] cleave and cleave to thine wive's cleavage administrator access to unreality,presets-extra,448,,2026-07-16,
[EXP] cleave and cleave to thine wive's cleavage maid in spain,presets-extra,448,,2026-07-16,
[EXP] cleave and cleave to thine wive's cleavage outdone by simple holistic methods,presets-extra,448,,2026-07-16,
[EXP] cleave and cleave to thine wive's cleavage pandora's cocks,presets-extra,448,,2026-07-16,
[EXP] cleave and cleave to thine wive's cleavage swimfan was the best movie of all movies ever,presets-extra,448,,2026-07-16,
[EXP] cleave and cleave to thine wive's cleavage thankee sai for more trippy ass shit,presets-extra,448,,2026-07-16,
[EXP] cleave and cleave to thine wive's cleavage thankee sai for more trippy ass shit moneymaggot,presets-extra,448,,2026-07-16,
[EXP] cleave and cleave to thine wive's cleavage thankee sai for more trippy ass shit nz+,presets-extra,448,,2026-07-16,
"[EXP] cleave and cleave to thine wive's cleavage yep, i always dream of epic shit, and more so on the hydrogen stick",presets-extra,448,,2026-07-16,
[EXP] cock lesions,presets-extra,448,,2026-07-16,
[EXP] cook goose,presets-extra,448,,2026-07-16,
[EXP] cope + flexi - colorful marble (ghost mix) - rand wave 10,presets-extra,448,,2026-07-16,
[EXP] cope + flexi - colorful marble (ghost mix) - rand wave 10 nz+,presets-extra,448,,2026-07-16,
[EXP] cope + flexi - colorful marble (ghost mix) - rand wave 10 nz+ quantum qromatiqae,presets-extra,448,,2026-07-16,
[EXP] cope + flexi - colorful marble (ghost mix) - rand wave 7,presets-extra,448,,2026-07-16,
[EXP] cope + flexi - colorful marble (ghost mix) - rand wave 7 nz+,presets-extra,448,,2026-07-16,
[EXP] cope + flexi - colorful marble (ghost mix) - rand wave 7 pure slobbre,presets-extra,448,,2026-07-16,
"[EXP] cope, flexi + martin - cartune [reinventing the scene] funk scented self-help life coaches",presets-extra,449,,2026-07-16,
[EXP] cortex meat - equiping the farmers with permacult,presets-extra,449,,2026-07-16,
[EXP] cortex meat - equiping the farmers with permacult nz,presets-extra,449,,2026-07-16,
[EXP] cortex meat - equiping the farmers with permacult nz nickel advice,presets-extra,449,,2026-07-16,
[EXP] cortex meat - equiping the farmers with permacult nz squeakers,presets-extra,449,,2026-07-16,
[EXP] cortex meat - equiping the farmers with permacult nz+ nickel advice ap5+,presets-extra,449,,2026-07-16,
[EXP] crap mash,presets-extra,450,,2026-07-16,
[EXP] craving 'spinach man' action figures suppositoric nutrition - knee deep in mangled negentropy cpe ap4+,presets-extra,450,,2026-07-16,
"[EXP] craving 'spinach man' action figures suppositoric nutrition - knee deep in mangled negentropy cpe ap4+ hmm, anus",presets-extra,450,,2026-07-16,
[EXP] craving 'spinach man' action figures suppositoric nutrition - knee deep in mangled negentropy cpe ap4+ ion dissonance,presets-extra,450,,2026-07-16,
"[EXP] craving 'spinach man' action figures suppositoric nutrition - knee deep in mangled negentropy cpe ap4+ thx geiss, mr natal",presets-extra,450,,2026-07-16,
[EXP] Flexi - swimmer fractal template [the freedom of torusland] [variant 2],presets-extra,451,,2026-07-16,
[EXP] craving 'spinach man' action figures suppositoric nutrition - letting go of any hope laughter,presets-extra,451,,2026-07-16,
[EXP] craving 'spinach man' action figures suppositoric nutrition - okay oz fee-er,presets-extra,451,,2026-07-16,
[EXP] dark matter of national puberty,presets-extra,451,,2026-07-16,
[EXP] dark matter of national puberty - sudsy aeon,presets-extra,451,,2026-07-16,
[EXP] dark matter of national puberty - sudsy aeon nz+,presets-extra,451,,2026-07-16,
[EXP] dark matter of national puberty roam3,presets-extra,451,,2026-07-16,
"[EXP] do not fear high prime number ratios, for you are one",presets-extra,451,,2026-07-16,
"[EXP] do not fear high prime number ratios, for you are one nz+",presets-extra,451,,2026-07-16,
"[EXP] do not fear high prime number ratios, for you are one nz+ gambling is legal",presets-extra,451,,2026-07-16,
"[EXP] do not fear high prime number ratios, for you are one nz+ gay fuck preset mash",presets-extra,451,,2026-07-16,
"[EXP] do not fear high prime number ratios, for you are one nz+ god damn psychedelic",presets-extra,451,,2026-07-16,
"[EXP] do not fear high prime number ratios, for you are one nz+ joey diaz performs",presets-extra,451,,2026-07-16,
"[EXP] do not fear high prime number ratios, for you are one nz+ millenial fucking",presets-extra,451,,2026-07-16,
"[EXP] do not fear high prime number ratios, for you are one nz+ mma judge",presets-extra,451,,2026-07-16,
"[EXP] do not fear high prime number ratios, for you are one nz+ prada nevada",presets-extra,451,,2026-07-16,
"[EXP] do not fear high prime number ratios, for you are one nz+2",presets-extra,451,,2026-07-16,
"[EXP] do not fear high prime number ratios, for you are one nz+2 a slut of mechanics",presets-extra,451,,2026-07-16,
"[EXP] do not fear high prime number ratios, you only get a taste of low prime number ratios for a while",presets-extra,452,,2026-07-16,
"[EXP] do not fear high prime number ratios, you only get a taste of low prime number ratios for a while called me scol",presets-extra,452,,2026-07-16,
"[EXP] do not fear high prime number ratios, you only get a taste of low prime number ratios for a while nz+",presets-extra,452,,2026-07-16,
[EXP] each mash path a rat,presets-extra,453,,2026-07-16,
[EXP] each mash path a rat fed women named gus,presets-extra,453,,2026-07-16,
[EXP] each mash path a rat fed women named gus nz+,presets-extra,453,,2026-07-16,
[EXP] each mash path a rat mad well through face dump,presets-extra,453,,2026-07-16,
[EXP] each mash path a rat mad well through face dump nz,presets-extra,453,,2026-07-16,
[EXP] each mash path a rat mad well through face dump nz+,presets-extra,453,,2026-07-16,
[EXP] each mash path a rat mad well through face dump nz+ gallupinnace,presets-extra,453,,2026-07-16,
[EXP] each mash path a rat mad well through face dump nz2,presets-extra,453,,2026-07-16,
"[EXP] each mash path a rat my mashes go well with techno and death, i don't know what your fucking problem is",presets-extra,453,,2026-07-16,
[EXP] end qompleth,presets-extra,453,,2026-07-16,
"[EXP] end qompleth doqtrinally speaqing, martin is a great mormon (goadmaqre)",presets-extra,453,,2026-07-16,
[EXP] extreme paranoia and fear unleash in spontaneous suicide flails - bitchslapping the elite,presets-extra,454,,2026-07-16,
[EXP] extreme paranoia and fear unleash in spontaneous suicide flails - bitchslapping the elite roam3,presets-extra,454,,2026-07-16,
[EXP] fed + Goody + Flexi - intention tunnel 2,presets-extra,454,,2026-07-16,
[EXP] fed + flexi - the new cubism,presets-extra,454,,2026-07-16,
[EXP] fed + flexi - the new cubism ye olde rotgasm,presets-extra,454,,2026-07-16,
[EXP] fed + flexi - the new cubism2,presets-extra,454,,2026-07-16,
[EXP] fed + flexi - the new cubism3,presets-extra,454,,2026-07-16,
[EXP] martin - landscape template,presets-extra,456,,2026-07-16,
[EXP] finished existing sir,presets-extra,457,,2026-07-16,
[EXP] finished existing sir chicken squash,presets-extra,457,,2026-07-16,
[EXP] fkk,presets-extra,458,,2026-07-16,
[EXP] flexi + cope - i blew you a soap bubble now what - higgs boson nasty infinity sex,presets-extra,459,,2026-07-16,
[EXP] flexi + cope - i blew you a soap bubble now what - infinite feedback,presets-extra,459,,2026-07-16,
[EXP] flexi + cope - i blew you a soap bubble now what - infinite feedback - fuckingdelic,presets-extra,459,,2026-07-16,
[EXP] flexi + cope - i blew you a soap bubble now what - infinite feedback nz+ proph,presets-extra,459,,2026-07-16,
[EXP] flexi + cope - i blew you a soap bubble now what - infinite feedback phlaeschlithe,presets-extra,459,,2026-07-16,
[EXP] flexi + cope - i blew you a soap bubble now what - infinite feedback phlaeschlithe wafre,presets-extra,459,,2026-07-16,
"[EXP] flexi + eo.s - glowsticks [light up da doobie, dude! 8^) ]",presets-extra,459,,2026-07-16,
[EXP] flexi + geiss - tokamak alien plasma studies 01,presets-extra,460,,2026-07-16,
[EXP] flexi + geiss - tokamak alien plasma studies 02,presets-extra,460,,2026-07-16,
[EXP] flexi + geiss - tokamak alien plasma studies 03,presets-extra,460,,2026-07-16,
[EXP] flexi + geiss - tokamak alien plasma studies 03 [good morning],presets-extra,460,,2026-07-16,
[EXP] flexi + geiss - tokamak alien plasma studies 03 [orange and blue],presets-extra,460,,2026-07-16,
[EXP] flexi + geiss - tokamak alien plasma studies 04,presets-extra,460,,2026-07-16,
[EXP] flexi + geiss - tokamak alien plasma studies 05,presets-extra,460,,2026-07-16,
[EXP] flexi + geiss - tokamak alien plasma studies 05 - orb sth go animal butts when pink,presets-extra,460,,2026-07-16,
[EXP] flexi + geiss - tokamak alien plasma studies 06,presets-extra,460,,2026-07-16,
[EXP] flexi + geiss - tokamak alien plasma studies [constructionismix],presets-extra,460,,2026-07-16,
[EXP] flexi + geiss - tokamak and its holon fuckbuddy [this weekend is the fusion festival!] nz+ fission unfestival isn't never,presets-extra,460,,2026-07-16,
[EXP] flexi + geiss - tokamak and its holon fuckbuddy [this weekend is the fusion festival!] nz+ fission unfestival isn't never ill-resonant pus drain,presets-extra,460,,2026-07-16,
[EXP] flexi + geiss - tokamak and its holon fuckbuddy [this weekend is the fusion festival!] nz+ thorium,presets-extra,460,,2026-07-16,
[EXP] flexi + martin - astral projection [martins hardcore mix on inverted bipolar zenarchy],presets-extra,460,,2026-07-16,
[EXP] flexi + martin - astral projection [martins hardcore mix on inverted bipolar zenarchy] - tt9 what's your infinite fractal address,presets-extra,460,,2026-07-16,
[EXP] flexi + rovastar + rocke - Langnese Commercial,presets-extra,461,,2026-07-16,
[EXP] flexi + shifter + stahlregen - colorcycling molecular factory,presets-extra,461,,2026-07-16,
[EXP] flexi + shifter - Wavefront,presets-extra,461,,2026-07-16,
[EXP] flexi + shifter - piss in the basin,presets-extra,461,,2026-07-16,
[EXP] flexi + shifter - piss in the basin (colorcycling),presets-extra,461,,2026-07-16,
[EXP] flexi + shifter - piss in the basin [rmx],presets-extra,461,,2026-07-16,
[EXP] flexi - 3d mosaic glass test,presets-extra,461,,2026-07-16,
[EXP] flexi - 3d mosaic glass test - mash0000 - 9d tuscan slop ram,presets-extra,461,,2026-07-16,
[EXP] flexi - 8bit fire,presets-extra,461,,2026-07-16,
[EXP] flexi - [01 complex number shader tutorial - basic dilation],presets-extra,461,,2026-07-16,
[EXP] flexi - [02 complex number shader tutorial - basic dilation with texture-wrap],presets-extra,461,,2026-07-16,
[EXP] flexi - [03 complex number shader tutorial - basic dilation with mirrored texture-wrap],presets-extra,461,,2026-07-16,
[EXP] flexi - [04 complex number shader tutorial - basic translation A],presets-extra,461,,2026-07-16,
[EXP] flexi - [05 complex number shader tutorial - basic translation B],presets-extra,461,,2026-07-16,
[EXP] flexi - [06 complex number shader tutorial - basic translation C],presets-extra,461,,2026-07-16,
[EXP] flexi - [07 complex number shader tutorial - aspect-aware rotation via complex number multiplication],presets-extra,461,,2026-07-16,
[EXP] flexi - [08 complex number shader tutorial - not very impressive division (resp. inversion) example],presets-extra,461,,2026-07-16,
[EXP] flexi - [08 complex number shader tutorial - not very impressive division (resp. inversion) example]_1,presets-extra,461,,2026-07-16,
[EXP] flexi - [09 complex number shader tutorial - another example of Moebius transformation],presets-extra,461,,2026-07-16,
[EXP] flexi - [09 complex number shader tutorial - another example of Moebius transformation]_1,presets-extra,461,,2026-07-16,
[EXP] flexi - [10 complex number shader tutorial - another example of Julia Fractal],presets-extra,461,,2026-07-16,
[EXP] flexi - [11 complex number shader tutorial - the basics of composition - multiplying 3 infinity points],presets-extra,461,,2026-07-16,
[EXP] flexi - [12 complex number shader tutorial - the basics of composition - multiplying 4 infinity points],presets-extra,461,,2026-07-16,
[EXP] flexi - [12 complex number shader tutorial - the basics of composition - multiplying 4 infinity points] - dividing voids,presets-extra,461,,2026-07-16,
[EXP] flexi - a julia fractal for hexcollie [belated shader magic],presets-extra,461,,2026-07-16,
[EXP] flexi - a julia fractal for hexcollie embossed,presets-extra,461,,2026-07-16,
[EXP] flexi - a julia fractal for hexcollie embossed (martin metallics),presets-extra,461,,2026-07-16,
[EXP] flexi - alien canvas,presets-extra,461,,2026-07-16,
[EXP] flexi - alien plasma warp rotation studies 01,presets-extra,461,,2026-07-16,
[EXP] flexi - alien plasma warp rotation studies 02,presets-extra,461,,2026-07-16,
[EXP] flexi - alien plasma warp rotation studies 03,presets-extra,461,,2026-07-16,
[EXP] flexi - alien plasma warp rotation studies 04,presets-extra,461,,2026-07-16,
[EXP] flexi - alien plasma warp rotation studies 05,presets-extra,461,,2026-07-16,
[EXP] flexi - alien plasma warp rotation studies 06,presets-extra,461,,2026-07-16,
[EXP] flexi - alien plasma warp rotation studies 08,presets-extra,461,,2026-07-16,
[EXP] flexi - crank prototype,presets-extra,462,,2026-07-16,
[EXP] flexi - dawn has broken - pallet by live portal,presets-extra,462,,2026-07-16,
[EXP] flexi - expert knot twiddler,presets-extra,462,,2026-07-16,
[EXP] flexi - final ferntasy,presets-extra,462,,2026-07-16,
[EXP] flexi - flow,presets-extra,463,,2026-07-16,
[EXP] flexi - fluid brane,presets-extra,463,,2026-07-16,
[EXP] flexi - fractal 2 [hq 4.1],presets-extra,463,,2026-07-16,
[EXP] flexi - fractal descent,presets-extra,463,,2026-07-16,
[EXP] flexi - fractal seafood,presets-extra,463,,2026-07-16,
[EXP] flexi - fractal seafood-1,presets-extra,463,,2026-07-16,
[EXP] flexi - fractrip,presets-extra,463,,2026-07-16,
[EXP] flexi - fractrip (bccn Jelly V4),presets-extra,463,,2026-07-16,
[EXP] flexi - fractrip2,presets-extra,463,,2026-07-16,
[EXP] flexi - fractrip_Phat_edit,presets-extra,463,,2026-07-16,
[EXP] flexi - fractrip_Phat_edit - aerqivtillion,presets-extra,463,,2026-07-16,
[EXP] flexi - fractrip_Phat_edit - aerqivtilliontth,presets-extra,463,,2026-07-16,
[EXP] flexi - fractrip_Phat_edit - aerqivtilliontth chartrae,presets-extra,463,,2026-07-16,
[EXP] flexi - fractrip_Phat_edit - aerqivtilliontth chartrae roam,presets-extra,463,,2026-07-16,
[EXP] flexi - fractrip_Phat_edit - aerqivtilliontth chartrae roam3,presets-extra,463,,2026-07-16,
[EXP] flexi - fractrip_Phat_edit - aerqivtilliontth maestrohth,presets-extra,463,,2026-07-16,
[EXP] flexi - fractrip_Phat_edit dispersion metrics,presets-extra,463,,2026-07-16,
[EXP] flexi - gay eagle [call him ferny ernie],presets-extra,463,,2026-07-16,
"[EXP] flexi - guide to work with gradients [00 basis from the warp shader, let's compose something!]",presets-extra,463,,2026-07-16,
[EXP] flexi - guide to work with gradients [00 simple mixing],presets-extra,463,,2026-07-16,
[EXP] flexi - guide to work with gradients [01 displacement on diagonal gradient],presets-extra,463,,2026-07-16,
[EXP] flexi - guide to work with gradients [02 general mixing and displacement mapping],presets-extra,463,,2026-07-16,
[EXP] flexi - guide to work with gradients [03 tiling],presets-extra,463,,2026-07-16,
[EXP] flexi - guide to work with gradients [04 tiling and mirroring],presets-extra,463,,2026-07-16,
[EXP] flexi - guide to work with gradients [05 rotating the palette via complex number multiplication],presets-extra,463,,2026-07-16,
[EXP] flexi - guide to work with gradients [06 happy accident - unintended optical illusion],presets-extra,463,,2026-07-16,
[EXP] flexi - guide to work with gradients [07 displacement vector rotation fix],presets-extra,463,,2026-07-16,
[EXP] flexi - guide to work with gradients [09 wow that sucks =)],presets-extra,463,,2026-07-16,
[EXP] flexi - guide to work with gradients [10 this is the point where i went nuts],presets-extra,463,,2026-07-16,
[EXP] flexi - guide to work with gradients [11 PARTY HARD],presets-extra,463,,2026-07-16,
[EXP] flexi - guide to work with gradients [12 now how is that],presets-extra,463,,2026-07-16,
[EXP] flexi - how far to reality nz+,presets-extra,463,,2026-07-16,
"[EXP] flexi - it may seem as it is, but wait, no that's too easy",presets-extra,463,,2026-07-16,
[EXP] flexi - it's good to be green,presets-extra,463,,2026-07-16,
[EXP] flexi - julia set shader [neocortex wiretapping],presets-extra,463,,2026-07-16,
[EXP] flexi - julia set shader example 3,presets-extra,463,,2026-07-16,
[EXP] flexi - julian affairs [bc cn jelly V4),presets-extra,463,,2026-07-16,
[EXP] flexi - julian affairs [cubic edit],presets-extra,463,,2026-07-16,
[EXP] flexi - julian affairs [trance mix],presets-extra,463,,2026-07-16,
[EXP] flexi - julian wave analyzer,presets-extra,463,,2026-07-16,
[EXP] flexi - kaleidoscope template - suksma is pounded to fucking oblivion,presets-extra,463,,2026-07-16,
[EXP] flexi - kaleidoscope template - suksma is pounded to fucking oblivion roam,presets-extra,463,,2026-07-16,
[EXP] flexi - monkey saddle prototype ;),presets-extra,464,,2026-07-16,
[EXP] flexi - monkey saddle prototype [error diffusion dither template],presets-extra,464,,2026-07-16,
[EXP] flexi - more fun with julia sets,presets-extra,464,,2026-07-16,
[EXP] flexi - more fun with julia sets 2,presets-extra,464,,2026-07-16,
[EXP] flexi - more fun with julia sets 3,presets-extra,464,,2026-07-16,
[EXP] flexi - more fun with julia sets hexcollie fx bone mix,presets-extra,464,,2026-07-16,
[EXP] flexi - more holographic influence on the mental waves of your alienator support group,presets-extra,464,,2026-07-16,
[EXP] flexi - my jumpstyle fractal viewer,presets-extra,464,,2026-07-16,
[EXP] flexi - particle fountain,presets-extra,464,,2026-07-16,
[EXP] flexi - particle fountain - bunson macdonald ignious,presets-extra,464,,2026-07-16,
[EXP] flexi - particle fountain - crispy glover mt. fountain boats,presets-extra,464,,2026-07-16,
[EXP] flexi - particle fountain - crispy glover mt. fountain boats nz,presets-extra,464,,2026-07-16,
[EXP] flexi - particle fountain - crispy glover mt. fountain boats nz+,presets-extra,464,,2026-07-16,
[EXP] flexi - particle fountain - i know much less than i will an hour ago (aspirin),presets-extra,464,,2026-07-16,
[EXP] flexi - particle fountain - i know much less than i will an hour ago (aspirin) - xi shuai de shuai,presets-extra,464,,2026-07-16,
[EXP] flexi - particle fountain - infinite prime number resonance as the causation of all things,presets-extra,464,,2026-07-16,
"[EXP] flexi - particle fountain - made guac this morning, so tasty, hooray (my love is not cynical)",presets-extra,464,,2026-07-16,
"[EXP] flexi - particle fountain - my sperm, your .biz domain, outrageous prices, cattle trough",presets-extra,464,,2026-07-16,
[EXP] flexi - particle fountain [leakage mix],presets-extra,464,,2026-07-16,
[EXP] flexi - particle fountain [leakage mix] (Jelly V3),presets-extra,464,,2026-07-16,
[EXP] flexi - particle fountain [leakage mix] (Jelly),presets-extra,464,,2026-07-16,
[EXP] flexi - romanesco fantasies,presets-extra,465,,2026-07-16,
[EXP] flexi - romanesco fantasies [motion blurred 2][quasi-fucked-up],presets-extra,465,,2026-07-16,
[EXP] flexi - romanesco fantasies [motion blurred],presets-extra,465,,2026-07-16,
[EXP] flexi - the new cubism,presets-extra,465,,2026-07-16,
[EXP] flexi - the orange and blue chronicles [04 fractal seafood],presets-extra,465,,2026-07-16,
[EXP] flexi - todays silliest mash-up [stareway to fractopia rmx],presets-extra,465,,2026-07-16,
[EXP] flexi - useless showoff parade,presets-extra,465,,2026-07-16,
[EXP] flexi n hexcollie - it's good to be green (with a dash of opium),presets-extra,465,,2026-07-16,
"[EXP] flexi, geiss and rovastar - chaos layered sinewsed tokamak 2",presets-extra,465,,2026-07-16,
"[EXP] flexi, redi jedi + geiss - strange new worlds [gold mix]",presets-extra,465,,2026-07-16,
"[EXP] flexi, stahlregen + shifter - coitus interruptus",presets-extra,465,,2026-07-16,
"[EXP] flexi, stahlregen, geiss + shifter - it's a progress",presets-extra,465,,2026-07-16,
"[EXP] flexi,_bdrv_+_geiss_-_aftermath (mix)",presets-extra,466,,2026-07-16,
"[EXP] flexi,_bdrv_+_geiss_-_aftermath (strange mix) enbalmbdt in misadventuer",presets-extra,466,,2026-07-16,
"[EXP] flexi,_bdrv_+_geiss_-_aftermath (strange mix) enbalmbdt in misadventuer tablespaz",presets-extra,466,,2026-07-16,
"[EXP] flexi,_bdrv_+_geiss_-_aftermath (strange mix) nz+",presets-extra,466,,2026-07-16,
[EXP] flexi_-_gay_eagle_[call_him_ferny_ernie mix],presets-extra,466,,2026-07-16,
"[EXP] flexi_-_gay_eagle_[call_him_ferny_ernie mix] - mash0000 - flesh, feathers, flame",presets-extra,466,,2026-07-16,
"[EXP] fuck metadata, all bark no bite",presets-extra,466,,2026-07-16,
[EXP] game boy,presets-extra,466,,2026-07-16,
[EXP] gazelane,presets-extra,466,,2026-07-16,
[EXP] gazelane nz+ let's touch eachother where we pee,presets-extra,466,,2026-07-16,
[EXP] gjlasd bleefed ngaeme,presets-extra,467,,2026-07-16,
[EXP] gjlasd bleefed ngaeme - barely audible pigs,presets-extra,467,,2026-07-16,
[EXP] gjlasd bleefed ngaeme - bataille-work vs violence,presets-extra,467,,2026-07-16,
"[EXP] gjlasd bleefed ngaeme - it's after the end of the world, don't you know that yet",presets-extra,467,,2026-07-16,
"[EXP] gjlasd bleefed ngaeme - it's after the end of the world, don't you know that yet roam3 flexi is the god damndest shit",presets-extra,467,,2026-07-16,
[EXP] gjlasd bleefed ngaeme - thigh kingdumb cum,presets-extra,467,,2026-07-16,
[EXP] gjlasd bleefed ngaeme ye olde rotgasm,presets-extra,467,,2026-07-16,
[EXP] gjlasd bleefed ngaeme ye olde rotgasm nz,presets-extra,467,,2026-07-16,
[EXP] gobble cruncher mildew pastry,presets-extra,467,,2026-07-16,
[EXP] gobble cruncher mildew pastry nz+,presets-extra,467,,2026-07-16,
[EXP] goody + flexi - subsequent fishies,presets-extra,467,,2026-07-16,
[EXP] goody + flexi - subsequent fishies natural whore,presets-extra,467,,2026-07-16,
[EXP] hexcollie - knotwork,presets-extra,469,,2026-07-16,
[EXP] hexcollie - knotwork2,presets-extra,469,,2026-07-16,
"[EXP] hexcollie - knotwork2 - mash0000 - the sky is full of alien craft, i need groceries",presets-extra,469,,2026-07-16,
[EXP] i am horrible,presets-extra,470,,2026-07-16,
"[EXP] i concentrate on your skin, and to your horror, it begins to melt away",presets-extra,470,,2026-07-16,
"[EXP] i had a simple idea, and i took that idea to extremes, now i live with regret, for my anus has detached from my man pussy",presets-extra,470,,2026-07-16,
"[EXP] i had a simple idea, and i took that idea to extremes, now i live with regret, for my anus has detached from my man pussy anwyccdfyahycdyc",presets-extra,470,,2026-07-16,
[EXP] i just made me up to hurt myself,presets-extra,470,,2026-07-16,
[EXP] idiot + zylot - face v1.0,presets-extra,471,,2026-07-16,
[EXP] idiot24-7 - Echo Tunnel,presets-extra,471,,2026-07-16,
[EXP] it's time to get ill,presets-extra,472,,2026-07-16,
[EXP] just can't get over how fucked up it all is (define creation),presets-extra,472,,2026-07-16,
[EXP] just can't get over how fucked up it all is (define destruction),presets-extra,472,,2026-07-16,
[EXP] just can't get over how fucked up it all is (define entropy),presets-extra,472,,2026-07-16,
[EXP] just can't get over how fucked up it all is (define order),presets-extra,472,,2026-07-16,
"[EXP] just can't get over how fucked up it all is (does 2,3 turing really achieve maximal complexity)",presets-extra,472,,2026-07-16,
[EXP] just can't get over how fucked up it all is (immediatism),presets-extra,472,,2026-07-16,
[EXP] latch it coach,presets-extra,472,,2026-07-16,
[EXP] lecithin,presets-extra,472,,2026-07-16,
"[EXP] lecithin oh i get it now, you don't like random shitty mediocre visuals",presets-extra,472,,2026-07-16,
[EXP] loaded with vaingloryholed kettles,presets-extra,473,,2026-07-16,
[EXP] loaded with vaingloryholed kettles - kun vincent,presets-extra,473,,2026-07-16,
[EXP] loaded with vaingloryholed kettles roam,presets-extra,473,,2026-07-16,
[EXP] loaded with vaingloryholed kettles roam3,presets-extra,473,,2026-07-16,
[EXP] Flexi - impulse drive [variant 2],presets-extra,474,,2026-07-16,
[EXP] flexi - flow [variant 2],presets-extra,474,,2026-07-16,
"[EXP] loin bowel - don't you understand baby, i don't want a big studio in the hills - how to impress dullards spun nz+ m1 w1",presets-extra,474,,2026-07-16,
[EXP] map3,presets-extra,474,,2026-07-16,
[EXP] map3 - big,presets-extra,474,,2026-07-16,
[EXP] map3 - can,presets-extra,474,,2026-07-16,
[EXP] map3 - fin,presets-extra,474,,2026-07-16,
[EXP] map3 - mrs,presets-extra,474,,2026-07-16,
[EXP] map3 - the,presets-extra,474,,2026-07-16,
[EXP] map3 nz+,presets-extra,474,,2026-07-16,
"[EXP] marijuana - it's ok to not want to be one for a while, but change will come",presets-extra,474,,2026-07-16,
[EXP] martin + amandio c - escargots au martini,presets-extra,475,,2026-07-16,
[EXP] martin + amandio c - escargots au martini hog rot,presets-extra,475,,2026-07-16,
[EXP] martin + stahlregen - martin in da mash 17,presets-extra,475,,2026-07-16,
[EXP] martin + stahlregen - martin in da mash 17a,presets-extra,475,,2026-07-16,
[EXP] martin - attack of the beast,presets-extra,475,,2026-07-16,
[EXP] martin - autumn melancholy - pink-bottomed space-hell,presets-extra,475,,2026-07-16,
[EXP] martin - autumn melancholy - sletch - rw1,presets-extra,476,,2026-07-16,
[EXP] martin - autumn melancholy - sletch - rw1 mirror,presets-extra,476,,2026-07-16,
[EXP] martin - autumn melancholy - so familiar and overwhelmingly warm,presets-extra,476,,2026-07-16,
[EXP] martin - baby one more time,presets-extra,476,,2026-07-16,
[EXP] martin - baby one more time nz+,presets-extra,476,,2026-07-16,
[EXP] martin - baby one more time nz+2,presets-extra,476,,2026-07-16,
[EXP] martin - basal ganglion,presets-extra,476,,2026-07-16,
[EXP] martin - basal ganglion [flexi's botulasm lens mix],presets-extra,476,,2026-07-16,
[EXP] martin - basal ganglion [flexi's plasma lens mix],presets-extra,476,,2026-07-16,
[EXP] martin - charming tiles [multi shapes rebuild],presets-extra,476,,2026-07-16,
[EXP] martin - deep blue [flexi's lateralus plasma lens mix],presets-extra,476,,2026-07-16,
[EXP] martin - diabolo - flx intrepid schatuche,presets-extra,476,,2026-07-16,
[EXP] martin - diabolo - flx intrepid schatuche dzaemiael,presets-extra,476,,2026-07-16,
[EXP] martin - fresco flash - bittre sweat vatches of knight,presets-extra,476,,2026-07-16,
[EXP] martin - fresco flash - cainlien,presets-extra,476,,2026-07-16,
[EXP] martin - fresco flash - chim hairrow,presets-extra,476,,2026-07-16,
[EXP] martin - fresco flash - cumsy myth,presets-extra,476,,2026-07-16,
[EXP] martin - fresco flash - defering metabolit,presets-extra,476,,2026-07-16,
[EXP] martin - fresco flash - flx,presets-extra,476,,2026-07-16,
[EXP] martin - fresco flash - fullyotics,presets-extra,476,,2026-07-16,
[EXP] martin - fresco flash - i know i want you to want it,presets-extra,476,,2026-07-16,
[EXP] martin - fresco flash - kwunt,presets-extra,476,,2026-07-16,
[EXP] martin - fresco flash - lane hung,presets-extra,476,,2026-07-16,
[EXP] martin - fresco flash - mbustaerd,presets-extra,476,,2026-07-16,
[EXP] martin - fresco flash - mbustaerd mirror,presets-extra,476,,2026-07-16,
[EXP] martin - fresco flash - meat layer,presets-extra,476,,2026-07-16,
[EXP] martin - fresco flash - meat layer roam,presets-extra,476,,2026-07-16,
[EXP] martin - fresco flash - quarrel reefer,presets-extra,476,,2026-07-16,
[EXP] martin - fresco flash - resin hat,presets-extra,476,,2026-07-16,
[EXP] martin - fresco flash - rt2 - grey budget (forgiveness through alienation),presets-extra,476,,2026-07-16,
[EXP] martin - fresco flash - situ lithe,presets-extra,476,,2026-07-16,
[EXP] martin - fresco flash - special deffex,presets-extra,476,,2026-07-16,
[EXP] martin - fresco flash - special deffex roam,presets-extra,476,,2026-07-16,
[EXP] martin - glass corridor - obsidian glass,presets-extra,477,,2026-07-16,
[EXP] martin - glass corridor - obsidian glass - pointless scrunching,presets-extra,477,,2026-07-16,
[EXP] martin - invasion,presets-extra,477,,2026-07-16,
[EXP] martin - mucus cervix,presets-extra,477,,2026-07-16,
[EXP] martin - neon space ps2 (ati fix) - yaqui graph - flx cuntfood nz+ binglaordth,presets-extra,477,,2026-07-16,
[EXP] martin - pattern addictive paranoia machine aeltraspaerm,presets-extra,478,,2026-07-16,
[EXP] martin - skywards - wadded up multiverse,presets-extra,478,,2026-07-16,
[EXP] md metamodel for entertainment (left and right-brained),presets-extra,478,,2026-07-16,
"[EXP] milkdrop 3.0 - because of suksma, geiss deems mashing a failed feature and banishes it",presets-extra,479,,2026-07-16,
[EXP] more qoinz cep,presets-extra,480,,2026-07-16,
[EXP] more qoinz proqupoint,presets-extra,480,,2026-07-16,
[EXP] more qoinz proqupoint subtextual etchingth,presets-extra,480,,2026-07-16,
[EXP] mrt flx jumbo coinpurse,presets-extra,480,,2026-07-16,
[EXP] never trust bdrv martin or flexi,presets-extra,480,,2026-07-16,
[EXP] no end to quality ov devvo bunglyou whorse,presets-extra,481,,2026-07-16,
[EXP] nongasm,presets-extra,481,,2026-07-16,
[EXP] nongasm - rooked corcus crotch,presets-extra,481,,2026-07-16,
[EXP] oink,presets-extra,481,,2026-07-16,
[EXP] porcelain list - brown knoat,presets-extra,484,,2026-07-16,
[EXP] porschean,presets-extra,484,,2026-07-16,
[EXP] procreate with anti-leather,presets-extra,484,,2026-07-16,
[EXP] procreate with anti-leather - booger preset,presets-extra,484,,2026-07-16,
[EXP] procreate with anti-leather - booger preset nz+,presets-extra,484,,2026-07-16,
[EXP] procreate with anti-leather - enter exit house skuang nglock tuangk superposispun,presets-extra,484,,2026-07-16,
[EXP] procreate with anti-leather - enter house of buNeng guanXin,presets-extra,484,,2026-07-16,
"[EXP] procreate with anti-leather - enter house of buNeng guanXin if i were smarts, i'd dies rights now",presets-extra,484,,2026-07-16,
[EXP] procreate with anti-leather - enter house of meiYige ren qu ziSha,presets-extra,484,,2026-07-16,
[EXP] procreate with anti-leather - exit house beng cheng luo,presets-extra,484,,2026-07-16,
[EXP] procreate with anti-leather - exit house blow bowel (cao shi siWang),presets-extra,484,,2026-07-16,
[EXP] procreate with anti-leather - exit house chaos hate (hen kong tian),presets-extra,484,,2026-07-16,
[EXP] procreate with anti-leather - exit house grease fire brains (huo deng jie),presets-extra,484,,2026-07-16,
[EXP] procreate with anti-leather - exit house grease fire brains (huo deng jie) - flx shf ap3,presets-extra,484,,2026-07-16,
[EXP] procreate with anti-leather - exit house grease fire brains (huo deng jie) - flx shf ap3 azzhulls,presets-extra,484,,2026-07-16,
[EXP] procreate with anti-leather - exit house grease fire brains (huo deng jie) nz+,presets-extra,484,,2026-07-16,
[EXP] procreate with anti-leather - exit house liber resh (dong tian si),presets-extra,484,,2026-07-16,
[EXP] procreate with anti-leather - exit house long neng kit,presets-extra,484,,2026-07-16,
[EXP] procreate with anti-leather - exit house long neng kit nz+ sorry i'm so relatively medioore,presets-extra,484,,2026-07-16,
[EXP] procreate with anti-leather - exit house nepitism naive (boing claon jingShui),presets-extra,484,,2026-07-16,
[EXP] procreate with anti-leather - finished eating sire,presets-extra,484,,2026-07-16,
[EXP] procreate with anti-leather - i am talking to a severed head and about to go completely flywheel loose nuts,presets-extra,484,,2026-07-16,
[EXP] procreate with anti-leather - i am talking to a severed head and about to go completely flywheel loose nuts give paws for animals,presets-extra,484,,2026-07-16,
[EXP] procreate with anti-leather - i am talking to a severed head and about to go completely flywheel loose nuts give paws for animals2,presets-extra,484,,2026-07-16,
[EXP] procreate with anti-leather - possess house crooked orcus rot (bling nong jiNu),presets-extra,484,,2026-07-16,
[EXP] qanqre psewre,presets-extra,484,,2026-07-16,
[EXP] qanqre psewre nz+,presets-extra,484,,2026-07-16,
[EXP] qanqre psewre nz+ brijre,presets-extra,484,,2026-07-16,
"[EXP] qanqre psewre nz+ down with monogamy, hell, down with gametes",presets-extra,484,,2026-07-16,
[EXP] qanqre psewre nz+ mbobile polips eweniche,presets-extra,484,,2026-07-16,
[EXP] qanqre psewre nz+ tea ain A.A,presets-extra,484,,2026-07-16,
[EXP] random mash-up round 57,presets-extra,486,,2026-07-16,
[EXP] re-pissintegracious flx roams disintegraphemal,presets-extra,487,,2026-07-16,
"[EXP] salvia with chip harris - be sensitive, it amplifies and distorts the smallest detail",presets-extra,488,,2026-07-16,
[EXP] salvia with chip harris - don't let them keep us disconnected,presets-extra,488,,2026-07-16,
[EXP] salvia with chip harris - game show ashen face border portal mundane body re-entry - i just remembered what we were doing,presets-extra,488,,2026-07-16,
[EXP] salvia with chip harris - the smell and taste of the smoke ruin too much,presets-extra,488,,2026-07-16,
[EXP] salvia with chip harris - the vunerability and gain of losing your identity,presets-extra,488,,2026-07-16,
"[EXP] salvia with chip harris - who the fuck am i, oh yeah, god i don't want to go back there",presets-extra,488,,2026-07-16,
[EXP] sexually repressed americans - more martin movement4 - spun into parastole,presets-extra,489,,2026-07-16,
[EXP] sheathes,presets-extra,489,,2026-07-16,
[EXP] sheathes nz,presets-extra,489,,2026-07-16,
[EXP] shifter + Flexi - liquid circuitry from the pataoblivion hive cute turtle bun nz+ r letting people walk all over you as a form of manipulation and fun,presets-extra,490,,2026-07-16,
[EXP] shifter + flexi - american pie 1,presets-extra,490,,2026-07-16,
[EXP] shifter + flexi - american pie 2,presets-extra,490,,2026-07-16,
[EXP] shifter + flexi - american pie 3,presets-extra,490,,2026-07-16,
[EXP] shifter + flexi - american pie 4,presets-extra,490,,2026-07-16,
[EXP] shifter + flexi - american pie 4 nz+,presets-extra,490,,2026-07-16,
[EXP] shifter + flexi - american pie 4 nz+2,presets-extra,490,,2026-07-16,
[EXP] shifter + flexi - american pie 4 nz+3,presets-extra,490,,2026-07-16,
[EXP] shifter + flexi - american pie 5,presets-extra,490,,2026-07-16,
[EXP] shifter + flexi - american pie 5 nz+,presets-extra,490,,2026-07-16,
[EXP] shifter + flexi - american pie 5 nz+ m2,presets-extra,490,,2026-07-16,
[EXP] shifter + flexi - american pie 5 nz+ m3 w10,presets-extra,490,,2026-07-16,
[EXP] shifter + flexi - american pie 5 nz+ m3 w14,presets-extra,490,,2026-07-16,
[EXP] shifter + flexi - american pie artifactory,presets-extra,490,,2026-07-16,
[EXP] shifter + flexi - american pie artifactory - never contribute,presets-extra,490,,2026-07-16,
[EXP] shifter + flexi - american pie artifactory lugubrianna,presets-extra,490,,2026-07-16,
[EXP] shifter - a thousand monkeys_phat_edit(Redi Jedi's wake up neo V2 warp)_Phat_Center_Edit,presets-extra,490,,2026-07-16,
[EXP] shifter - araignee,presets-extra,490,,2026-07-16,
[EXP] shifter - araignee exorcyst,presets-extra,490,,2026-07-16,
[EXP] shifter - ariagnee 2,presets-extra,491,,2026-07-16,
[EXP] shifter - crosshatch colony beta6 - colloidal satanism nz+ poo,presets-extra,492,,2026-07-16,
[EXP] shifter - digi (swarm),presets-extra,493,,2026-07-16,
[EXP] shifter - eye of the world,presets-extra,493,,2026-07-16,
[EXP] shifter - fractal cloud redblue,presets-extra,493,,2026-07-16,
[EXP] shifter - lattice (eclipse) Phat + Eo.S. more color mix,presets-extra,493,,2026-07-16,
"[EXP] shifter - lattice (eclipse) Phat + Eo.S. more color mix - mash0000 - pencil me in, you dick",presets-extra,493,,2026-07-16,
[EXP] shifter - lightning cloud,presets-extra,493,,2026-07-16,
[EXP] shifter - old gold,presets-extra,494,,2026-07-16,
[EXP] shifter - phasm wraith - hateful dance of poison healing,presets-extra,494,,2026-07-16,
[EXP] shifter - rain on the water,presets-extra,494,,2026-07-16,
[EXP] shifter - spincycle(remix) - love at home - vedic scintilgaschm,presets-extra,495,,2026-07-16,
[EXP] shifter - whiteopal glimmer - 1-ret flx,presets-extra,495,,2026-07-16,
[EXP] shifter - whiteopal glimmer - flx insane psychlopaein formations - practice in theory,presets-extra,495,,2026-07-16,
[EXP] shifter - whiteopal glimmer - flx insane psychlopaein formations - practice in theory xfr+,presets-extra,495,,2026-07-16,
[EXP] shifter - whiteopal glimmer - flx insane psychlopaein formations - xenarch of the kovenand gate,presets-extra,495,,2026-07-16,
[EXP] shifter - whiteopal glimmer - flx insane psychlopaein formations - xenarch of the kovenand gate - bloap,presets-extra,495,,2026-07-16,
[EXP] shifter - whiteopal glimmer - flx insane psychlopaein formations - xenarch of the kovenand gate - bloap nz+,presets-extra,495,,2026-07-16,
[EXP] shifter - whiteopal glimmer - flx insane psychlopaein formations - xenarch of the kovenand gate - bloap nz+ slawsage,presets-extra,495,,2026-07-16,
[EXP] shifter - whiteopal glimmer - flx insane psychlopaein formations - xenarch of the kovenand gate - bloap roams,presets-extra,495,,2026-07-16,
[EXP] shifter - whiteopal glimmer - flx insane psychlopaein formations - xenarch of the kovenand gate - engineering slavery,presets-extra,495,,2026-07-16,
[EXP] shifter - whiteopal glimmer - flx insane psychlopaein formations - xenarch of the kovenand gate - engineering slavery nz,presets-extra,495,,2026-07-16,
[EXP] shifter - whiteopal glimmer - flx insane psychlopaein formations - xenarch of the kovenand gate - engineering slavery nz+,presets-extra,495,,2026-07-16,
[EXP] shifter - whiteopal glimmer - flx insane psychlopaein formations - xenarch of the kovenand gate - engineering slavery nz+ ap5+,presets-extra,495,,2026-07-16,
[EXP] shifter - whiteopal glimmer - flx insane psychlopaein formations - xenarch of the kovenand gate - engineering slavery roam,presets-extra,495,,2026-07-16,
[EXP] shifter - whiteopal glimmer - flx insane psychlopaein formations - xenarch of the kovenand gate - tocksik liquid fear,presets-extra,495,,2026-07-16,
[EXP] shifter - whiteopal glimmer - flx insane psychlopaein formations - xenarch of the kovenand gate - tocksik liquid fear nz+ all reminder to not think (interruption theory),presets-extra,495,,2026-07-16,
[EXP] shifter - whiteopal glimmer - flx insane psychlopaein formations - xenarch of the kovenand gate - tocksik liquid fear roam3-,presets-extra,495,,2026-07-16,
[EXP] shifter - whiteopal glimmer - flx insane psychlopaein formations - xenarch of the kovenand gate - tocksik liquid fear roam3- nz+,presets-extra,495,,2026-07-16,
[EXP] shifter - whiteopal glimmer - flx insane psychlopaein formations - xenarch of the kovenand gate roam3-,presets-extra,495,,2026-07-16,
"[EXP] shifter, flexi + amandio c - organic escape roams + ass feature",presets-extra,495,,2026-07-16,
"[EXP] shifter, flexi + amandio c - organic escape roams + crap",presets-extra,495,,2026-07-16,
"[EXP] shifter, flexi + amandio c - organic escape roams + crap nz+",presets-extra,495,,2026-07-16,
"[EXP] shifter, flexi + amandio c - organic escape roams + crap nz+ r",presets-extra,495,,2026-07-16,
"[EXP] shifter, geiss + flexi -  sinews dark tides vs. filtered wave analyzer",presets-extra,495,,2026-07-16,
[EXP] skipper skipper kiss me hard,presets-extra,495,,2026-07-16,
[EXP] skipper skipper kiss me hard - a newness of infinite pleasure in true love,presets-extra,495,,2026-07-16,
[EXP] skipper skipper kiss me hard - a newness of infinite pleasure in true love roams,presets-extra,495,,2026-07-16,
"[EXP] skipper skipper kiss me hard - if it weren't for you wonderful role playing 'people' parts of my solipsistic overmind, i'd be ungrateful",presets-extra,495,,2026-07-16,
[EXP] skipper skipper kiss me hard - it's either an audience with surprise or total control in solitude,presets-extra,495,,2026-07-16,
"[EXP] skipper skipper kiss me hard - praise, thanks, love",presets-extra,496,,2026-07-16,
"[EXP] skipper skipper kiss me hard - praise, thanks, love openfarmtech is for faggots",presets-extra,496,,2026-07-16,
[EXP] skipper skipper kiss me hard - slut warm,presets-extra,496,,2026-07-16,
[EXP] skipper skipper kiss me hard - slut warm roam3,presets-extra,496,,2026-07-16,
[EXP] skipper skipper kiss me hard - thank god for martin nitorami - a rip in mommy's underwear threx aural,presets-extra,496,,2026-07-16,
[EXP] skipper skipper kiss me hard - thank god for martin nitorami - a rip in mommy's underwear threx aural fuckstick  shouldn'ting,presets-extra,496,,2026-07-16,
[EXP] skipper skipper kiss me hard - thank god for martin nitorami - a rip in mommy's underwear threx aural fuckstick mix,presets-extra,496,,2026-07-16,
[EXP] skipper skipper kiss me hard - thank god for martin nitorami - a rip in mommy's underwear threx bureaucracy extending beyond this life,presets-extra,496,,2026-07-16,
[EXP] skipper skipper kiss me hard - thank god for martin nitorami - a rip in mommy's underwear threx in a position to destroy,presets-extra,496,,2026-07-16,
[EXP] skipper skipper kiss me hard - thank god for martin nitorami - tgfmn as viewed from crotch,presets-extra,496,,2026-07-16,
[EXP] skipper skipper kiss me hard - thank god for martin nitorami - tgfmn as viewed from crotch nz+,presets-extra,496,,2026-07-16,
[EXP] skipper skipper kiss me hard - thank god for martin nitorami - tgfmn as viewed from crotch slap it,presets-extra,496,,2026-07-16,
[EXP] skipper skipper kiss me hard - thank god for martin nitorami - tgfmn2,presets-extra,496,,2026-07-16,
[EXP] skipper skipper kiss me hard - thank god for martin nitorami - tgfmn2 nz+,presets-extra,496,,2026-07-16,
[EXP] skipper skipper kiss me hard - thank god for martin nitorami - tgfmn3 spotwelding woman labor prana blouse,presets-extra,496,,2026-07-16,
[EXP] skipper skipper kiss me hard - thank god for martin nitorami - tgfmn3 spotwelding woman labor sabbat mandtha,presets-extra,496,,2026-07-16,
[EXP] skipper skipper kiss me hard - thank god for martin nitorami - tgfmn4 evil bade me consume,presets-extra,496,,2026-07-16,
[EXP] skipper skipper kiss me hard - thank god for martin nitorami - tgfmn5 wraith for faith,presets-extra,496,,2026-07-16,
"[EXP] skipper skipper kiss me hard - thank god for martin nitorami - tgfmn5 wraith for faith nz+ i die, no one even knows",presets-extra,496,,2026-07-16,
"[EXP] skipper skipper kiss me hard - tripgnosis, cum circumlocute with me nz+ dunkey slosh",presets-extra,496,,2026-07-16,
[EXP] skipper skipper kiss me hard ap4+,presets-extra,496,,2026-07-16,
[EXP] solvencyst,presets-extra,496,,2026-07-16,
[EXP] stahlregen + flexi + goody + martin + others - forced conformity,presets-extra,497,,2026-07-16,
[EXP] stahlregen + flexi + goody + martin + others - frosted fractals [moebius'ed],presets-extra,497,,2026-07-16,
[EXP] stbenge - water_C - my useless medelings4 roam3 lossless entropy nz+ flx fowntin,presets-extra,497,,2026-07-16,
[EXP] stbenge - water_C - my useless medelings4 roam3 lossless entropy nz+ flx weird box (strang pussy),presets-extra,497,,2026-07-16,
[EXP] stbenge - water_C - my useless medelings4 roam3 lossless entropy nz+ pharmbaeckolijezeus,presets-extra,497,,2026-07-16,
[EXP] stbenge - water_C - my useless medelings4 roam3 lossless entropy nz+ pharmbaeckolijezeus aural,presets-extra,497,,2026-07-16,
[EXP] stbenge - water_C - my useless medelings4 roam3 lossless entropy nz+ pharmbaeckolijezeus aural raped,presets-extra,498,,2026-07-16,
[EXP] stbenge - water_C - my useless medelings4 roam3 lossless entropy nz+ pharmbaeckolijezeus speciesqollapsth,presets-extra,498,,2026-07-16,
[EXP] stbenge - water_C - my useless medelings4 roam3 lossless entropy nz+ thorn crown for believers,presets-extra,498,,2026-07-16,
[EXP] stupid mash3,presets-extra,498,,2026-07-16,
"[EXP] suksma + cop,flx,mrt - occult owls",presets-extra,498,,2026-07-16,
"[EXP] suksma + cop,flx,mrt - snow leopard",presets-extra,498,,2026-07-16,
[EXP] suksma + hexcollie goody geiss rism - bandolyrock slopinterseptic caloricrack dumpiretch,presets-extra,498,,2026-07-16,
[EXP] suksma + hexcollie goody geiss rism - clamplified chopperpetual bolemicrofoam etchaschlep,presets-extra,498,,2026-07-16,
[EXP] suksma + hexcollie goody geiss rism - exosluthiarctic clambiphodant macklomorrison,presets-extra,498,,2026-07-16,
[EXP] suksma - Krash & Rovastar - Altars of Madness (Mad Ocean Mix) - lofted guts nz+ blinking fish oiye,presets-extra,501,,2026-07-16,
"[EXP] suksma - Krash & Rovastar - Altars of Madness (Mad Ocean Mix) - lofted guts nz+ mike ditka, father of all things",presets-extra,501,,2026-07-16,
[EXP] suksma - Zylot - Digitize (Geiss Relief Mix) - mash0000 - coral rake patent pending nz+ bob lazar,presets-extra,502,,2026-07-16,
[EXP] suksma - Zylot - Digitize (Geiss Relief Mix) - mash0000 - coral rake patent pending nz+ bob lazar infinitely long infinitely thin ramrod,presets-extra,502,,2026-07-16,
[EXP] suksma - Zylot - Digitize (Geiss Relief Mix) - mash0000 - coral rake patent pending nz+ i am a mega-moron,presets-extra,502,,2026-07-16,
"[EXP] suksma - Zylot - Digitize (Geiss Relief Mix) - mash0000 - coral rake patent pending nz+ yesyesyes, a mind shattering glimpse into the atonement of christ",presets-extra,502,,2026-07-16,
[EXP] suksma - all thoughts horror,presets-extra,503,,2026-07-16,
[EXP] suksma - all thoughts horror - mess,presets-extra,503,,2026-07-16,
[EXP] suksma - amoebic remateria recalcitrance,presets-extra,503,,2026-07-16,
[EXP] suksma - ancient tesseractism - funcertaintea,presets-extra,503,,2026-07-16,
[EXP] suksma - anglo saxon penis tub,presets-extra,503,,2026-07-16,
"[EXP] suksma - as for me, i take medicines - 1-ret",presets-extra,503,,2026-07-16,
[EXP] suksma - binary black hole hyper nova,presets-extra,504,,2026-07-16,
[EXP] suksma - bose einstein sublimate stuporfluid schtickma tick,presets-extra,504,,2026-07-16,
[EXP] suksma - bose einstein sublimate stuporfluid schtickma tick2,presets-extra,504,,2026-07-16,
[EXP] suksma - bound to heathen aesthetic,presets-extra,504,,2026-07-16,
[EXP] suksma - box of fried chicken for fiona applet,presets-extra,504,,2026-07-16,
[EXP] suksma - cheeky ballstical whorizone,presets-extra,505,,2026-07-16,
[EXP] suksma - childish obsession with your pain,presets-extra,506,,2026-07-16,
"[EXP] suksma - circle of the taeyrunts, each holding a farm implement",presets-extra,506,,2026-07-16,
"[EXP] suksma - circle of the taeyrunts, each holding a farm implement roam2-,3- pray for your enemies",presets-extra,506,,2026-07-16,
[EXP] suksma - collated centers of gravity impaired,presets-extra,507,,2026-07-16,
"[EXP] suksma - compelled me to mash, the bastard - aentekuait",presets-extra,507,,2026-07-16,
"[EXP] suksma - compelled me to mash, the bastard - bmelgpelled",presets-extra,508,,2026-07-16,
"[EXP] suksma - compelled me to mash, the bastard - chrononmetric greed",presets-extra,508,,2026-07-16,
"[EXP] suksma - compelled me to mash, the bastard - float mesuccudusa",presets-extra,508,,2026-07-16,
"[EXP] suksma - compelled me to mash, the bastard - forest breeze",presets-extra,508,,2026-07-16,
"[EXP] suksma - compelled me to mash, the bastard - head shift succubi",presets-extra,508,,2026-07-16,
"[EXP] suksma - compelled me to mash, the bastard - insane graphic novel",presets-extra,508,,2026-07-16,
"[EXP] suksma - compelled me to mash, the bastard - negation",presets-extra,508,,2026-07-16,
"[EXP] suksma - compelled me to mash, the bastard - negation - 130 deg flame sublimates tungsten",presets-extra,508,,2026-07-16,
"[EXP] suksma - compelled me to mash, the bastard - newsprint",presets-extra,508,,2026-07-16,
"[EXP] suksma - compelled me to mash, the bastard - stray into left hand path",presets-extra,508,,2026-07-16,
"[EXP] suksma - constant retaliation, our retarded though fun evolutionary heritage",presets-extra,508,,2026-07-16,
[EXP] suksma - demon kumz thru u,presets-extra,508,,2026-07-16,
[EXP] suksma - ed geining hateops - aboreal dipschite,presets-extra,510,,2026-07-16,
[EXP] suksma - ed geining hateops - aim fa seem ah,presets-extra,510,,2026-07-16,
[EXP] suksma - ed geining hateops - aim fa seem ah nz,presets-extra,510,,2026-07-16,
[EXP] suksma - ed geining hateops - another to make it all your life,presets-extra,510,,2026-07-16,
[EXP] suksma - ed geining hateops - before you pine away,presets-extra,510,,2026-07-16,
[EXP] suksma - ed geining hateops - botborgial cockmaster,presets-extra,510,,2026-07-16,
[EXP] suksma - ed geining hateops - dutch oven,presets-extra,510,,2026-07-16,
[EXP] suksma - ed geining hateops - flx alien misfire entanglement,presets-extra,510,,2026-07-16,
[EXP] suksma - ed geining hateops - flx artistic busy work isn't so bad,presets-extra,510,,2026-07-16,
[EXP] suksma - ed geining hateops - flx entertainment value extremist nz+,presets-extra,510,,2026-07-16,
[EXP] suksma - ed geining hateops - flx entertainment value extremist nz+2,presets-extra,510,,2026-07-16,
[EXP] suksma - ed geining hateops - flx entertainment value extremist roam3,presets-extra,510,,2026-07-16,
"[EXP] suksma - ed geining hateops - flx everything is wishing, everything is spinning",presets-extra,510,,2026-07-16,
"[EXP] suksma - ed geining hateops - flx everything is wishing, everything is spinning roam nz+ hooking itself to the inner lining",presets-extra,510,,2026-07-16,
[EXP] suksma - ed geining hateops - flx extra sick,presets-extra,510,,2026-07-16,
[EXP] suksma - ed geining hateops - flx i cover myself with gears - tokholfuckbudfusfest,presets-extra,510,,2026-07-16,
[EXP] suksma - ed geining hateops - flx i want to be marriage bane prenatal postnasal drape,presets-extra,510,,2026-07-16,
"[EXP] suksma - ed geining hateops - flx i want you, i'm sick with you ap4+ i rub and cum all over your luscious luxurious body",presets-extra,510,,2026-07-16,
[EXP] suksma - ed geining hateops - flx it's possible pig - grey budget,presets-extra,510,,2026-07-16,
[EXP] suksma - ed geining hateops - flx maggotillion nz+ zyl,presets-extra,510,,2026-07-16,
[EXP] suksma - ed geining hateops - flx matilda roam3,presets-extra,510,,2026-07-16,
[EXP] suksma - ed geining hateops - flx matilda roam3-,presets-extra,510,,2026-07-16,
[EXP] suksma - ed geining hateops - flx monochromatic joi - 1-ret compositasm,presets-extra,510,,2026-07-16,
[EXP] suksma - ed geining hateops - flx squeakers,presets-extra,510,,2026-07-16,
[EXP] suksma - ed geining hateops - govearn,presets-extra,510,,2026-07-16,
[EXP] suksma - ed geining hateops - i do kill all,presets-extra,510,,2026-07-16,
[EXP] suksma - ed geining hateops - i will break me,presets-extra,510,,2026-07-16,
[EXP] suksma - ed geining hateops - labia paintings,presets-extra,510,,2026-07-16,
[EXP] suksma - ed geining hateops - labia paintings cpe mck,presets-extra,510,,2026-07-16,
[EXP] suksma - ed geining hateops - linux finger,presets-extra,510,,2026-07-16,
[EXP] suksma - ed geining hateops - oyster goat,presets-extra,510,,2026-07-16,
[EXP] suksma - ed geining hateops - oyster goat nz puka mama puka papa,presets-extra,510,,2026-07-16,
[EXP] suksma - ed geining hateops - oyster goat nz puka mama puka papa2,presets-extra,510,,2026-07-16,
[EXP] suksma - ed geining hateops - oyster goat nz+ evil anus disease,presets-extra,510,,2026-07-16,
[EXP] suksma - ed geining hateops - prime numbers are assholes,presets-extra,510,,2026-07-16,
[EXP] suksma - ed geining hateops - soybean oil,presets-extra,510,,2026-07-16,
[EXP] suksma - ed geining hateops - spud dimensio,presets-extra,510,,2026-07-16,
[EXP] suksma - ed geining hateops - wizards and warriors I level II,presets-extra,510,,2026-07-16,
[EXP] suksma - enter house of ah dou ga,presets-extra,510,,2026-07-16,
[EXP] suksma - enter house of cang wang shuai,presets-extra,510,,2026-07-16,
[EXP] suksma - enter house of fieng mangt mbvei,presets-extra,510,,2026-07-16,
[EXP] suksma - enter house of fieng mangt mbvei nz+,presets-extra,510,,2026-07-16,
[EXP] suksma - enter house of gan xing gan,presets-extra,510,,2026-07-16,
[EXP] suksma - enter house of gla gla kwoong,presets-extra,510,,2026-07-16,
[EXP] suksma - enter house of gu chong cei,presets-extra,510,,2026-07-16,
[EXP] suksma - enter house of huo fei ding,presets-extra,510,,2026-07-16,
[EXP] suksma - enter house of long shai ngloa,presets-extra,510,,2026-07-16,
[EXP] suksma - enter house of long shai ngloa - rutile,presets-extra,510,,2026-07-16,
[EXP] suksma - enter house of long shai ngloa roam,presets-extra,511,,2026-07-16,
[EXP] suksma - enter house of mo pi ya,presets-extra,511,,2026-07-16,
[EXP] suksma - enter house of mu hu lang,presets-extra,511,,2026-07-16,
[EXP] suksma - enter house of nian ben ning,presets-extra,511,,2026-07-16,
[EXP] suksma - enter house of pai luo gen,presets-extra,511,,2026-07-16,
[EXP] suksma - enter house of pang bai jeit,presets-extra,511,,2026-07-16,
[EXP] suksma - enter house of ping ran shuang,presets-extra,511,,2026-07-16,
[EXP] suksma - enter house of sluar dink tangd,presets-extra,511,,2026-07-16,
[EXP] suksma - enter house of sluar dink tangd dt r3,presets-extra,511,,2026-07-16,
[EXP] suksma - enter house of sluar dink tangd dt r3 nz+ dunkey slosh,presets-extra,511,,2026-07-16,
[EXP] suksma - enter house of swan val di,presets-extra,511,,2026-07-16,
[EXP] suksma - enter house of tuo sui lin,presets-extra,511,,2026-07-16,
[EXP] suksma - enter house of yin lu cu,presets-extra,511,,2026-07-16,
[EXP] suksma - fame is fore ache click tech,presets-extra,511,,2026-07-16,
[EXP] suksma - fame is fore ache click tech - aethermedic,presets-extra,511,,2026-07-16,
[EXP] suksma - fame is fore ache click tech - aethermedic - 1-ret,presets-extra,511,,2026-07-16,
"[EXP] suksma - fame is fore ache click tech - and he spake, saying 'rape it all'",presets-extra,511,,2026-07-16,
[EXP] suksma - fame is fore ache click tech - arch ass,presets-extra,511,,2026-07-16,
[EXP] suksma - fame is fore ache click tech - korn knutz,presets-extra,511,,2026-07-16,
[EXP] suksma - fame is fore ache click tech - pus kat,presets-extra,511,,2026-07-16,
[EXP] suksma - fame is fore ache click tech - saved from your consciousness,presets-extra,511,,2026-07-16,
[EXP] suksma - fame is fore ache click tech - thee phair,presets-extra,511,,2026-07-16,
[EXP] suksma - fame is fore ache click tech - thee pharm,presets-extra,511,,2026-07-16,
[EXP] suksma - fame is fore ache click tech2,presets-extra,511,,2026-07-16,
[EXP] suksma - fame is fore ache click tech3,presets-extra,511,,2026-07-16,
[EXP] suksma - farming equipment,presets-extra,511,,2026-07-16,
[EXP] suksma - farming equipment + demonlord - err on the side of non-exist,presets-extra,511,,2026-07-16,
[EXP] suksma - farming equipment - fort sheemie,presets-extra,511,,2026-07-16,
[EXP] suksma - farming equipment - ice shower roams,presets-extra,511,,2026-07-16,
[EXP] suksma - farming equipment - palsy necro radish,presets-extra,511,,2026-07-16,
[EXP] suksma - farming equipment - spun of a ngditch,presets-extra,511,,2026-07-16,
[EXP] suksma - farming equipment - spun of a ngditch - mrt flacc i am here to heal you,presets-extra,511,,2026-07-16,
[EXP] suksma - feign shoulder concern when i should be executed nz+ kill me before i initiate eschaton,presets-extra,512,,2026-07-16,
"[EXP] suksma - fiber - more energy, more gas, more sleep, rug pug",presets-extra,513,,2026-07-16,
[EXP] suksma - finitive psykroe,presets-extra,513,,2026-07-16,
[EXP] suksma - flexi - 3d mosaic glass test - mash0000 - 9d tuscan slop ram,presets-extra,513,,2026-07-16,
[EXP] suksma - flexi - particle fountain [leakage mix] - lofted guts,presets-extra,513,,2026-07-16,
[EXP] suksma - flim flam on her terms,presets-extra,514,,2026-07-16,
[EXP] suksma - foraging for pain golem goad,presets-extra,514,,2026-07-16,
[EXP] suksma - g-martin m-aderrasi w-m wp-m c-m - sledful of corpses for furniture (exoskelechairmen)2,presets-extra,514,,2026-07-16,
[EXP] suksma - g-martin m-aderrasi w-m wp-m c-m - sledful of corpses for furniture (exoskelechairmen)2 - j4+,presets-extra,514,,2026-07-16,
[EXP] suksma - g-martin m-m w-xxx wp-m c-m - enter mcmansions of nga nga hu,presets-extra,515,,2026-07-16,
[EXP] suksma - g-roos sm m-zylo+ w-fves ttfs wp-xxx c-mart xxx - wield weirding waeyste,presets-extra,515,,2026-07-16,
[EXP] suksma - g-xxx m-x w-x wp-martin c-x - morality is an illusion because it could all end tomorrow in chaos and anarchy,presets-extra,515,,2026-07-16,
"[EXP] suksma - g-xxx m-x w-x wp-martin c-x - morality is an illusion because nothing, especially not humanity, is the center of the omniverse",presets-extra,515,,2026-07-16,
[EXP] suksma - gabe also hate car culture,presets-extra,516,,2026-07-16,
[EXP] suksma - gaeomaentaec - sandalwood grips nz,presets-extra,516,,2026-07-16,
[EXP] suksma - god might as well2 - carboxyll - christ,presets-extra,516,,2026-07-16,
[EXP] suksma - god might as well2 - carboxyll - christ nz+ solarized sgnaex,presets-extra,516,,2026-07-16,
[EXP] suksma - god might as well2 - carboxyll - christ roam3 solarized sgnaex,presets-extra,516,,2026-07-16,
[EXP] suksma - grandfather clock helmets,presets-extra,516,,2026-07-16,
[EXP] suksma - grape dill cream nausea,presets-extra,516,,2026-07-16,
[EXP] suksma - gravsketch - guide,presets-extra,516,,2026-07-16,
"[EXP] suksma - here, you can poo in this wash basin",presets-extra,517,,2026-07-16,
"[EXP] suksma - hexcollie - knotwork2 - mash0000 - the sky is full of alien craft, i need groceries",presets-extra,517,,2026-07-16,
[EXP] suksma - high res pic of a skunk bowel,presets-extra,517,,2026-07-16,
[EXP] suksma - hogs,presets-extra,517,,2026-07-16,
[EXP] suksma - hogs - brink,presets-extra,517,,2026-07-16,
[EXP] suksma - hogs - brink - snuff of loathe of crust,presets-extra,517,,2026-07-16,
[EXP] suksma - hogs - brink - snuff of love of cuss,presets-extra,517,,2026-07-16,
[EXP] suksma - hogs - brink - snuff of love of cuss cpe ap4+,presets-extra,517,,2026-07-16,
[EXP] suksma - hogs - complete hog guide,presets-extra,517,,2026-07-16,
[EXP] suksma - hogs - devoid of meaning yet appealingly dead,presets-extra,517,,2026-07-16,
[EXP] suksma - hogs - dog one,presets-extra,517,,2026-07-16,
[EXP] suksma - hogs - dog one - m$2,presets-extra,517,,2026-07-16,
[EXP] suksma - hogs - dog one - m$2 nz+ unhintable distractor vampire contingency,presets-extra,517,,2026-07-16,
[EXP] suksma - hogs - dynamic ball bra,presets-extra,517,,2026-07-16,
[EXP] suksma - hogs - finch,presets-extra,517,,2026-07-16,
[EXP] suksma - hogs - igni,presets-extra,517,,2026-07-16,
[EXP] suksma - hogs - rut,presets-extra,517,,2026-07-16,
[EXP] suksma - hogs - tear out your lungs (malfucktion),presets-extra,517,,2026-07-16,
[EXP] suksma - hogs - tear out your lungs (malfucktion) - couldn't not,presets-extra,517,,2026-07-16,
[EXP] suksma - hogs - ye olde magicks,presets-extra,517,,2026-07-16,
[EXP] suksma - how i became the most useless being,presets-extra,517,,2026-07-16,
[EXP] suksma - how i became the most useless being nz maximally chaotic minimally utilitarian,presets-extra,517,,2026-07-16,
[EXP] suksma - hyper bowl,presets-extra,518,,2026-07-16,
[EXP] suksma - i am a victim of several hounds,presets-extra,518,,2026-07-16,
[EXP] suksma - i love feeling shitty during my vacation time loavthepsyckle,presets-extra,518,,2026-07-16,
[EXP] suksma - i love feeling shitty during my vacation time loavthepsyckle die aug gnos dicke,presets-extra,518,,2026-07-16,
[EXP] suksma - i love feeling shitty during my vacation time loavthepsyckle die aug gnos dicke phlejlinq,presets-extra,518,,2026-07-16,
[EXP] suksma - impossible texture zone in wraipez of wraith ,presets-extra,519,,2026-07-16,
[EXP] suksma - insect coarse hair poizen stingers2,presets-extra,519,,2026-07-16,
[EXP] suksma - intravenously feed the dead to the living,presets-extra,519,,2026-07-16,
[EXP] suksma - intravenously feed the dead to the living fivesum,presets-extra,519,,2026-07-16,
[EXP] suksma - intravenously feed the dead to the living fivesum nz+,presets-extra,519,,2026-07-16,
[EXP] suksma - io,presets-extra,519,,2026-07-16,
[EXP] suksma - junk drawers filled with pipe cleaner,presets-extra,520,,2026-07-16,
[EXP] suksma - klub zodae,presets-extra,520,,2026-07-16,
"[EXP] suksma - klub zodae old yet with martin motion, eeks new novelty",presets-extra,520,,2026-07-16,
"[EXP] suksma - klub zodae old yet with martin motion, eeks new novelty rundr",presets-extra,520,,2026-07-16,
[EXP] suksma - kurled-up dimensions unkurl,presets-extra,521,,2026-07-16,
[EXP] suksma - lafariage,presets-extra,521,,2026-07-16,
[EXP] suksma - lafariage - a prefect place,presets-extra,521,,2026-07-16,
[EXP] suksma - lafariage - awash in black female cum,presets-extra,521,,2026-07-16,
[EXP] suksma - lafariage - dimension ass hug,presets-extra,521,,2026-07-16,
[EXP] suksma - lafariage - dimension ass hug spher nz,presets-extra,521,,2026-07-16,
[EXP] suksma - lafariage - force neutron packing electron orbital exotice,presets-extra,521,,2026-07-16,
[EXP] suksma - lafariage - nympholardriarchical solitciety,presets-extra,521,,2026-07-16,
[EXP] suksma - lafariage - nympholardriarchical solitciety nz,presets-extra,521,,2026-07-16,
[EXP] suksma - lafariage - octalpus,presets-extra,521,,2026-07-16,
[EXP] suksma - lafariage - octalpus heat cannon,presets-extra,521,,2026-07-16,
[EXP] suksma - lafariage - pain t' earl E,presets-extra,521,,2026-07-16,
[EXP] suksma - lafariage - qpq,presets-extra,521,,2026-07-16,
[EXP] suksma - lafariage - qwg,presets-extra,521,,2026-07-16,
[EXP] suksma - lafariage - revel anatomeviscer quahogulate,presets-extra,521,,2026-07-16,
[EXP] suksma - lafariage - rnz,presets-extra,521,,2026-07-16,
[EXP] suksma - lafariage - species pay,presets-extra,521,,2026-07-16,
[EXP] suksma - lafariage - species payst,presets-extra,521,,2026-07-16,
[EXP] suksma - lafariage - swatting the dead flice,presets-extra,521,,2026-07-16,
[EXP] suksma - lafariage - tyme fly blown,presets-extra,521,,2026-07-16,
[EXP] suksma - lafariage - tyme fly blown puffer fish,presets-extra,521,,2026-07-16,
[EXP] suksma - lafariage - where lashings are earned,presets-extra,521,,2026-07-16,
[EXP] suksma - laggregate quaymbastore decredibile,presets-extra,521,,2026-07-16,
[EXP] suksma - lake-gasmic choker,presets-extra,521,,2026-07-16,
[EXP] suksma - lamb lense for addicts,presets-extra,521,,2026-07-16,
[EXP] suksma - left for alive,presets-extra,521,,2026-07-16,
[EXP] suksma - lique,presets-extra,521,,2026-07-16,
[EXP] suksma - lique chique,presets-extra,521,,2026-07-16,
[EXP] suksma - lique chivalrous cloudobsfuqueuera,presets-extra,521,,2026-07-16,
[EXP] suksma - lique kolobic urim and thummim,presets-extra,521,,2026-07-16,
[EXP] suksma - lique me tenders,presets-extra,521,,2026-07-16,
[EXP] suksma - lique2,presets-extra,521,,2026-07-16,
[EXP] suksma - local anchorman eats playing child,presets-extra,522,,2026-07-16,
[EXP] suksma - log spec with phase diff,presets-extra,522,,2026-07-16,
[EXP] suksma - log spec with phase diff - aspect fix1,presets-extra,522,,2026-07-16,
[EXP] suksma - log spec with phase diff - baseball,presets-extra,522,,2026-07-16,
[EXP] suksma - log spec with phase diff - circle jerk,presets-extra,522,,2026-07-16,
[EXP] suksma - log spec with phase diff - for VA baked ham sake,presets-extra,522,,2026-07-16,
[EXP] suksma - log spec with phase diff - for VA baked ham sake2,presets-extra,522,,2026-07-16,
[EXP] suksma - log spec with phase diff - for VA baked ham sake3,presets-extra,522,,2026-07-16,
[EXP] suksma - log spec with phase diff - for aentigamma sake,presets-extra,522,,2026-07-16,
[EXP] suksma - log spec with phase diff - for aentigamma sake2,presets-extra,522,,2026-07-16,
[EXP] suksma - log spec with phase diff - for aentigamma sake3,presets-extra,522,,2026-07-16,
[EXP] suksma - log spec with phase diff - for aentigamma sake4,presets-extra,522,,2026-07-16,
[EXP] suksma - log spec with phase diff - for affair with cable guy sake,presets-extra,522,,2026-07-16,
[EXP] suksma - log spec with phase diff - for aggressive patchwerk sake,presets-extra,522,,2026-07-16,
[EXP] suksma - log spec with phase diff - for anther sake,presets-extra,522,,2026-07-16,
[EXP] suksma - log spec with phase diff - for anther sake2,presets-extra,522,,2026-07-16,
[EXP] suksma - log spec with phase diff - for article VI sake,presets-extra,522,,2026-07-16,
[EXP] suksma - log spec with phase diff - for article VI sake2,presets-extra,522,,2026-07-16,
[EXP] suksma - log spec with phase diff - for back to school sake,presets-extra,522,,2026-07-16,
[EXP] suksma - log spec with phase diff - for bass quet sake,presets-extra,522,,2026-07-16,
[EXP] suksma - log spec with phase diff - for beyond hellp sake,presets-extra,522,,2026-07-16,
[EXP] suksma - log spec with phase diff - for beyond hellp sake2,presets-extra,522,,2026-07-16,
[EXP] suksma - log spec with phase diff - for beyond hellp sake3,presets-extra,522,,2026-07-16,
[EXP] suksma - log spec with phase diff - for black marble slab sake,presets-extra,522,,2026-07-16,
[EXP] suksma - log spec with phase diff - for bomb cloud head sake,presets-extra,522,,2026-07-16,
[EXP] suksma - log spec with phase diff - for bomb cloud head sake rnz,presets-extra,522,,2026-07-16,
[EXP] suksma - log spec with phase diff - for bomb cloud head sake2,presets-extra,522,,2026-07-16,
[EXP] suksma - log spec with phase diff - for bum truant sake,presets-extra,522,,2026-07-16,
[EXP] suksma - log spec with phase diff - for cab fair sake,presets-extra,522,,2026-07-16,
[EXP] suksma - log spec with phase diff - for chalk lye sake,presets-extra,522,,2026-07-16,
[EXP] suksma - log spec with phase diff - for chalk lye sake2,presets-extra,522,,2026-07-16,
[EXP] suksma - log spec with phase diff - for cheesemen sake,presets-extra,522,,2026-07-16,
[EXP] suksma - log spec with phase diff - for cheesemen sake2,presets-extra,522,,2026-07-16,
[EXP] suksma - log spec with phase diff - for claud sake,presets-extra,522,,2026-07-16,
[EXP] suksma - log spec with phase diff - for costco sake,presets-extra,522,,2026-07-16,
[EXP] suksma - log spec with phase diff - for crayfish sake,presets-extra,522,,2026-07-16,
[EXP] suksma - log spec with phase diff - for crayfish sake2,presets-extra,522,,2026-07-16,
[EXP] suksma - log spec with phase diff - for crayfish sake3,presets-extra,522,,2026-07-16,
[EXP] suksma - log spec with phase diff - for crayfish sake4,presets-extra,522,,2026-07-16,
[EXP] suksma - log spec with phase diff - for cripes sake,presets-extra,522,,2026-07-16,
[EXP] suksma - log spec with phase diff - for cumfart sake,presets-extra,522,,2026-07-16,
[EXP] suksma - log spec with phase diff - for floss sake,presets-extra,522,,2026-07-16,
[EXP] suksma - log spec with phase diff - for frat boy sake,presets-extra,522,,2026-07-16,
[EXP] suksma - log spec with phase diff - for gabby crabby sake,presets-extra,522,,2026-07-16,
[EXP] suksma - log spec with phase diff - for gabby crabby sake2,presets-extra,522,,2026-07-16,
[EXP] suksma - log spec with phase diff - for gaindollf sake,presets-extra,522,,2026-07-16,
[EXP] suksma - log spec with phase diff - for krackore sake,presets-extra,522,,2026-07-16,
[EXP] suksma - log spec with phase diff - for kripes sake,presets-extra,522,,2026-07-16,
[EXP] suksma - log spec with phase diff - for kyrkle jyrk sake,presets-extra,522,,2026-07-16,
[EXP] suksma - log spec with phase diff - for lustmord's 'the harrow' sake,presets-extra,522,,2026-07-16,
[EXP] suksma - log spec with phase diff - for mite as vell sake,presets-extra,522,,2026-07-16,
[EXP] suksma - log spec with phase diff - for mushroomhead covers seal sake,presets-extra,522,,2026-07-16,
[EXP] suksma - log spec with phase diff - for mushroomhead covers seal sake ape,presets-extra,522,,2026-07-16,
[EXP] suksma - log spec with phase diff - for patrick kelly sake,presets-extra,522,,2026-07-16,
[EXP] suksma - log spec with phase diff - for patrick kelly sake2,presets-extra,522,,2026-07-16,
[EXP] suksma - log spec with phase diff - for quigly sake,presets-extra,522,,2026-07-16,
[EXP] suksma - log spec with phase diff - for quigly sake - flacc,presets-extra,522,,2026-07-16,
[EXP] suksma - log spec with phase diff - for quigly sake2,presets-extra,522,,2026-07-16,
[EXP] suksma - log spec with phase diff - for ryptonkryte sake,presets-extra,522,,2026-07-16,
[EXP] suksma - log spec with phase diff - for ryptonkryte sake2,presets-extra,522,,2026-07-16,
[EXP] suksma - log spec with phase diff - for ryptonkryte sake3,presets-extra,522,,2026-07-16,
[EXP] suksma - log spec with phase diff - for sewer sake,presets-extra,522,,2026-07-16,
[EXP] suksma - log spec with phase diff - for sewer sake2,presets-extra,522,,2026-07-16,
[EXP] suksma - log spec with phase diff - for spearamint sake,presets-extra,522,,2026-07-16,
[EXP] suksma - log spec with phase diff - for speedy brujo gonzaeles sake,presets-extra,522,,2026-07-16,
[EXP] suksma - log spec with phase diff - for speedy brujo gonzaeles sake2,presets-extra,522,,2026-07-16,
[EXP] suksma - log spec with phase diff - for speedy brujo gonzaeles sake3,presets-extra,522,,2026-07-16,
[EXP] suksma - log spec with phase diff - for thorough breed sake,presets-extra,522,,2026-07-16,
[EXP] suksma - log spec with phase diff - for today sponge sake,presets-extra,522,,2026-07-16,
[EXP] suksma - log spec with phase diff - for tootsie pop sake,presets-extra,522,,2026-07-16,
[EXP] suksma - log spec with phase diff - for tweg sake,presets-extra,522,,2026-07-16,
[EXP] suksma - log spec with phase diff - for unemotional murder sake,presets-extra,522,,2026-07-16,
[EXP] suksma - log spec with phase diff - for vnv hatian sake,presets-extra,522,,2026-07-16,
[EXP] suksma - log spec with phase diff - for vnv hatian sake2,presets-extra,522,,2026-07-16,
[EXP] suksma - log spec with phase diff - for vnv hatian sake2 ap4+,presets-extra,522,,2026-07-16,
[EXP] suksma - log spec with phase diff - for vnv hatian sake2 roams,presets-extra,522,,2026-07-16,
[EXP] suksma - log spec with phase diff - metaphysical tesla bluff call,presets-extra,522,,2026-07-16,
[EXP] suksma - log spec with phase diff - metaphysical tesla bluff call - flacc,presets-extra,522,,2026-07-16,
[EXP] suksma - log spec with phase diff - species pay,presets-extra,522,,2026-07-16,
[EXP] suksma - log spec with phase diff - species pay2,presets-extra,522,,2026-07-16,
[EXP] suksma - log spec with phase diff - unkle saem vantz ewe,presets-extra,522,,2026-07-16,
[EXP] suksma - log spec with phase diff - unkle saem vantz ewe - flacc,presets-extra,522,,2026-07-16,
[EXP] suksma - m nite sham,presets-extra,523,,2026-07-16,
[EXP] suksma - m-martin w-m wp-m c-m - baest megamaggot craem,presets-extra,523,,2026-07-16,
"[EXP] suksma - maggots cleaned the wound, then cleaned you, kazuisian hypocrisy",presets-extra,524,,2026-07-16,
[EXP] suksma - malecular porgy,presets-extra,524,,2026-07-16,
[EXP] suksma - martin - crystal alley - pharis,presets-extra,524,,2026-07-16,
[EXP] suksma - my face is black pus - log,presets-extra,526,,2026-07-16,
[EXP] suksma - name writ in bird do,presets-extra,527,,2026-07-16,
[EXP] suksma - no bottom,presets-extra,528,,2026-07-16,
[EXP] suksma - no bottom - cartoon violence,presets-extra,528,,2026-07-16,
[EXP] suksma - no bottom - creeking execution,presets-extra,528,,2026-07-16,
[EXP] suksma - no bottom - creeking execution2,presets-extra,528,,2026-07-16,
[EXP] suksma - no bottom - hilate frame,presets-extra,528,,2026-07-16,
[EXP] suksma - no bottom - horrification joy,presets-extra,528,,2026-07-16,
[EXP] suksma - no bottom - j4+,presets-extra,528,,2026-07-16,
[EXP] suksma - no bottom - pissestablishment terrorasm,presets-extra,528,,2026-07-16,
[EXP] suksma - okkult lingerie,presets-extra,528,,2026-07-16,
[EXP] suksma - okkult lingerie2,presets-extra,528,,2026-07-16,
[EXP] suksma - omniversal absense,presets-extra,528,,2026-07-16,
[EXP] suksma - out of fuckus newband plays harry partch,presets-extra,528,,2026-07-16,
"[EXP] suksma - phairess weale + mrt,flx - dezi vs dari in hate obligate babysit triplet towrez (kyler sees the other side of addiction)",presets-extra,529,,2026-07-16,
"[EXP] suksma - phairess weale + mrt,flx - weakness of recollection",presets-extra,529,,2026-07-16,
[EXP] suksma - pixie candy rape hell,presets-extra,529,,2026-07-16,
[EXP] suksma - pixie candy rape hell - precipitate out,presets-extra,529,,2026-07-16,
[EXP] suksma - poison quicksilver krakkhen,presets-extra,529,,2026-07-16,
[EXP] suksma - reaches into your will and pulls out an inorganic mass,presets-extra,530,,2026-07-16,
[EXP] suksma - regal apocalyptic nephilim,presets-extra,530,,2026-07-16,
[EXP] suksma - relax corona endorsement,presets-extra,530,,2026-07-16,
[EXP] suksma - sanguine pusletting hateritual - slog,presets-extra,532,,2026-07-16,
[EXP] suksma - satanic teleprompter - impinging on nine equi,presets-extra,532,,2026-07-16,
[EXP] suksma - satanic teleprompter - impinging on nine equi soul flame narcotiq,presets-extra,532,,2026-07-16,
[EXP] suksma - say one good thing,presets-extra,533,,2026-07-16,
[EXP] suksma - sektor leek,presets-extra,533,,2026-07-16,
[EXP] suksma - selenium tremens wow chips,presets-extra,533,,2026-07-16,
[EXP] suksma - serifscious alcovera sequloci,presets-extra,533,,2026-07-16,
[EXP] suksma - slalom gas giant wake tactiction,presets-extra,534,,2026-07-16,
[EXP] suksma - sliding windows into chaos and terror,presets-extra,535,,2026-07-16,
[EXP] suksma - sos - and the an a it,presets-extra,535,,2026-07-16,
[EXP] suksma - soup crackers fish giant enter house satan,presets-extra,535,,2026-07-16,
[EXP] suksma - soup crackers fish giant enter house satan environmentle phuqarsemia,presets-extra,535,,2026-07-16,
[EXP] suksma - soup crackers fish giant enter house satan environmentle phuqarsemia nz+,presets-extra,535,,2026-07-16,
[EXP] suksma - soup crackers fish giant enter house satan environmentle phuqarsemia nz+ I DO - DON'T - DO - DON'T,presets-extra,535,,2026-07-16,
[EXP] suksma - soup crackers fish giant enter house satan environmentle phuqarsemia nz+ endful depraviate,presets-extra,535,,2026-07-16,
[EXP] suksma - soup crackers fish giant enter house satan environmentle phuqarsemia nz+ eternal omniversal hopelessness,presets-extra,535,,2026-07-16,
[EXP] suksma - soup crackers fish giant enter house satan environmentle phuqarsemia nz+ mbaeltease phuqLAN,presets-extra,535,,2026-07-16,
[EXP] suksma - soup crackers fish giant enter house satan environmentle phuqarsemia nz+ neithre doth dav sylv,presets-extra,535,,2026-07-16,
[EXP] suksma - soup crackers fish giant enter house satan environmentle phuqarsemia nz+ phiqtisch,presets-extra,535,,2026-07-16,
[EXP] suksma - soup crackers fish giant enter house satan environmentle phuqarsemia nz+ phiqtisch people can't keep up with other people no matter what,presets-extra,535,,2026-07-16,
[EXP] suksma - soup crackers fish giant enter house satan environmentle phuqarsemia nz+ phuel ov hehl,presets-extra,535,,2026-07-16,
[EXP] suksma - soup crackers fish giant enter house satan environmentle phuqarsemia nz+ psuqralouse,presets-extra,535,,2026-07-16,
[EXP] suksma - spectro experiment 335,presets-extra,535,,2026-07-16,
[EXP] suksma - spectro experiment 336,presets-extra,535,,2026-07-16,
[EXP] suksma - spectro experiment 337,presets-extra,535,,2026-07-16,
[EXP] suksma - spectro experiment 337 - 2 - lucky with boars,presets-extra,535,,2026-07-16,
[EXP] suksma - spectro experiment 337 - 2 - lucky with horses,presets-extra,535,,2026-07-16,
[EXP] suksma - spectro experiment 337 - 2 - lucky with horses bennett,presets-extra,535,,2026-07-16,
[EXP] suksma - spectro experiment 337 - 2 - nonlinear ether model,presets-extra,535,,2026-07-16,
[EXP] suksma - spectro experiment 337 - 2 - nothing can help my disconnected awkward polka fantasy,presets-extra,536,,2026-07-16,
[EXP] suksma - spectro experiment 339,presets-extra,536,,2026-07-16,
[EXP] suksma - spectro experiment 339 - die suksma die,presets-extra,536,,2026-07-16,
[EXP] suksma - sphere of madness (rip witold),presets-extra,536,,2026-07-16,
[EXP] suksma - straightforward mash,presets-extra,536,,2026-07-16,
"[EXP] suksma - take note, some fear has purpose, the rest is desired",presets-extra,537,,2026-07-16,
[EXP] suksma - tall tree,presets-extra,537,,2026-07-16,
[EXP] suksma - tekhnikhal daftikult,presets-extra,537,,2026-07-16,
[EXP] suksma - tu each her own noose,presets-extra,539,,2026-07-16,
[EXP] suksma - unable to feel in control of anything,presets-extra,539,,2026-07-16,
[EXP] suksma - undead stem cpe ap4+ w5,presets-extra,539,,2026-07-16,
[EXP] suksma - unsure gss nipple` a howling what rapes you to your fuckin core,presets-extra,539,,2026-07-16,
[EXP] suksma - unsure gss nz+ w3,presets-extra,539,,2026-07-16,
[EXP] suksma - unsure gss nz+ w3 consuming weak paradigms,presets-extra,539,,2026-07-16,
[EXP] suksma - unsure gss nz+ w6,presets-extra,539,,2026-07-16,
[EXP] suksma - unsure gss nz+ w6 scaphisth,presets-extra,539,,2026-07-16,
[EXP] suksma - waxen shawls of ominknow - blow up the outside words,presets-extra,541,,2026-07-16,
[EXP] suksma - waxen shawls of ominknow - blow up the outside words2,presets-extra,541,,2026-07-16,
[EXP] suksma - waxen shawls of ominknow - enguine parroton,presets-extra,541,,2026-07-16,
[EXP] suksma - waxen shawls of ominknow - log spec mbix,presets-extra,541,,2026-07-16,
[EXP] suksma - waxen shawls of ominknow - meme cow,presets-extra,541,,2026-07-16,
[EXP] suksma - waxen shawls of ominknow - morons value wit over science,presets-extra,541,,2026-07-16,
[EXP] suksma - waxen shawls of ominknow - quail lewd,presets-extra,541,,2026-07-16,
[EXP] suksma - waxen shawls of ominknow - quail lewd texture devitalizsce,presets-extra,541,,2026-07-16,
[EXP] suksma - waxen shawls of ominknow - reputation mangling garlic rabbit,presets-extra,541,,2026-07-16,
[EXP] suksma - waxen shawls of ominknow - slob,presets-extra,541,,2026-07-16,
[EXP] suksma - waxen shawls of ominknow - the hullinger crackpipe,presets-extra,541,,2026-07-16,
[EXP] suksma - waxen shawls of ominknow - web tanglyphery,presets-extra,541,,2026-07-16,
[EXP] suksma - xenakis visuals - slug anachronaezm,presets-extra,542,,2026-07-16,
[EXP] suksma - your softness and caring all lies,presets-extra,542,,2026-07-16,
[EXP] sun fan after all this you still make fun of me,presets-extra,542,,2026-07-16,
[EXP] supplemented your story,presets-extra,543,,2026-07-16,
[EXP] sweet decay (to a point),presets-extra,543,,2026-07-16,
[EXP] swim in sweat - zen,presets-extra,543,,2026-07-16,
[EXP] swirling gopher,presets-extra,543,,2026-07-16,
[EXP] swirling gopher nz+,presets-extra,543,,2026-07-16,
[EXP] tOLL tECH - beautiful caring lover,presets-extra,543,,2026-07-16,
[EXP] tOLL tECH - krooked orkus rought mpornoe,presets-extra,543,,2026-07-16,
[EXP] tOLL tECH - last suit you'll ever dougway,presets-extra,543,,2026-07-16,
[EXP] telek + telek + telek + telek + telek + telek + telek + telek + secret police + telek + idiot247,presets-extra,543,,2026-07-16,
[EXP] telek + telek + telek + telek + telek + telek + telek + telek + secret police + telek + idiot247 roam,presets-extra,543,,2026-07-16,
[EXP] test Put_Get No1,presets-extra,543,,2026-07-16,
[EXP] test Put_Get No2,presets-extra,543,,2026-07-16,
[EXP] texture demo,presets-extra,543,,2026-07-16,
[EXP] the case for mentally directing reality is closed,presets-extra,544,,2026-07-16,
[EXP] the case for mentally directing reality is closed roam,presets-extra,544,,2026-07-16,
[EXP] the case for mentally directing reality is closed roam nz+,presets-extra,544,,2026-07-16,
[EXP] the philharmanthropionis,presets-extra,544,,2026-07-16,
[EXP] the point of life is scintillations and shinies and flashies dumb fucker followed by as little rest as possible,presets-extra,544,,2026-07-16,
[EXP] the sluttermousth phaertheng,presets-extra,544,,2026-07-16,
[EXP] the ultimate preset - last place nz+ science is dumb,presets-extra,544,,2026-07-16,
[EXP] this visual needs,presets-extra,545,,2026-07-16,
[EXP] traqul uh,presets-extra,545,,2026-07-16,
[EXP] traqul uh more neqraburgre,presets-extra,545,,2026-07-16,
[EXP] trying to lose my hair,presets-extra,545,,2026-07-16,
[EXP] tzschurplutzsch,presets-extra,546,,2026-07-16,
[EXP] uncompromising hate firehose digest pine needles nz+4,presets-extra,546,,2026-07-16,
[EXP] uncompromising hate firehose digest pine needles nz+5,presets-extra,546,,2026-07-16,
[EXP] uncompromising hate firehose digest pine needles nz+7,presets-extra,546,,2026-07-16,
"[EXP] unthought, forgot, churning in hateful vacuity",presets-extra,546,,2026-07-16,
[EXP] va ultramix2 - 389,presets-extra,552,,2026-07-16,
[EXP] va ultramix2 - 50 fingre3,presets-extra,553,,2026-07-16,
"[EXP] va ultramix2 - 50 fingre3 goni hull, the phuqin phont mbastre",presets-extra,553,,2026-07-16,
[EXP] va ultramix2 - 506,presets-extra,554,,2026-07-16,
[EXP] various - whirygig03 - flx rigidigeridoolittle' - 3 binah understanding black saturn threes,presets-extra,555,,2026-07-16,
[EXP] various - whirygig03 - flx rigidigeridoolittle' - 4 chesed mercy blue jupiter fours,presets-extra,555,,2026-07-16,
[EXP] various - whirygig03 - flx rigidigeridoolittle' - 4 chesed mercy blue jupiter fours gdy,presets-extra,555,,2026-07-16,
[EXP] various - whirygig03 - flx rigidigeridoolittle' - 5 geburah severity red mars fives,presets-extra,555,,2026-07-16,
[EXP] various - whirygig03 - flx rigidigeridoolittle' - 6 tiphereth beauty yellow sun sixes,presets-extra,555,,2026-07-16,
[EXP] various - whirygig03 - flx rigidigeridoolittle' - 6 tiphereth beauty yellow sun sixes - desmond-lugi,presets-extra,555,,2026-07-16,
[EXP] various - whirygig03 - flx rigidigeridoolittle' - another abuse of a favorite shader,presets-extra,555,,2026-07-16,
[EXP] various - whirygig03 - flx rigidigeridoolittle' - caseworker sex,presets-extra,555,,2026-07-16,
[EXP] various - whirygig03 - flx rigidigeridoolittle' - insane ten minute orgasms everyday,presets-extra,555,,2026-07-16,
[EXP] various - whirygig03 - flx rigidigeridoolittle' - more bacon burgers,presets-extra,555,,2026-07-16,
[EXP] various - whirygig03 - flx rigidigeridoolittle' - reconsidering life in terms of loving how bizarre it is - 1-ret roam3,presets-extra,555,,2026-07-16,
[EXP] various - whirygig03 - flx rigidigeridoolittle' - slobstacle,presets-extra,555,,2026-07-16,
[EXP] various - whirygig56,presets-extra,555,,2026-07-16,
[EXP] various - whirygig57,presets-extra,555,,2026-07-16,
[EXP] various - whirygig58,presets-extra,555,,2026-07-16,
[EXP] vashon island - binging on world saving ideas,presets-extra,556,,2026-07-16,
[EXP] vent iage droguethm,presets-extra,556,,2026-07-16,
[EXP] why would you do this to me - unspoken visciousness,presets-extra,557,,2026-07-16,
"[EXP] you will like wildstyle presets, you will intend, no, you must intend your seeds for them, i ate too much tonight, i get out my radiative nature through md, i'm a good listener",presets-extra,559,,2026-07-16,
"[EXP] you will like wildstyle presets, you will intend, no, you must intend your seeds for them, i ate too much tonight, i get out my radiative nature through md, i'm a good nz+",presets-extra,559,,2026-07-16,
"[EXP] you will like wildstyle presets, you will intend, no, you must intend your seeds for them, i ate too much tonight, i get out my radiative nature through md, i'm a good roam3-",presets-extra,559,,2026-07-16,
[EXP] youtube cornholio,presets-extra,559,,2026-07-16,
[EXP] zhugulore,presets-extra,559,,2026-07-16,
[EXP] zhugulore - ale E.N. can visit,presets-extra,559,,2026-07-16,
[EXP] zhugulore - ale E.N. can visit nz+,presets-extra,559,,2026-07-16,
[EXP] zhugulore - anthemed kluebaithe,presets-extra,559,,2026-07-16,
[EXP] zhugulore - constrainable doppler talon,presets-extra,559,,2026-07-16,
[EXP] zhugulore - damnable skyloins,presets-extra,559,,2026-07-16,
[EXP] zhugulore - dancing rabbit vs openfarmtech.org,presets-extra,559,,2026-07-16,
[EXP] zhugulore - darlingomat,presets-extra,559,,2026-07-16,
[EXP] zhugulore - dpt succubus,presets-extra,559,,2026-07-16,
[EXP] zhugulore - glassaxtion shonecasthe voloom,presets-extra,559,,2026-07-16,
"[EXP] zhugulore - glassaxtion shonecasthe voloom roam2-,3-",presets-extra,559,,2026-07-16,
[EXP] zhugulore - government regulated morons,presets-extra,560,,2026-07-16,
[EXP] zhugulore - government regulated morons - scoonkrove,presets-extra,560,,2026-07-16,
[EXP] zhugulore - gummy stimaginate,presets-extra,560,,2026-07-16,
[EXP] zhugulore - kollusive memberbraneth,presets-extra,560,,2026-07-16,
[EXP] zhugulore - kolumnkoulmbs,presets-extra,560,,2026-07-16,
[EXP] zhugulore - kolumnkoulmbs squeakers,presets-extra,560,,2026-07-16,
[EXP] zhugulore - loss (off switch),presets-extra,560,,2026-07-16,
[EXP] zhugulore - msoymbean kwhoickschlifer,presets-extra,560,,2026-07-16,
[EXP] zhugulore - msoymbean kwhoickschlifers roam,presets-extra,560,,2026-07-16,
[EXP] zhugulore - phrygyr,presets-extra,560,,2026-07-16,
[EXP] zhugulore - schlockbomb elation,presets-extra,560,,2026-07-16,
[EXP] zhugulore - see psyche,presets-extra,560,,2026-07-16,
[EXP] zhugulore - sheisa magick,presets-extra,560,,2026-07-16,
[EXP] zhugulore - spidre,presets-extra,560,,2026-07-16,
[EXP] zhugulore - spidre nz we will all be bleached to 2-bit,presets-extra,560,,2026-07-16,
[EXP] zhugulore - thoughtless eternal contrivance,presets-extra,560,,2026-07-16,
"[EXP] zhugulore - uh, bomb in knation",presets-extra,560,,2026-07-16,
"[EXP] zhugulore - uh, bomb in knation licentiate mike",presets-extra,560,,2026-07-16,
"[EXP] zhugulore - uh, bomb in knation licentiate mike nz+",presets-extra,560,,2026-07-16,
[EXP] zhugulore - wraipthcombinathe opthalfnordthsun,presets-extra,560,,2026-07-16,
[EXP] zhugulore - wraipthcombinathe opthalfnordthsun nz+,presets-extra,560,,2026-07-16,
[EXP] zhugulore - wraipthcombinathe opthalfnordthsun nz+ stank garden,presets-extra,560,,2026-07-16,
[EXP] zhugulore - wraipthcombinathe opthalfnordthsun roam,presets-extra,560,,2026-07-16,
[EXP] zorgoabsorbed bye ganthrusts,presets-extra,560,,2026-07-16,
